path	type	required	constraints	description
ITR.ITR2.CreationInfo.SWVersionNo	string	True	type=string, minLength=1, maxLength=10, pattern=|(\s*([\w\d_=!@#$%\^*\(\){}\[\]\|\\:;',\.\?/~`\-\+<>&][\s\w\d_=!@#$%\^*\(\){}\[\]\|\\:;',\.\?/~`\-\+<>&]*)\s*), REQUIRED	
ITR.ITR2.CreationInfo.SWCreatedBy	string	True	type=string, pattern=[S][W][0-9]{8}, REQUIRED	
ITR.ITR2.CreationInfo.JSONCreatedBy	string	True	type=string, pattern=[S][W][0-9]{8}, REQUIRED	
ITR.ITR2.CreationInfo.JSONCreationDate	string	True	type=string, pattern=([12]\d{3}-(0[1-9]|1[0-2])-(0[1-9]|[12]\d|3[01])), REQUIRED	Date in YYYY-MM-DD format on or after 2023-04-01
ITR.ITR2.CreationInfo.IntermediaryCity	string	True	type=string, minLength=1, maxLength=25, pattern=|(\s*([\w\d_=!@#$%\^*\(\){}\[\]\|\\:;',\.\?/~`\-\+<>&][\s\w\d_=!@#$%\^*\(\){}\[\]\|\\:;',\.\?/~`\-\+<>&]*)\s*), REQUIRED	
ITR.ITR2.CreationInfo.Digest	string	True	type=string, pattern=-|.{44}, REQUIRED	
ITR.ITR2.Form_ITR2.FormName	string	True	type=string, pattern=ITR-2, REQUIRED	
ITR.ITR2.Form_ITR2.Description	string	True	type=string, minLength=1, maxLength=100, pattern=|(\s*([\w\d_=!@#$%\^*\(\){}\[\]\|\\:;',\.\?/~`\-\+<>&][\s\w\d_=!@#$%\^*\(\){}\[\]\|\\:;',\.\?/~`\-\+<>&]*)\s*), REQUIRED	For Individuals and HUFs not having income from profits and gains of business or profession
ITR.ITR2.Form_ITR2.AssessmentYear	string	True	type=string, pattern=2025, REQUIRED	
ITR.ITR2.Form_ITR2.SchemaVer	string	True	type=string, minLength=1, maxLength=10, pattern=Ver1.0, REQUIRED	
ITR.ITR2.Form_ITR2.FormVer	string	True	type=string, minLength=1, maxLength=10, pattern=Ver1.0, REQUIRED	
ITR.ITR2.PartA_139_8A.PAN	string	True	type=string, pattern=[A-Z]{5}[0-9]{4}[A-Z], REQUIRED	
ITR.ITR2.PartA_139_8A.Name	string	True	type=string, maxLength=125, pattern=|(\s*([\w\d_=!@#$%\^*\(\){}\[\]\|\\:;',\.\?/~`\-\+<>&][\s\w\d_=!@#$%\^*\(\){}\[\]\|\\:;',\.\?/~`\-\+<>&]*)\s*), REQUIRED	
ITR.ITR2.PartA_139_8A.AadhaarCardNo	string	False	type=string, pattern=[0-9]{12}	
ITR.ITR2.PartA_139_8A.AssessmentYear	string	True	type=string, pattern=2025, REQUIRED	
ITR.ITR2.PartA_139_8A.PreviouslyFiledForThisAY	string	True	type=string, pattern=Y|N, REQUIRED	
ITR.ITR2.PartA_139_8A.PreviouslyFiledForThisAY_139_8A	string	False	type=string, pattern=|(\s*([\w\d_=!@#$%\^*\(\){}\[\]\|\\:;',\.\?/~`\-\+<>&][\s\w\d_=!@#$%\^*\(\){}\[\]\|\\:;',\.\?/~`\-\+<>&]*)\s*), enum=['1', '2']	1 - 139(1); 2 - Other
ITR.ITR2.PartA_139_8A.Applicable_139_8A.ITRForm	string	False	type=string, pattern=|(\s*([\w\d_=!@#$%\^*\(\){}\[\]\|\\:;',\.\?/~`\-\+<>&][\s\w\d_=!@#$%\^*\(\){}\[\]\|\\:;',\.\?/~`\-\+<>&]*)\s*), enum=['ITR1', 'ITR2', 'ITR3', 'ITR4', 'ITR5', 'ITR6', 'ITR7']	ITR1 - ITR1; ITR2 - ITR2; ITR3 - ITR3; ITR4 - ITR4; ITR5 - ITR5; ITR6 - ITR6; ITR7 - ITR7;
ITR.ITR2.PartA_139_8A.Applicable_139_8A.AcknowledgementNo	string	True	type=string, maxLength=15, pattern=[0-9]{15}, REQUIRED	Enter Acknowledgment No. of Original return
ITR.ITR2.PartA_139_8A.Applicable_139_8A.OrigRetFiledDate	string	True	type=string, pattern=([12]\d{3}-(0[1-9]|1[0-2])-(0[1-9]|[12]\d|3[01])), REQUIRED	Enter Date of filing of Original return in YYYY-MM-DD format
ITR.ITR2.PartA_139_8A.LaidOutIn_139_8A	string	True	type=string, pattern=Y|N, REQUIRED	
ITR.ITR2.PartA_139_8A.ITRFormUpdatingInc	string	True	type=string, pattern=|(\s*([\w\d_=!@#$%\^*\(\){}\[\]\|\\:;',\.\?/~`\-\+<>&][\s\w\d_=!@#$%\^*\(\){}\[\]\|\\:;',\.\?/~`\-\+<>&]*)\s*), enum=['ITR2'], REQUIRED	ITR2 - ITR2
ITR.ITR2.PartA_139_8A.UpdatingInc.ReasonsForUpdatingIncDtls[].ReasonsForUpdatingIncome	string	True	type=string, pattern=|(\s*([\w\d_=!@#$%\^*\(\){}\[\]\|\\:;',\.\?/~`\-\+<>&][\s\w\d_=!@#$%\^*\(\){}\[\]\|\\:;',\.\?/~`\-\+<>&]*)\s*), enum=['1', '2', '3', '4', '5', '6', '7', 'OTH'], REQUIRED	1 - Return previously not filed; 2 - Income not reported correctly; 3 - Wrong heads of income chosen; 4 - Reduction of carried forward loss; 5 - Reduction of unabsorbed depreciation; 6 - Reduction of tax credit u/s 115JB/115JC; 7 - Wrong rate of tax; OTH-Others
ITR.ITR2.PartA_139_8A.UpdatedReturnDuringPeriod	string	True	type=string, pattern=|(\s*([\w\d_=!@#$%\^*\(\){}\[\]\|\\:;',\.\?/~`\-\+<>&][\s\w\d_=!@#$%\^*\(\){}\[\]\|\\:;',\.\?/~`\-\+<>&]*)\s*), enum=['1', '2', '3', '4'], REQUIRED	1 - Up to 12 months from the end of Relevant Assessment Year; 2 - Between 12 to 24 Months from the end of Relevant Assessment Year; 3 - Between 24 to 36 Months from the end of Relevant Assessment Year; 4 - Between 36 to 48 Months from the end of Relevant Assessment Year
ITR.ITR2.PartA_139_8A.RetrntoRedCarriedFL.UnabsorbedDepreciation	string	True	type=string, pattern=Y|N, REQUIRED	
ITR.ITR2.PartA_139_8A.RetrntoRedCarriedFL.UDYear.UnabsorbedDepreciationYearDtls[].UnabsorbedDepreciationYear	string	True	type=string, pattern=|(\s*([\w\d_=!@#$%\^*\(\){}\[\]\|\\:;',\.\?/~`\-\+<>&][\s\w\d_=!@#$%\^*\(\){}\[\]\|\\:;',\.\?/~`\-\+<>&]*)\s*), enum=['2026', '2027'], REQUIRED	2026; 2027
ITR.ITR2.PartA_139_8A.RetrntoRedCarriedFL.UDYear.UnabsorbedDepreciationYearDtls[].RevisedReturnFile	string	False	type=string, pattern=Y|N	
ITR.ITR2.PartA_139_8A.RetrntoRedCarriedFL.UDYear.UnabsorbedDepreciationYearDtls[].UpdatedReturnFile	string	False	type=string, pattern=Y|N	
ITR.ITR2.PartB-ATI.HeadOfInc.Salaries	integer	False	type=integer, minimum=-99999999999999, maximum=99999999999999	Income from Salary
ITR.ITR2.PartB-ATI.HeadOfInc.IncomeFromHP	integer	False	type=integer, minimum=-99999999999999, maximum=99999999999999	Income from house property
ITR.ITR2.PartB-ATI.HeadOfInc.IncomeFromBP	integer	False	type=integer, minimum=-99999999999999, maximum=99999999999999	Income from Business or Profession
ITR.ITR2.PartB-ATI.HeadOfInc.IncomeFromCG	integer	False	type=integer, minimum=-99999999999999, maximum=99999999999999	Income from Capital Gains
ITR.ITR2.PartB-ATI.HeadOfInc.IncomeFromOS	integer	False	type=integer, minimum=-99999999999999, maximum=99999999999999	Income from Other Sources
ITR.ITR2.PartB-ATI.HeadOfInc.Total	integer	False	type=integer, minimum=-99999999999999, maximum=99999999999999	
ITR.ITR2.PartB-ATI.LatestTotInc	integer	False	type=integer, minimum=0, maximum=99999999999999	
ITR.ITR2.PartB-ATI.UpdatedTotInc	integer	True	type=integer, minimum=0, maximum=99999999999999, REQUIRED	
ITR.ITR2.PartB-ATI.AmtPayable	integer	True	type=integer, minimum=0, maximum=99999999999999, REQUIRED	
ITR.ITR2.PartB-ATI.AmtRefundable	integer	False	type=integer, minimum=0, maximum=99999999999999	
ITR.ITR2.PartB-ATI.LastAmtPayable	integer	False	type=integer, minimum=0, maximum=99999999999999	
ITR.ITR2.PartB-ATI.Refund	integer	False	type=integer, minimum=0, maximum=99999999999999	
ITR.ITR2.PartB-ATI.TotRefund	integer	False	type=integer, minimum=0, maximum=99999999999999	
ITR.ITR2.PartB-ATI.FeeIncUS234F	integer	True	type=integer, minimum=0, maximum=5000, REQUIRED	
ITR.ITR2.PartB-ATI.RegAssessementTAX	integer	False	type=integer, minimum=0, maximum=99999999999999	
ITR.ITR2.PartB-ATI.AggrLiabilityRefund	integer	True	type=integer, minimum=0, maximum=99999999999999, REQUIRED	
ITR.ITR2.PartB-ATI.AggrLiabilityNoRefund	integer	True	type=integer, minimum=0, maximum=99999999999999, REQUIRED	
ITR.ITR2.PartB-ATI.AddtnlIncTax	integer	True	type=integer, minimum=0, maximum=99999999999999, REQUIRED	
ITR.ITR2.PartB-ATI.NetPayable	integer	True	type=integer, minimum=0, maximum=99999999999999, REQUIRED	
ITR.ITR2.PartB-ATI.TaxUS140B	integer	True	type=integer, minimum=0, maximum=99999999999999, REQUIRED	
ITR.ITR2.PartB-ATI.TaxDue10_11	integer	True	type=integer, minimum=0, maximum=99999999999999, REQUIRED	
ITR.ITR2.PartB-ATI.ScheduleIT1.TaxPayment1.TaxPayments[].slno	integer	False	type=integer, minimum=0, maximum=99999999999999	
ITR.ITR2.PartB-ATI.ScheduleIT1.TaxPayment1.TaxPayments[].BSRCode	string	True	type=string, pattern=[0-9]{3}[0-9A-Z]{4}, REQUIRED	
ITR.ITR2.PartB-ATI.ScheduleIT1.TaxPayment1.TaxPayments[].DateDep	string	True	type=string, pattern=([12]\d{3}-(0[1-9]|1[0-2])-(0[1-9]|[12]\d|3[01])), REQUIRED	Date in YYYY-MM-DD format on or after 2022-04-01
ITR.ITR2.PartB-ATI.ScheduleIT1.TaxPayment1.TaxPayments[].SrlNoOfChaln	integer	True	type=integer, minimum=0, maximum=99999, REQUIRED	
ITR.ITR2.PartB-ATI.ScheduleIT1.TaxPayment1.TaxPayments[].Amt	integer	True	type=integer, minimum=0, maximum=99999999999999, REQUIRED	
ITR.ITR2.PartB-ATI.ScheduleIT1.Total	integer	True	type=integer, minimum=0, maximum=99999999999999, REQUIRED	
ITR.ITR2.PartB-ATI.ScheduleIT2.TaxPayment2.TaxPayments[].slno	integer	False	type=integer, minimum=0, maximum=99999999999999	
ITR.ITR2.PartB-ATI.ScheduleIT2.TaxPayment2.TaxPayments[].BSRCode	string	True	type=string, pattern=[0-9]{3}[0-9A-Z]{4}, REQUIRED	
ITR.ITR2.PartB-ATI.ScheduleIT2.TaxPayment2.TaxPayments[].DateDep	string	True	type=string, pattern=([12]\d{3}-(0[1-9]|1[0-2])-(0[1-9]|[12]\d|3[01])), REQUIRED	Date in YYYY-MM-DD format on or after 2022-04-01
ITR.ITR2.PartB-ATI.ScheduleIT2.TaxPayment2.TaxPayments[].SrlNoOfChaln	integer	True	type=integer, minimum=0, maximum=99999, REQUIRED	
ITR.ITR2.PartB-ATI.ScheduleIT2.TaxPayment2.TaxPayments[].Amt	integer	True	type=integer, minimum=0, maximum=99999999999999, REQUIRED	
ITR.ITR2.PartB-ATI.ScheduleIT2.Total	integer	True	type=integer, minimum=0, maximum=99999999999999, REQUIRED	
ITR.ITR2.PartB-ATI.ReleifUS89	integer	True	type=integer, minimum=0, maximum=99999999999999, REQUIRED	
ITR.ITR2.PartA_GEN1.PersonalInfo.AssesseeName.FirstName	string	False	type=string, maxLength=25, pattern=|(\s*([\w\d_=!@#$%\^*\(\){}\[\]\|\\:;',\.\?/~`\-\+<>&][\s\w\d_=!@#$%\^*\(\){}\[\]\|\\:;',\.\?/~`\-\+<>&]*)\s*)	
ITR.ITR2.PartA_GEN1.PersonalInfo.AssesseeName.MiddleName	string	False	type=string, maxLength=25, pattern=|(\s*([\w\d_=!@#$%\^*\(\){}\[\]\|\\:;',\.\?/~`\-\+<>&][\s\w\d_=!@#$%\^*\(\){}\[\]\|\\:;',\.\?/~`\-\+<>&]*)\s*)	
ITR.ITR2.PartA_GEN1.PersonalInfo.AssesseeName.SurNameOrOrgName	string	True	type=string, minLength=1, maxLength=75, pattern=|(\s*([\w\d_=!@#$%\^*\(\){}\[\]\|\\:;',\.\?/~`\-\+<>&][\s\w\d_=!@#$%\^*\(\){}\[\]\|\\:;',\.\?/~`\-\+<>&]*)\s*), REQUIRED	Enter Last or Sur name for Individual or HUF name here
ITR.ITR2.PartA_GEN1.PersonalInfo.PAN	string	True	type=string, pattern=[A-Z]{5}[0-9]{4}[A-Z], REQUIRED	
ITR.ITR2.PartA_GEN1.PersonalInfo.Address.ResidenceNo	string	True	type=string, minLength=1, maxLength=50, pattern=|(\s*([\w\d_=!@#$%\^*\(\){}\[\]\|\\:;',\.\?/~`\-\+<>&][\s\w\d_=!@#$%\^*\(\){}\[\]\|\\:;',\.\?/~`\-\+<>&]*)\s*), REQUIRED	
ITR.ITR2.PartA_GEN1.PersonalInfo.Address.ResidenceName	string	False	type=string, maxLength=50, pattern=|(\s*([\w\d_=!@#$%\^*\(\){}\[\]\|\\:;',\.\?/~`\-\+<>&][\s\w\d_=!@#$%\^*\(\){}\[\]\|\\:;',\.\?/~`\-\+<>&]*)\s*)	
ITR.ITR2.PartA_GEN1.PersonalInfo.Address.RoadOrStreet	string	False	type=string, maxLength=50, pattern=|(\s*([\w\d_=!@#$%\^*\(\){}\[\]\|\\:;',\.\?/~`\-\+<>&][\s\w\d_=!@#$%\^*\(\){}\[\]\|\\:;',\.\?/~`\-\+<>&]*)\s*)	
ITR.ITR2.PartA_GEN1.PersonalInfo.Address.LocalityOrArea	string	True	type=string, minLength=1, maxLength=50, pattern=|(\s*([\w\d_=!@#$%\^*\(\){}\[\]\|\\:;',\.\?/~`\-\+<>&][\s\w\d_=!@#$%\^*\(\){}\[\]\|\\:;',\.\?/~`\-\+<>&]*)\s*), REQUIRED	
ITR.ITR2.PartA_GEN1.PersonalInfo.Address.CityOrTownOrDistrict	string	True	type=string, minLength=1, maxLength=50, pattern=|(\s*([\w\d_=!@#$%\^*\(\){}\[\]\|\\:;',\.\?/~`\-\+<>&][\s\w\d_=!@#$%\^*\(\){}\[\]\|\\:;',\.\?/~`\-\+<>&]*)\s*), REQUIRED	
ITR.ITR2.PartA_GEN1.PersonalInfo.Address.StateCode	string	True	type=string, pattern=|(\s*([\w\d_=!@#$%\^*\(\){}\[\]\|\\:;',\.\?/~`\-\+<>&][\s\w\d_=!@#$%\^*\(\){}\[\]\|\\:;',\.\?/~`\-\+<>&]*)\s*), enum=['01', '02', '03', '04', '05', '06', '07', '08', '09', '10', '11', '12', '13', '14', '15', '16', '17', '18', '19', '20', '21', '22', '23', '24', '25', '26', '27…], REQUIRED	01-Andaman and Nicobar islands; 02-Andhra Pradesh; 03-Arunachal Pradesh; 04-Assam; 05-Bihar; 06-Chandigarh; 07-Dadra Nagar and Haveli; 08-Daman and Diu; 09- Delhi; 10- Goa; 11-Gujarat; 12- Haryana; 13- Himachal Pradesh; 14-Jammu and Kashmir; 15- Karnataka; 16- Kerala; 17- Lakshadweep; 18-Madhya Pradesh; 19-Maharashtra; 20-Manipur; 21-meghalaya; 22-Mizoram; 23-Nagaland; 24- Odisha; 25- Puducherry; 26- Punjab; 27-Rajasthan; 28- Sikkim; 29-Tamil Nadu; 30- Tripura; 31-Uttar Pradesh; 32- West Bengal; 33- Chhattisgarh; 34- Uttarakhand; 35- Jharkhand; 36- Telangana; 37- Ladakh; 99- Foreign
ITR.ITR2.PartA_GEN1.PersonalInfo.Address.CountryCode	string	True	type=string, pattern=|(\s*([\w\d_=!@#$%\^*\(\){}\[\]\|\\:;',\.\?/~`\-\+<>&][\s\w\d_=!@#$%\^*\(\){}\[\]\|\\:;',\.\?/~`\-\+<>&]*)\s*), enum=['93', '1001', '355', '213', '684', '376', '244', '1264', '1010', '1268', '54', '374', '297', '61', '43', '994', '1242', '973', '880', '1246', '375', '32', '501…], REQUIRED	93:AFGHANISTAN; 1001:ÅLAND ISLANDS; 355:ALBANIA; 213:ALGERIA; 684:AMERICAN SAMOA; 376:ANDORRA; 244:ANGOLA; 1264:ANGUILLA; 1010:ANTARCTICA; 1268:ANTIGUA AND BARBUDA; 54:ARGENTINA; 374:ARMENIA; 297:ARUBA; 61:AUSTRALIA; 43:AUSTRIA; 994:AZERBAIJAN; 1242:BAHAMAS; 973:BAHRAIN; 880:BANGLADESH; 1246:BARBADOS; 375:BELARUS; 32:BELGIUM; 501:BELIZE; 229:BENIN; 1441:BERMUDA; 975:BHUTAN; 591:BOLIVIA (PLURINATIONAL STATE OF); 1002:BONAIRE, SINT EUSTATIUS AND SABA; 387:BOSNIA AND HERZEGOVINA; 267:BOTSWANA; 1003:BOUVET ISLAND; 55:BRAZIL; 1014:BRITISH INDIAN OCEAN TERRITORY; 673:BRUNEI DARUSSALAM; 359:BULGARIA; 226: BURKINA FASO; 257:BURUNDI; 238:CABO VERDE; 855:CAMBODIA; 237:CAMEROON; 1:CANADA; 1345:CAYMAN ISLANDS; 236:CENTRAL AFRICAN REPUBLIC; 235:CHAD; 56:CHILE; 86:CHINA; 9:CHRISTMAS ISLAND; 672:COCOS (KEELING) ISLANDS; 57:COLOMBIA; 270:COMOROS; 242:CONGO; 243:CONGO (DEMOCRATIC REPUBLIC OF THE); 682:COOK ISLANDS; 506:COSTA RICA; 225:CÔTE D'IVOIRE; 385:CROATIA; 53:CUBA; 1015:CURAÇAO; 357:CYPRUS; 420:CZECHIA; 45:DENMARK; 253:DJIBOUTI; 1767:DOMINICA; 1809:DOMINICAN REPUBLIC; 593:ECUADOR; 20:EGYPT; 503:EL SALVADOR; 240:EQUATORIAL GUINEA; 291:ERITREA; 372:ESTONIA; 251:ETHIOPIA; 500:FALKLAND ISLANDS (MALVINAS); 298:FAROE ISLANDS; 679:FIJI; 358:FINLAND; 33:FRANCE; 594:FRENCH GUIANA; 689:FRENCH POLYNESIA; 1004:FRENCH SOUTHERN TERRITORIES; 241:GABON; 220:GAMBIA; 995:GEORGIA; 49:GERMANY; 233:GHANA; 350:GIBRALTAR; 30:GREECE; 299:GREENLAND; 1473:GRENADA; 590:GUADELOUPE; 1671:GUAM; 502:GUATEMALA; 1481:GUERNSEY; 224:GUINEA; 245:GUINEA-BISSAU; 592:GUYANA; 509:HAITI; 1005:HEARD ISLAND AND MCDONALD ISLANDS; 6:HOLY SEE; 504:HONDURAS; 852:HONG KONG; 36:HUNGARY; 354:ICELAND; 91:INDIA; 62:INDONESIA; 98:IRAN (ISLAMIC REPUBLIC OF); 964:IRAQ; 353:IRELAND; 1624:ISLE OF MAN; 972:ISRAEL; 5:ITALY; 1876:JAMAICA; 81:JAPAN; 1534:JERSEY; 962:JORDAN; 7:KAZAKHSTAN; 254:KENYA; 686:KIRIBATI; 850:KOREA(DEMOCRATIC PEOPLE'S REPUBLIC OF); 82:KOREA (REPUBLIC OF); 965:KUWAIT; 996:KYRGYZSTAN; 856:LAO PEOPLE'S DEMOCRATIC REPUBLIC; 371:LATVIA; 961:LEBANON; 266:LESOTHO; 231:LIBERIA; 218:LIBYA; 423:LIECHTENSTEIN; 370:LITHUANIA; 352:LUXEMBOURG; 853:MACAO; 389:MACEDONIA(THE FORMER YUGOSLAV REPUBLIC OF); 261:MADAGASCAR; 265:MALAWI; 60:MALAYSIA; 960:MALDIVES; 223:MALI; 356:MALTA; 692:MARSHALL ISLANDS; 596:MARTINIQUE; 222:MAURITANIA; 230:MAURITIUS; 269:MAYOTTE; 52:MEXICO; 691:MICRONESIA (FEDERATED STATES OF); 373:MOLDOVA (REPUBLIC OF); 377:MONACO; 976:MONGOLIA; 382:MONTENEGRO; 1664:MONTSERRAT; 212:MOROCCO; 258:MOZAMBIQUE; 95:MYANMAR; 264:NAMIBIA; 674:NAURU; 977:NEPAL; 31:NETHERLANDS; 687:NEW CALEDONIA; 64:NEW ZEALAND; 505:NICARAGUA; 227:NIGER; 234:NIGERIA; 683:NIUE; 15:NORFOLK ISLAND; 1670:NORTHERN MARIANA ISLANDS; 47:NORWAY; 968:OMAN; 92:PAKISTAN; 680:PALAU; 970:PALESTINE, STATE OF; 507:PANAMA; 675:PAPUA NEW GUINEA; 595:PARAGUAY; 51:PERU; 63:PHILIPPINES; 1011:PITCAIRN; 48:POLAND; 14:PORTUGAL; 1787:PUERTO RICO; 974:QATAR; 262:RÉUNION; 40:ROMANIA; 8:RUSSIAN FEDERATION; 250:RWANDA; 1006:SAINT BARTHÉLEMY; 290: SAINT HELENA, ASCENSION AND TRISTAN DA CUNHA; 1869:SAINT KITTS AND NEVIS; 1758:SAINT LUCIA; 1007:SAINT MARTIN (FRENCH PART); 508:SAINT PIERRE AND MIQUELON; 1784:SAINT VINCENT AND THE GRENADINES; 685:SAMOA; 378:SAN MARINO; 239:SAO TOME AND PRINCIPE; 966:SAUDI ARABIA; 221:SENEGAL; 381:SERBIA; 248:SEYCHELLES; 232:SIERRA LEONE; 65:SINGAPORE; 1721:SINT MAARTEN (DUTCH PART); 421:SLOVAKIA; 386:SLOVENIA; 677:SOLOMON ISLANDS; 252:SOMALIA; 28:SOUTH AFRICA; 1008:SOUTH GEORGIA AND THE SOUTH SANDWICH ISLANDS; 211:SOUTH SUDAN; 35:SPAIN; 94:SRI LANKA; 249:SUDAN; 597:SURINAME; 1012:SVALBARD AND JAN MAYEN; 268:SWAZILAND; 46:SWEDEN; 41:SWITZERLAND; 963:SYRIAN ARAB REPUBLIC; 886:TAIWAN; 992:TAJIKISTAN; 255:TANZANIA, UNITED REPUBLIC OF; 66:THAILAND; 670:TIMOR-LESTE (EAST TIMOR); 228:TOGO; 690:TOKELAU; 676:TONGA; 1868:TRINIDAD AND TOBAGO; 216:TUNISIA; 90:TURKEY; 993:TURKMENISTAN; 1649:TURKS AND CAICOS ISLANDS; 688:TUVALU; 256:UGANDA; 380:UKRAINE; 971:UNITED ARAB EMIRATES; 44:UNITED KINGDOM OF GREAT BRITAIN AND NORTHERN IRELAND; 2:UNITED STATES OF AMERICA; 1009:UNITED STATES MINOR OUTLYING ISLANDS; 598:URUGUAY; 998:UZBEKISTAN; 678:VANUATU; 58:VENEZUELA (BOLIVARIAN REPUBLIC OF); 84:VIET NAM; 1284:VIRGIN ISLANDS (BRITISH); 1340:VIRGIN ISLANDS (U.S.); 681:WALLIS AND FUTUNA; 1013:WESTERN SAHARA; 967:YEMEN; 260:ZAMBIA; 263:ZIMBABWE; 9999:OTHERS
ITR.ITR2.PartA_GEN1.PersonalInfo.Address.PinCode	integer	False	type=integer, minimum=100000, maximum=999999, pattern=[1-9]{1}[0-9]{5}	
ITR.ITR2.PartA_GEN1.PersonalInfo.Address.ZipCode	string	False	type=string, maxLength=8, pattern=|(\s*([\w\d_=!@#$%\^*\(\){}\[\]\|\\:;',\.\?/~`\-\+<>&][\s\w\d_=!@#$%\^*\(\){}\[\]\|\\:;',\.\?/~`\-\+<>&]*)\s*)	
ITR.ITR2.PartA_GEN1.PersonalInfo.Address.Phone.STDcode	integer	True	type=integer, minimum=0, maximum=99999, REQUIRED	
ITR.ITR2.PartA_GEN1.PersonalInfo.Address.Phone.PhoneNo	string	True	type=string, pattern=[0-9]{1,10}, REQUIRED	
ITR.ITR2.PartA_GEN1.PersonalInfo.Address.CountryCodeMobile	integer	True	type=integer, pattern=[0-9]{1,5}, REQUIRED	
ITR.ITR2.PartA_GEN1.PersonalInfo.Address.MobileNo	integer	True	type=integer, pattern=[1-9]{1}[0-9]{9}|[1-9]{1}[0-9]{4,9}, REQUIRED	
ITR.ITR2.PartA_GEN1.PersonalInfo.Address.CountryCodeMobileNoSec	integer	False	type=integer, pattern=[0-9]{1,5}	
ITR.ITR2.PartA_GEN1.PersonalInfo.Address.MobileNoSec	integer	False	type=integer, pattern=[1-9]{1}[0-9]{9}|[1-9]{1}[0-9]{4,9}	
ITR.ITR2.PartA_GEN1.PersonalInfo.Address.EmailAddress	string	True	type=string, minLength=1, maxLength=125, pattern=([\.a-zA-Z0-9_\-])+@([a-zA-Z0-9_\-])+(([a-zA-Z0-9_\-])*\.([a-zA-Z0-9_\-])+)+, REQUIRED	
ITR.ITR2.PartA_GEN1.PersonalInfo.Address.EmailAddressSec	string	False	type=string, maxLength=125, pattern=([\.a-zA-Z0-9_\-])+@([a-zA-Z0-9_\-])+(([a-zA-Z0-9_\-])*\.([a-zA-Z0-9_\-])+)+	
ITR.ITR2.PartA_GEN1.PersonalInfo.DOB	string	True	type=string, pattern=([12]\d{3}-(0[1-9]|1[0-2])-(0[1-9]|[12]\d|3[01])), REQUIRED	Date of birth of Assessee - On or before 2025-03-31
ITR.ITR2.PartA_GEN1.PersonalInfo.Status	string	True	type=string, enum=['I', 'H'], REQUIRED	I - Individual; H - HUF
ITR.ITR2.PartA_GEN1.PersonalInfo.AadhaarCardNo	string	False	type=string, pattern=[0-9]{12}	
ITR.ITR2.PartA_GEN1.FilingStatus.ReturnFileSec	integer	True	type=integer, minimum=11, maximum=21, enum=[11, 12, 13, 14, 16, 17, 18, 19, 20, 21], REQUIRED	11 - 139(1)-On or before due date; 12 - 139(4)-After due date; 13 - 142(1); 14 - 148;16 : 153C; 17 - 139(5)-Revised Return; 18 - 139(9); 19 - 92CD-Modified return; 20 - 119(2)(b)-after condonation of delay; 21 - 139(8A)-Updated Return
ITR.ITR2.PartA_GEN1.FilingStatus.OptOutNewTaxRegime	string	True	type=string, pattern=Y|N, REQUIRED	
ITR.ITR2.PartA_GEN1.FilingStatus.SeventhProvisio139	string	True	type=string, pattern=Y|N, REQUIRED	
ITR.ITR2.PartA_GEN1.FilingStatus.DepAmtAggAmtExcd1CrPrYrFlg	string	False	type=string, pattern=Y|N	
ITR.ITR2.PartA_GEN1.FilingStatus.AmtSeventhProvisio139i	integer	False	type=integer, minimum=10000000, maximum=99999999999999	
ITR.ITR2.PartA_GEN1.FilingStatus.IncrExpAggAmt2LkTrvFrgnCntryFlg	string	False	type=string, pattern=Y|N	
ITR.ITR2.PartA_GEN1.FilingStatus.AmtSeventhProvisio139ii	integer	False	type=integer, minimum=200000, maximum=99999999999999	
ITR.ITR2.PartA_GEN1.FilingStatus.IncrExpAggAmt1LkElctrctyPrYrFlg	string	False	type=string, pattern=Y|N	
ITR.ITR2.PartA_GEN1.FilingStatus.AmtSeventhProvisio139iii	integer	False	type=integer, minimum=100000, maximum=99999999999999	
ITR.ITR2.PartA_GEN1.FilingStatus.clauseiv7provisio139i	string	False	type=string, pattern=Y|N	
ITR.ITR2.PartA_GEN1.FilingStatus.clauseiv7provisio139iDtls[].clauseiv7provisio139iNature	string	True	type=string, enum=['1', '2'], REQUIRED	1 - the aggregate of tax deducted at source and tax collected at source during the previous year, in the case of the person, is twenty-five thousand rupees (fifty-thousand for resident senior citizen) or more; 2 - The deposit in one or more savings bank account of the person, in aggregate, is fifty lakh rupees or more, in the previous year
ITR.ITR2.PartA_GEN1.FilingStatus.clauseiv7provisio139iDtls[].clauseiv7provisio139iAmount	integer	True	type=integer, minimum=0, maximum=99999999999999, REQUIRED	
ITR.ITR2.PartA_GEN1.FilingStatus.NoticeNo	string	False	type=string, maxLength=100, pattern=|(\s*([\w\d_=!@#$%\^*\(\){}\[\]\|\\:;',\.\?/~`\-\+<>&][\s\w\d_=!@#$%\^*\(\){}\[\]\|\\:;',\.\?/~`\-\+<>&]*)\s*)	
ITR.ITR2.PartA_GEN1.FilingStatus.NoticeDate	string	False	type=string, pattern=([12]\d{3}-(0[1-9]|1[0-2])-(0[1-9]|[12]\d|3[01]))	Enter date when the notice was issued to the assessee in YYYY-MM-DD format
ITR.ITR2.PartA_GEN1.FilingStatus.ReceiptNo	string	False	type=string, pattern=[0-9]{15}	Enter Acknowledgment No. of Original return
ITR.ITR2.PartA_GEN1.FilingStatus.OrigRetFiledDate	string	False	type=string, pattern=([12]\d{3}-(0[1-9]|1[0-2])-(0[1-9]|[12]\d|3[01]))	Enter Date of filing of Original return in YYYY-MM-DD format
ITR.ITR2.PartA_GEN1.FilingStatus.ResidentialStatus	string	True	type=string, pattern=|(\s*([\w\d_=!@#$%\^*\(\){}\[\]\|\\:;',\.\?/~`\-\+<>&][\s\w\d_=!@#$%\^*\(\){}\[\]\|\\:;',\.\?/~`\-\+<>&]*)\s*), enum=['RES', 'NRI', 'NOR'], REQUIRED	RES - Resident; NRI - Non Resident; NOR - Resident but not Ordinarily resident
ITR.ITR2.PartA_GEN1.FilingStatus.ConditionsResStatus	string	False	type=string, pattern=|(\s*([\w\d_=!@#$%\^*\(\){}\[\]\|\\:;',\.\?/~`\-\+<>&][\s\w\d_=!@#$%\^*\(\){}\[\]\|\\:;',\.\?/~`\-\+<>&]*)\s*), enum=['1', '2', '3', '4', '5', '6', '7', '8', '9']	1 : You were in India for 182 days or more during the previous year [section 6(1)(a)]; 2 : You were in India for 60 days or more during the previous year, and have been in India for 365 days or more within the 4 preceding years [section (6)(1)(c)] [where Explanation 1 is not applicable]; 3 : You have been a non-resident in India in 9 out of 10 preceding years [section 6(6)(a)]; 4 : You have been in India for 729 days or less during the 7 preceding years [section 6(6)(a)]; 5 : You were a non-resident during the previous year; 6 : You are a citizen of India or person of Indian origin, who comes on a visit to India, having total income, other than the income from foreign sources, exceeding Rs. 15 lakh and have been in India for 120 days or more but less than 182 days during the previous year [section 6(6)(c)]; 7 : You are a citizen of India having total income, other than the income from foreign sources, exceeding Rs. 15 lakh during the previous year and not liable to tax in any other country or territory by reason of your domicile or residence or any other criteria of similar nature [section 6(6)(d) rws 6(1A)]; 8 : You are a citizen of India, who left India, for the purpose of employment, as a member of the crew of an Indian ship and were in India for 182 days or more during the previous year and 365 days or more within the preceding 4 years [Explanation 1(a) of section (6)(1)(c)]; 9 : You are a citizen of India or a person of Indian origin and have come on a visit to India during the previous year and were in India for a) 182 days or more during the previous year and 365 days or more within the preceding 4 years; or b) 120 days or more during the previous year and 365 days or more within the preceding 4 years if the total income, other than income from foreign sources, exceeds Rs. 15 lakh. [Explanation 1(b) of section (6)(1)(c)]
ITR.ITR2.PartA_GEN1.FilingStatus.JurisdictionResPrevYr.JurisdictionResPrevYrDtls[].JurisdictionResidence	string	True	type=string, pattern=|(\s*([\w\d_=!@#$%\^*\(\){}\[\]\|\\:;',\.\?/~`\-\+<>&][\s\w\d_=!@#$%\^*\(\){}\[\]\|\\:;',\.\?/~`\-\+<>&]*)\s*), enum=['93', '1001', '355', '213', '684', '376', '244', '1264', '1010', '1268', '54', '374', '297', '61', '43', '994', '1242', '973', '880', '1246', '375', '32', '501…], REQUIRED	93:AFGHANISTAN; 1001:ÅLAND ISLANDS; 355:ALBANIA; 213:ALGERIA; 684:AMERICAN SAMOA; 376:ANDORRA; 244:ANGOLA; 1264:ANGUILLA; 1010:ANTARCTICA; 1268:ANTIGUA AND BARBUDA; 54:ARGENTINA; 374:ARMENIA; 297:ARUBA; 61:AUSTRALIA; 43:AUSTRIA; 994:AZERBAIJAN; 1242:BAHAMAS; 973:BAHRAIN; 880:BANGLADESH; 1246:BARBADOS; 375:BELARUS; 32:BELGIUM; 501:BELIZE; 229:BENIN; 1441:BERMUDA; 975:BHUTAN; 591:BOLIVIA (PLURINATIONAL STATE OF); 1002:BONAIRE, SINT EUSTATIUS AND SABA; 387:BOSNIA AND HERZEGOVINA; 267:BOTSWANA; 1003:BOUVET ISLAND; 55:BRAZIL; 1014:BRITISH INDIAN OCEAN TERRITORY; 673:BRUNEI DARUSSALAM; 359:BULGARIA; 226: BURKINA FASO; 257:BURUNDI; 238:CABO VERDE; 855:CAMBODIA; 237:CAMEROON; 1:CANADA; 1345:CAYMAN ISLANDS; 236:CENTRAL AFRICAN REPUBLIC; 235:CHAD; 56:CHILE; 86:CHINA; 9:CHRISTMAS ISLAND; 672:COCOS (KEELING) ISLANDS; 57:COLOMBIA; 270:COMOROS; 242:CONGO; 243:CONGO (DEMOCRATIC REPUBLIC OF THE); 682:COOK ISLANDS; 506:COSTA RICA; 225:CÔTE D'IVOIRE; 385:CROATIA; 53:CUBA; 1015:CURAÇAO; 357:CYPRUS; 420:CZECHIA; 45:DENMARK; 253:DJIBOUTI; 1767:DOMINICA; 1809:DOMINICAN REPUBLIC; 593:ECUADOR; 20:EGYPT; 503:EL SALVADOR; 240:EQUATORIAL GUINEA; 291:ERITREA; 372:ESTONIA; 251:ETHIOPIA; 500:FALKLAND ISLANDS (MALVINAS); 298:FAROE ISLANDS; 679:FIJI; 358:FINLAND; 33:FRANCE; 594:FRENCH GUIANA; 689:FRENCH POLYNESIA; 1004:FRENCH SOUTHERN TERRITORIES; 241:GABON; 220:GAMBIA; 995:GEORGIA; 49:GERMANY; 233:GHANA; 350:GIBRALTAR; 30:GREECE; 299:GREENLAND; 1473:GRENADA; 590:GUADELOUPE; 1671:GUAM; 502:GUATEMALA; 1481:GUERNSEY; 224:GUINEA; 245:GUINEA-BISSAU; 592:GUYANA; 509:HAITI; 1005:HEARD ISLAND AND MCDONALD ISLANDS; 6:HOLY SEE; 504:HONDURAS; 852:HONG KONG; 36:HUNGARY; 354:ICELAND; 62:INDONESIA; 98:IRAN (ISLAMIC REPUBLIC OF); 964:IRAQ; 353:IRELAND; 1624:ISLE OF MAN; 972:ISRAEL; 5:ITALY; 1876:JAMAICA; 81:JAPAN; 1534:JERSEY; 962:JORDAN; 7:KAZAKHSTAN; 254:KENYA; 686:KIRIBATI; 850:KOREA(DEMOCRATIC PEOPLE'S REPUBLIC OF); 82:KOREA (REPUBLIC OF); 965:KUWAIT; 996:KYRGYZSTAN; 856:LAO PEOPLE'S DEMOCRATIC REPUBLIC; 371:LATVIA; 961:LEBANON; 266:LESOTHO; 231:LIBERIA; 218:LIBYA; 423:LIECHTENSTEIN; 370:LITHUANIA; 352:LUXEMBOURG; 853:MACAO; 389:MACEDONIA(THE FORMER YUGOSLAV REPUBLIC OF); 261:MADAGASCAR; 265:MALAWI; 60:MALAYSIA; 960:MALDIVES; 223:MALI; 356:MALTA; 692:MARSHALL ISLANDS; 596:MARTINIQUE; 222:MAURITANIA; 230:MAURITIUS; 269:MAYOTTE; 52:MEXICO; 691:MICRONESIA (FEDERATED STATES OF); 373:MOLDOVA (REPUBLIC OF); 377:MONACO; 976:MONGOLIA; 382:MONTENEGRO; 1664:MONTSERRAT; 212:MOROCCO; 258:MOZAMBIQUE; 95:MYANMAR; 264:NAMIBIA; 674:NAURU; 977:NEPAL; 31:NETHERLANDS; 687:NEW CALEDONIA; 64:NEW ZEALAND; 505:NICARAGUA; 227:NIGER; 234:NIGERIA; 683:NIUE; 15:NORFOLK ISLAND; 1670:NORTHERN MARIANA ISLANDS; 47:NORWAY; 968:OMAN; 92:PAKISTAN; 680:PALAU; 970:PALESTINE, STATE OF; 507:PANAMA; 675:PAPUA NEW GUINEA; 595:PARAGUAY; 51:PERU; 63:PHILIPPINES; 1011:PITCAIRN; 48:POLAND; 14:PORTUGAL; 1787:PUERTO RICO; 974:QATAR; 262:RÉUNION; 40:ROMANIA; 8:RUSSIAN FEDERATION; 250:RWANDA; 1006:SAINT BARTHÉLEMY; 290: SAINT HELENA, ASCENSION AND TRISTAN DA CUNHA; 1869:SAINT KITTS AND NEVIS; 1758:SAINT LUCIA; 1007:SAINT MARTIN (FRENCH PART); 508:SAINT PIERRE AND MIQUELON; 1784:SAINT VINCENT AND THE GRENADINES; 685:SAMOA; 378:SAN MARINO; 239:SAO TOME AND PRINCIPE; 966:SAUDI ARABIA; 221:SENEGAL; 381:SERBIA; 248:SEYCHELLES; 232:SIERRA LEONE; 65:SINGAPORE; 1721:SINT MAARTEN (DUTCH PART); 421:SLOVAKIA; 386:SLOVENIA; 677:SOLOMON ISLANDS; 252:SOMALIA; 28:SOUTH AFRICA; 1008:SOUTH GEORGIA AND THE SOUTH SANDWICH ISLANDS; 211:SOUTH SUDAN; 35:SPAIN; 94:SRI LANKA; 249:SUDAN; 597:SURINAME; 1012:SVALBARD AND JAN MAYEN; 268:SWAZILAND; 46:SWEDEN; 41:SWITZERLAND; 963:SYRIAN ARAB REPUBLIC; 886:TAIWAN; 992:TAJIKISTAN; 255:TANZANIA, UNITED REPUBLIC OF; 66:THAILAND; 670:TIMOR-LESTE (EAST TIMOR); 228:TOGO; 690:TOKELAU; 676:TONGA; 1868:TRINIDAD AND TOBAGO; 216:TUNISIA; 90:TURKEY; 993:TURKMENISTAN; 1649:TURKS AND CAICOS ISLANDS; 688:TUVALU; 256:UGANDA; 380:UKRAINE; 971:UNITED ARAB EMIRATES; 44:UNITED KINGDOM OF GREAT BRITAIN AND NORTHERN IRELAND; 2:UNITED STATES OF AMERICA; 1009:UNITED STATES MINOR OUTLYING ISLANDS; 598:URUGUAY; 998:UZBEKISTAN; 678:VANUATU; 58:VENEZUELA (BOLIVARIAN REPUBLIC OF); 84:VIET NAM; 1284:VIRGIN ISLANDS (BRITISH); 1340:VIRGIN ISLANDS (U.S.); 681:WALLIS AND FUTUNA; 1013:WESTERN SAHARA; 967:YEMEN; 260:ZAMBIA; 263:ZIMBABWE; 9999:OTHERS; 9998:Not Applicable (Not Resident in any Country)
ITR.ITR2.PartA_GEN1.FilingStatus.JurisdictionResPrevYr.JurisdictionResPrevYrDtls[].TIN	string	True	type=string, minLength=1, maxLength=75, pattern=|(\s*([\w\d_=!@#$%\^*\(\){}\[\]\|\\:;',\.\?/~`\-\+<>&][\s\w\d_=!@#$%\^*\(\){}\[\]\|\\:;',\.\?/~`\-\+<>&]*)\s*), REQUIRED	
ITR.ITR2.PartA_GEN1.FilingStatus.TotalPrStayIndiaPrevYr	integer	False	type=integer, minimum=0, maximum=365	
ITR.ITR2.PartA_GEN1.FilingStatus.TotalPrStayIndia4PrecYr	integer	False	type=integer, minimum=0, maximum=1461	
ITR.ITR2.PartA_GEN1.FilingStatus.BenefitUs115HFlg	string	False	type=string, pattern=|(\s*([\w\d_=!@#$%\^*\(\){}\[\]\|\\:;',\.\?/~`\-\+<>&][\s\w\d_=!@#$%\^*\(\){}\[\]\|\\:;',\.\?/~`\-\+<>&]*)\s*), enum=['Y', 'N']	Y-YES; N-NO
ITR.ITR2.PartA_GEN1.FilingStatus.AsseseeRepFlg	string	False	type=string, pattern=|(\s*([\w\d_=!@#$%\^*\(\){}\[\]\|\\:;',\.\?/~`\-\+<>&][\s\w\d_=!@#$%\^*\(\){}\[\]\|\\:;',\.\?/~`\-\+<>&]*)\s*), enum=['Y', 'N']	Y - Yes; N - No
ITR.ITR2.PartA_GEN1.FilingStatus.AssesseeRep.RepName	string	True	type=string, minLength=1, maxLength=125, pattern=|(\s*([\w\d_=!@#$%\^*\(\){}\[\]\|\\:;',\.\?/~`\-\+<>&][\s\w\d_=!@#$%\^*\(\){}\[\]\|\\:;',\.\?/~`\-\+<>&]*)\s*), REQUIRED	
ITR.ITR2.PartA_GEN1.FilingStatus.AssesseeRep.RepCapacity	string	True	type=string, pattern=|(\s*([\w\d_=!@#$%\^*\(\){}\[\]\|\\:;',\.\?/~`\-\+<>&][\s\w\d_=!@#$%\^*\(\){}\[\]\|\\:;',\.\?/~`\-\+<>&]*)\s*), enum=['L', 'M', 'G', 'O'], REQUIRED	L - Legal Heir; M - Manager; G - Guardian; O - Other
ITR.ITR2.PartA_GEN1.FilingStatus.AssesseeRep.RepAddress	string	True	type=string, minLength=1, maxLength=250, pattern=|(\s*([\w\d_=!@#$%\^*\(\){}\[\]\|\\:;',\.\?/~`\-\+<>&][\s\w\d_=!@#$%\^*\(\){}\[\]\|\\:;',\.\?/~`\-\+<>&]*)\s*), REQUIRED	
ITR.ITR2.PartA_GEN1.FilingStatus.AssesseeRep.RepPAN	string	True	type=string, pattern=[A-Z]{5}[0-9]{4}[A-Z], REQUIRED	
ITR.ITR2.PartA_GEN1.FilingStatus.AssesseeRep.RepAadhaar	string	False	type=string, pattern=[0-9]{12}	
ITR.ITR2.PartA_GEN1.FilingStatus.PortugeseCC5A	string	False	type=string, pattern=|(\s*([\w\d_=!@#$%\^*\(\){}\[\]\|\\:;',\.\?/~`\-\+<>&][\s\w\d_=!@#$%\^*\(\){}\[\]\|\\:;',\.\?/~`\-\+<>&]*)\s*), enum=['Y', 'N']	Y - Yes; N - No
ITR.ITR2.PartA_GEN1.FilingStatus.FiiFpiFlag	string	True	type=string, pattern=|(\s*([\w\d_=!@#$%\^*\(\){}\[\]\|\\:;',\.\?/~`\-\+<>&][\s\w\d_=!@#$%\^*\(\){}\[\]\|\\:;',\.\?/~`\-\+<>&]*)\s*), enum=['Y', 'N'], REQUIRED	Whether you are an FII/FPI?; Y - Yes; N - No
ITR.ITR2.PartA_GEN1.FilingStatus.SebiRegnNo	string	False	type=string, pattern=IN[a-zA-Z]{2}FP[0-9]{6}	if above field is selected as yes, provide SEBI Registration Number.
ITR.ITR2.PartA_GEN1.FilingStatus.CompDirectorPrvYrFlg	string	False	type=string, pattern=|(\s*([\w\d_=!@#$%\^*\(\){}\[\]\|\\:;',\.\?/~`\-\+<>&][\s\w\d_=!@#$%\^*\(\){}\[\]\|\\:;',\.\?/~`\-\+<>&]*)\s*), enum=['Y', 'N']	Y - Yes; N - No
ITR.ITR2.PartA_GEN1.FilingStatus.CompDirectorPrvYr.CompDirectorPrvYrDtls[].NameOfCompany	string	True	type=string, minLength=1, maxLength=125, pattern=|(\s*([\w\d_=!@#$%\^*\(\){}\[\]\|\\:;',\.\?/~`\-\+<>&][\s\w\d_=!@#$%\^*\(\){}\[\]\|\\:;',\.\?/~`\-\+<>&]*)\s*), REQUIRED	
ITR.ITR2.PartA_GEN1.FilingStatus.CompDirectorPrvYr.CompDirectorPrvYrDtls[].CompanyType	string	True	type=string, pattern=|(\s*([\w\d_=!@#$%\^*\(\){}\[\]\|\\:;',\.\?/~`\-\+<>&][\s\w\d_=!@#$%\^*\(\){}\[\]\|\\:;',\.\?/~`\-\+<>&]*)\s*), enum=['D', 'F'], REQUIRED	D - Domestic; F - Foreign
ITR.ITR2.PartA_GEN1.FilingStatus.CompDirectorPrvYr.CompDirectorPrvYrDtls[].PAN	string	False	type=string, pattern=[A-Z]{5}[0-9]{4}[A-Z]	
ITR.ITR2.PartA_GEN1.FilingStatus.CompDirectorPrvYr.CompDirectorPrvYrDtls[].SharesTypes	string	True	type=string, pattern=|(\s*([\w\d_=!@#$%\^*\(\){}\[\]\|\\:;',\.\?/~`\-\+<>&][\s\w\d_=!@#$%\^*\(\){}\[\]\|\\:;',\.\?/~`\-\+<>&]*)\s*), enum=['L', 'U'], REQUIRED	L - Listed; U - Unlisted
ITR.ITR2.PartA_GEN1.FilingStatus.CompDirectorPrvYr.CompDirectorPrvYrDtls[].DIN	string	False	type=string, pattern=[0-9]{8}	
ITR.ITR2.PartA_GEN1.FilingStatus.HeldUnlistedEqShrPrYrFlg	string	True	type=string, pattern=|(\s*([\w\d_=!@#$%\^*\(\){}\[\]\|\\:;',\.\?/~`\-\+<>&][\s\w\d_=!@#$%\^*\(\){}\[\]\|\\:;',\.\?/~`\-\+<>&]*)\s*), enum=['Y', 'N'], REQUIRED	Y - Yes; N - No
ITR.ITR2.PartA_GEN1.FilingStatus.HeldUnlistedEqShrPrYr.HeldUnlistedEqShrPrYrDtls[].NameOfCompany	string	True	type=string, minLength=1, maxLength=125, pattern=|(\s*([\w\d_=!@#$%\^*\(\){}\[\]\|\\:;',\.\?/~`\-\+<>&][\s\w\d_=!@#$%\^*\(\){}\[\]\|\\:;',\.\?/~`\-\+<>&]*)\s*), REQUIRED	
ITR.ITR2.PartA_GEN1.FilingStatus.HeldUnlistedEqShrPrYr.HeldUnlistedEqShrPrYrDtls[].CompanyType	string	True	type=string, pattern=|(\s*([\w\d_=!@#$%\^*\(\){}\[\]\|\\:;',\.\?/~`\-\+<>&][\s\w\d_=!@#$%\^*\(\){}\[\]\|\\:;',\.\?/~`\-\+<>&]*)\s*), enum=['D', 'F'], REQUIRED	D - Domestic; F - Foreign
ITR.ITR2.PartA_GEN1.FilingStatus.HeldUnlistedEqShrPrYr.HeldUnlistedEqShrPrYrDtls[].PAN	string	False	type=string, pattern=[A-Z]{5}[0-9]{4}[A-Z]	
ITR.ITR2.PartA_GEN1.FilingStatus.HeldUnlistedEqShrPrYr.HeldUnlistedEqShrPrYrDtls[].OpngBalNumberOfShares	integer	True	type=integer, minimum=0, maximum=99999999999999, REQUIRED	
ITR.ITR2.PartA_GEN1.FilingStatus.HeldUnlistedEqShrPrYr.HeldUnlistedEqShrPrYrDtls[].OpngBalCostOfAcquisition	number	True	type=number, minimum=0, REQUIRED	
ITR.ITR2.PartA_GEN1.FilingStatus.HeldUnlistedEqShrPrYr.HeldUnlistedEqShrPrYrDtls[].ShrAcqDurYrNumberOfShares	integer	False	type=integer, minimum=0, maximum=99999999999999	
ITR.ITR2.PartA_GEN1.FilingStatus.HeldUnlistedEqShrPrYr.HeldUnlistedEqShrPrYrDtls[].DateOfSubscrPurchase	string	False	type=string, pattern=([12]\d{3}-(0[1-9]|1[0-2])-(0[1-9]|[12]\d|3[01]))	Date in YYYY-MM-DD format
ITR.ITR2.PartA_GEN1.FilingStatus.HeldUnlistedEqShrPrYr.HeldUnlistedEqShrPrYrDtls[].FaceValuePerShare	number	False	type=number, minimum=0	
ITR.ITR2.PartA_GEN1.FilingStatus.HeldUnlistedEqShrPrYr.HeldUnlistedEqShrPrYrDtls[].IssuePricePerShare	integer	False	type=integer, minimum=0, maximum=99999999999999	
ITR.ITR2.PartA_GEN1.FilingStatus.HeldUnlistedEqShrPrYr.HeldUnlistedEqShrPrYrDtls[].PurchasePricePerShare	number	False	type=number, minimum=0	
ITR.ITR2.PartA_GEN1.FilingStatus.HeldUnlistedEqShrPrYr.HeldUnlistedEqShrPrYrDtls[].ShrTrnfNumberOfShares	integer	False	type=integer, minimum=0, maximum=99999999999999	
ITR.ITR2.PartA_GEN1.FilingStatus.HeldUnlistedEqShrPrYr.HeldUnlistedEqShrPrYrDtls[].ShrTrnfSaleConsideration	number	False	type=number, minimum=0	
ITR.ITR2.PartA_GEN1.FilingStatus.HeldUnlistedEqShrPrYr.HeldUnlistedEqShrPrYrDtls[].ClsngBalNumberOfShares	integer	True	type=integer, minimum=0, maximum=99999999999999, REQUIRED	
ITR.ITR2.PartA_GEN1.FilingStatus.HeldUnlistedEqShrPrYr.HeldUnlistedEqShrPrYrDtls[].ClsngBalCostOfAcquisition	number	True	type=number, minimum=0, REQUIRED	
ITR.ITR2.PartA_GEN1.FilingStatus.LEIDtls.LEINumber	string	False	type=string, minLength=20, maxLength=20, pattern=|(\s*([\w\d_=!@#$%\^*\(\){}\[\]\|\\:;',\.\?/~`\-\+<>&][\s\w\d_=!@#$%\^*\(\){}\[\]\|\\:;',\.\?/~`\-\+<>&]*)\s*)	
ITR.ITR2.PartA_GEN1.FilingStatus.LEIDtls.ValidUptoDate	string	False	type=string, pattern=([12]\d{3}-(0[1-9]|1[0-2])-(0[1-9]|[12]\d|3[01]))	Date in YYYY-MM-DD format
ITR.ITR2.PartA_GEN1.FilingStatus.ItrFilingDueDate	string	True	type=string, minLength=9, maxLength=10, pattern=2025-07-31, REQUIRED	
ITR.ITR2.ScheduleS.Salaries[].NameOfEmployer	string	True	type=string, minLength=1, maxLength=125, pattern=|(\s*([\w\d_=!@#$%\^*\(\){}\[\]\|\\:;',\.\?/~`\-\+<>&][\s\w\d_=!@#$%\^*\(\){}\[\]\|\\:;',\.\?/~`\-\+<>&]*)\s*), REQUIRED	Name of the employer
ITR.ITR2.ScheduleS.Salaries[].NatureOfEmployment	string	True	type=string, enum=['CGOV', 'SGOV', 'PSU', 'PE', 'PESG', 'PEPS', 'PEO', 'OTH'], REQUIRED	CGOV:Central Government; SGOV:State Government; PSU:Public Sector Unit; PE:Pensioners - Central Government, PESG:Pensioners - State Government, PEPS:Pensioners - Public sector undertaking, PEO:Pensioners - Others; OTH:Others
ITR.ITR2.ScheduleS.Salaries[].TANofEmployer	string	False	type=string, pattern=[A-Z]{4}[0-9]{5}[A-Z]	
ITR.ITR2.ScheduleS.Salaries[].AddressDetail.AddrDetail	string	True	type=string, minLength=1, maxLength=200, pattern=|(\s*([\w\d_=!@#$%\^*\(\){}\[\]\|\\:;',\.\?/~`\-\+<>&][\s\w\d_=!@#$%\^*\(\){}\[\]\|\\:;',\.\?/~`\-\+<>&]*)\s*), REQUIRED	
ITR.ITR2.ScheduleS.Salaries[].AddressDetail.CityOrTownOrDistrict	string	True	type=string, minLength=1, maxLength=50, pattern=|(\s*([\w\d_=!@#$%\^*\(\){}\[\]\|\\:;',\.\?/~`\-\+<>&][\s\w\d_=!@#$%\^*\(\){}\[\]\|\\:;',\.\?/~`\-\+<>&]*)\s*), REQUIRED	
ITR.ITR2.ScheduleS.Salaries[].AddressDetail.StateCode	string	True	type=string, pattern=|(\s*([\w\d_=!@#$%\^*\(\){}\[\]\|\\:;',\.\?/~`\-\+<>&][\s\w\d_=!@#$%\^*\(\){}\[\]\|\\:;',\.\?/~`\-\+<>&]*)\s*), enum=['01', '02', '03', '04', '05', '06', '07', '08', '09', '10', '11', '12', '13', '14', '15', '16', '17', '18', '19', '20', '21', '22', '23', '24', '25', '26', '27…], REQUIRED	01-Andaman and Nicobar islands; 02-Andhra Pradesh; 03-Arunachal Pradesh; 04-Assam; 05-Bihar; 06-Chandigarh; 07-Dadra Nagar and Haveli; 08-Daman and Diu; 09- Delhi; 10- Goa; 11-Gujarat; 12- Haryana; 13- Himachal Pradesh; 14-Jammu and Kashmir; 15- Karnataka; 16- Kerala; 17- Lakshadweep; 18-Madhya Pradesh; 19-Maharashtra; 20-Manipur; 21-meghalaya; 22-Mizoram; 23-Nagaland; 24- Odisha; 25- Puducherry; 26- Punjab; 27-Rajasthan; 28- Sikkim; 29-Tamil Nadu; 30- Tripura; 31-Uttar Pradesh; 32- West Bengal; 33- Chhattisgarh; 34- Uttarakhand; 35- Jharkhand; 36- Telangana; 37- Ladakh; 99- Foreign
ITR.ITR2.ScheduleS.Salaries[].AddressDetail.PinCode	integer	False	type=integer, minimum=100000, maximum=999999, pattern=[1-9]{1}[0-9]{5}	
ITR.ITR2.ScheduleS.Salaries[].AddressDetail.ZipCode	string	False	type=string, maxLength=8, pattern=|(\s*([\w\d_=!@#$%\^*\(\){}\[\]\|\\:;',\.\?/~`\-\+<>&][\s\w\d_=!@#$%\^*\(\){}\[\]\|\\:;',\.\?/~`\-\+<>&]*)\s*)	
ITR.ITR2.ScheduleS.Salaries[].Salarys.GrossSalary	integer	True	type=integer, minimum=0, maximum=99999999999999, REQUIRED	
ITR.ITR2.ScheduleS.Salaries[].Salarys.Salary	integer	True	type=integer, minimum=0, maximum=99999999999999, REQUIRED	
ITR.ITR2.ScheduleS.Salaries[].Salarys.NatureOfSalary.OthersIncDtls[].NatureDesc	string	True	type=string, pattern=|(\s*([\w\d_=!@#$%\^*\(\){}\[\]\|\\:;',\.\?/~`\-\+<>&][\s\w\d_=!@#$%\^*\(\){}\[\]\|\\:;',\.\?/~`\-\+<>&]*)\s*), enum=['1', '2', '3', '4', '5', '6', '7', '8', '9', '10', '11', '12', '13', '14', '15', '16', '17', 'OTH'], REQUIRED	1 - Basic Salary; 2 - Dearness Allowance; 3 - Conveyance Allowance; 4 - House Rent Allowance; 5 - Leave Travel Allowance; 6 - Children Education Allowance; 7 - Other Allowance; 8 - The contribution made by the Employer towards pension scheme as referred u/s 80CCD; 9 - Amount deemed to be income under rule 6 of Part-A of Fourth Schedule; 10 - Amount deemed to be income under rule 11(4) of Part-A of Fourth Schedule; 11 - Annuity or pension; 12 - Commuted Pension; 13 - Gratuity; 14 - Fees/ commission; 15 - Advance of salary; 16 - Leave Encashment; 17 - Contribution made by the central government towards Agnipath scheme as referred under section 80CCH; OTH - Others
ITR.ITR2.ScheduleS.Salaries[].Salarys.NatureOfSalary.OthersIncDtls[].OthNatOfInc	string	False	type=string, maxLength=50, pattern=|(\s*([\w\d_=!@#$%\^*\(\){}\[\]\|\\:;',\.\?/~`\-\+<>&][\s\w\d_=!@#$%\^*\(\){}\[\]\|\\:;',\.\?/~`\-\+<>&]*)\s*)	
ITR.ITR2.ScheduleS.Salaries[].Salarys.NatureOfSalary.OthersIncDtls[].OthAmount	integer	True	type=integer, minimum=0, maximum=99999999999999, REQUIRED	
ITR.ITR2.ScheduleS.Salaries[].Salarys.ValueOfPerquisites	integer	True	type=integer, minimum=0, maximum=99999999999999, REQUIRED	
ITR.ITR2.ScheduleS.Salaries[].Salarys.NatureOfPerquisites.OthersIncDtls[].NatureDesc	string	True	type=string, pattern=|(\s*([\w\d_=!@#$%\^*\(\){}\[\]\|\\:;',\.\?/~`\-\+<>&][\s\w\d_=!@#$%\^*\(\){}\[\]\|\\:;',\.\?/~`\-\+<>&]*)\s*), enum=['1', '2', '3', '4', '5', '6', '7', '8', '9', '10', '11', '12', '13', '14', '15', '16', '17', '18', '19', '21', 'OTH'], REQUIRED	1 - Accommodation; 2 - Cars / Other Automotive; 3 - Sweeper, gardener, watchman or personal attendant; 4 - Gas, electricity, water; 5 - Interest free or concessional loans; 6 - Holiday expenses; 7 - Free or concessional travel; 8 - Free meals; 9 - Free education; 10 - Gifts, vouchers, etc.; 11 - Credit card expenses; 12 - Club expenses; 13 - Use of movable assets by employees; 14 - Transfer of assets to employee; 15 - Value of any other benefit/amenity/service/privilege; 16 - Stock options allotted or transferred by employer being an eligible start-up referred to in section 80-IAC-Tax to be deferred; 17 - Stock options (non-qualified options) other than ESOP in col 16 above.; 18 - Contribution by employer to fund and scheme taxable under section 17(2)(vii); 19 - Annual accretion by way of interest, dividend etc. to the balance at the credit of fund and scheme referred to in section 17(2)(vii) and taxable under section 17(2)(viia); 21 - Stock options allotted or transferred by employer being an eligible start-up referred to in section 80-IAC-Tax not to be deferred; OTH - Other benefits or amenities
ITR.ITR2.ScheduleS.Salaries[].Salarys.NatureOfPerquisites.OthersIncDtls[].OthNatOfInc	string	False	type=string, maxLength=50, pattern=|(\s*([\w\d_=!@#$%\^*\(\){}\[\]\|\\:;',\.\?/~`\-\+<>&][\s\w\d_=!@#$%\^*\(\){}\[\]\|\\:;',\.\?/~`\-\+<>&]*)\s*)	
ITR.ITR2.ScheduleS.Salaries[].Salarys.NatureOfPerquisites.OthersIncDtls[].OthAmount	integer	True	type=integer, minimum=0, maximum=99999999999999, REQUIRED	
ITR.ITR2.ScheduleS.Salaries[].Salarys.ProfitsinLieuOfSalary	integer	True	type=integer, minimum=0, maximum=99999999999999, REQUIRED	
ITR.ITR2.ScheduleS.Salaries[].Salarys.NatureOfProfitInLieuOfSalary.OthersIncDtls[].NatureDesc	string	True	type=string, pattern=|(\s*([\w\d_=!@#$%\^*\(\){}\[\]\|\\:;',\.\?/~`\-\+<>&][\s\w\d_=!@#$%\^*\(\){}\[\]\|\\:;',\.\?/~`\-\+<>&]*)\s*), enum=['1', '2', '3', 'OTH'], REQUIRED	1 - Compensation due/received by an assessee from his employer or former employer in connection with the termination of his employment or modification thereto; 2 - Any payment due/received by an assessee from his employer or a former employer or from a provident or other fund, sum received under Keyman Insurance Policy including Bonus thereto; 3 - Any amount due/received by assessee from any person before joining or after cessation of employment with that person; OTH - Any Other
ITR.ITR2.ScheduleS.Salaries[].Salarys.NatureOfProfitInLieuOfSalary.OthersIncDtls[].OthNatOfInc	string	False	type=string, maxLength=50, pattern=|(\s*([\w\d_=!@#$%\^*\(\){}\[\]\|\\:;',\.\?/~`\-\+<>&][\s\w\d_=!@#$%\^*\(\){}\[\]\|\\:;',\.\?/~`\-\+<>&]*)\s*)	
ITR.ITR2.ScheduleS.Salaries[].Salarys.NatureOfProfitInLieuOfSalary.OthersIncDtls[].OthAmount	integer	True	type=integer, minimum=0, maximum=99999999999999, REQUIRED	
ITR.ITR2.ScheduleS.Salaries[].Salarys.IncomeNotified89A	integer	True	type=integer, minimum=0, maximum=99999999999999, REQUIRED	
ITR.ITR2.ScheduleS.Salaries[].Salarys.IncomeNotified89AType[].NOT89ACountrycode	string	True	type=string, enum=['US', 'UK', 'CA'], REQUIRED	US - United States; UK - United Kingdom; CA - Canada
ITR.ITR2.ScheduleS.Salaries[].Salarys.IncomeNotified89AType[].NOT89AAmount	integer	True	type=integer, minimum=0, maximum=99999999999999, REQUIRED	
ITR.ITR2.ScheduleS.Salaries[].Salarys.IncomeNotifiedOther89A	integer	True	type=integer, minimum=0, maximum=99999999999999, REQUIRED	
ITR.ITR2.ScheduleS.Salaries[].Salarys.IncomeNotifiedPrYr89A	integer	False	type=integer, minimum=0, maximum=99999999999999	
ITR.ITR2.ScheduleS.TotalGrossSalary	integer	True	type=integer, minimum=0, maximum=99999999999999, REQUIRED	
ITR.ITR2.ScheduleS.AllwncExtentExemptUs10	integer	True	type=integer, minimum=0, maximum=99999999999999, REQUIRED	
ITR.ITR2.ScheduleS.AllwncExemptUs10.AllwncExemptUs10Dtls[].SalNatureDesc	string	True	type=string, pattern=|(\s*([\w\d_=!@#$%\^*\(\){}\[\]\|\\:;',\.\?/~`\-\+<>&][\s\w\d_=!@#$%\^*\(\){}\[\]\|\\:;',\.\?/~`\-\+<>&]*)\s*), enum=['10(5)', '10(6)', '10(7)', '10(10)', '10(10A)', '10(10AA)', '10(10B)(i)', '10(10B)(ii)', '10(10C)', '10(10CC)', '10(13A)', '10(14)(i)', '10(14)(ii)', '10(14)(i…], REQUIRED	10(5) : Sec 10(5)-Leave Travel allowance; 10(6) : Sec 10(6)-Remuneration received as an official, by whatever name called, of an embassy, high commission etc; 10(7) : Sec 10(7)-Allowances or perquisites paid or allowed as such outside India by the Government to a citizen of India for rendering service outside India; 10(10) : Sec 10(10)-Death-cum-retirement gratuity received; 10(10A) : Sec 10(10A)-Commuted value of pension received; 10(10AA): Sec 10(10AA)-Earned leave encashment; 10(10B)(i) - Sec 10(10B)-First proviso - Compensation limit notified by CG in the Official Gazette; 10(10B)(ii) - Sec 10(10B)-Second proviso - Compensation under scheme approved by the Central Government; 10(10C) : Sec 10(10C)-Amount received on voluntary retirement or termination of service; 10(10CC): Sec 10(10CC)-Tax paid by employer on non-monetary perquisite; 10(13A) : Sec 10(13A)-House Rent Allowance; 10(14)(i) : Sec 10(14)-Prescribed Allowances or benefits (not in a nature of perquisite) specifically granted to meet expenses wholly, necessarily and exclusively and to the extent actually incurred, in performance of duties of office or employment; 10(14)(ii) : Sec 10(14)-Prescribed Allowances or benefits granted to meet personal expenses in performance of duties of office or employment or to compensate him for increased cost of living; 10(14)(i)(115BAC) - Sec 10(14)(i) -Allowances referred in sub-clauses (a) to (c) of sub-rule (1) in Rule 2BB ; 10(14)(ii)(115BAC) - Sec 10(14)(ii) -Transport allowance granted to certain physically handicapped assessee; EIC - Exempt income received by a judge covered under the payment of salaries to Supreme Court/High Court judges Act /Rules; OTH : Any Other
ITR.ITR2.ScheduleS.AllwncExemptUs10.AllwncExemptUs10Dtls[].SalOthNatOfInc	string	False	type=string, maxLength=125, pattern=|(\s*([\w\d_=!@#$%\^*\(\){}\[\]\|\\:;',\.\?/~`\-\+<>&][\s\w\d_=!@#$%\^*\(\){}\[\]\|\\:;',\.\?/~`\-\+<>&]*)\s*)	
ITR.ITR2.ScheduleS.AllwncExemptUs10.AllwncExemptUs10Dtls[].SalOthAmount	integer	True	type=integer, minimum=0, maximum=99999999999999, REQUIRED	
ITR.ITR2.ScheduleS.Section10_13A.Placeofwork	string	True	type=string, enum=['1', '2'], REQUIRED	1: Metro, 2: Non-Metro
ITR.ITR2.ScheduleS.Section10_13A.ActlHRARecv	integer	True	type=integer, minimum=0, maximum=99999999999999, REQUIRED	
ITR.ITR2.ScheduleS.Section10_13A.ActlRentPaid	integer	True	type=integer, minimum=0, maximum=99999999999999, REQUIRED	
ITR.ITR2.ScheduleS.Section10_13A.DtlsSalUsSec171	integer	True	type=integer, minimum=0, maximum=99999999999999, REQUIRED	
ITR.ITR2.ScheduleS.Section10_13A.ActlRentPaid10Per	integer	True	type=integer, minimum=0, maximum=99999999999999, REQUIRED	
ITR.ITR2.ScheduleS.Section10_13A.Sal40Or50Per	integer	True	type=integer, minimum=0, maximum=99999999999999, REQUIRED	
ITR.ITR2.ScheduleS.Section10_13A.EligbleExmpAllwncUs13A	integer	True	type=integer, minimum=0, maximum=99999999999999, REQUIRED	
ITR.ITR2.ScheduleS.Increliefus89A	integer	False	type=integer, minimum=0, maximum=99999999999999	
ITR.ITR2.ScheduleS.NetSalary	integer	True	type=integer, minimum=0, maximum=99999999999999, REQUIRED	
ITR.ITR2.ScheduleS.DeductionUS16	integer	True	type=integer, minimum=0, maximum=99999999999999, REQUIRED	
ITR.ITR2.ScheduleS.DeductionUnderSection16ia	integer	True	type=integer, minimum=0, maximum=75000, REQUIRED	
ITR.ITR2.ScheduleS.EntertainmntalwncUs16ii	integer	True	type=integer, minimum=0, maximum=5000, REQUIRED	
ITR.ITR2.ScheduleS.ProfessionalTaxUs16iii	integer	True	type=integer, minimum=0, maximum=5000, REQUIRED	
ITR.ITR2.ScheduleS.TotIncUnderHeadSalaries	integer	True	type=integer, minimum=0, maximum=99999999999999, REQUIRED	
ITR.ITR2.ScheduleHP.PropertyDetails[].HPSNo	integer	True	type=integer, minimum=-99999999999999, maximum=99999999999999, REQUIRED	
ITR.ITR2.ScheduleHP.PropertyDetails[].AddressDetailWithZipCode.AddrDetail	string	True	type=string, minLength=1, maxLength=200, pattern=|(\s*([\w\d_=!@#$%\^*\(\){}\[\]\|\\:;',\.\?/~`\-\+<>&][\s\w\d_=!@#$%\^*\(\){}\[\]\|\\:;',\.\?/~`\-\+<>&]*)\s*), REQUIRED	
ITR.ITR2.ScheduleHP.PropertyDetails[].AddressDetailWithZipCode.CityOrTownOrDistrict	string	True	type=string, minLength=1, maxLength=50, pattern=|(\s*([\w\d_=!@#$%\^*\(\){}\[\]\|\\:;',\.\?/~`\-\+<>&][\s\w\d_=!@#$%\^*\(\){}\[\]\|\\:;',\.\?/~`\-\+<>&]*)\s*), REQUIRED	
ITR.ITR2.ScheduleHP.PropertyDetails[].AddressDetailWithZipCode.StateCode	string	True	type=string, pattern=|(\s*([\w\d_=!@#$%\^*\(\){}\[\]\|\\:;',\.\?/~`\-\+<>&][\s\w\d_=!@#$%\^*\(\){}\[\]\|\\:;',\.\?/~`\-\+<>&]*)\s*), enum=['01', '02', '03', '04', '05', '06', '07', '08', '09', '10', '11', '12', '13', '14', '15', '16', '17', '18', '19', '20', '21', '22', '23', '24', '25', '26', '27…], REQUIRED	01-Andaman and Nicobar islands; 02-Andhra Pradesh; 03-Arunachal Pradesh; 04-Assam; 05-Bihar; 06-Chandigarh; 07-Dadra Nagar and Haveli; 08-Daman and Diu; 09- Delhi; 10- Goa; 11-Gujarat; 12- Haryana; 13- Himachal Pradesh; 14-Jammu and Kashmir; 15- Karnataka; 16- Kerala; 17- Lakshadweep; 18-Madhya Pradesh; 19-Maharashtra; 20-Manipur; 21-meghalaya; 22-Mizoram; 23-Nagaland; 24- Odisha; 25- Puducherry; 26- Punjab; 27-Rajasthan; 28- Sikkim; 29-Tamil Nadu; 30- Tripura; 31-Uttar Pradesh; 32- West Bengal; 33- Chhattisgarh; 34- Uttarakhand; 35- Jharkhand; 36- Telangana; 37- Ladakh; 99- Foreign
ITR.ITR2.ScheduleHP.PropertyDetails[].AddressDetailWithZipCode.CountryCode	string	True	type=string, pattern=|(\s*([\w\d_=!@#$%\^*\(\){}\[\]\|\\:;',\.\?/~`\-\+<>&][\s\w\d_=!@#$%\^*\(\){}\[\]\|\\:;',\.\?/~`\-\+<>&]*)\s*), enum=['93', '1001', '355', '213', '684', '376', '244', '1264', '1010', '1268', '54', '374', '297', '61', '43', '994', '1242', '973', '880', '1246', '375', '32', '501…], REQUIRED	93:AFGHANISTAN; 1001:ÅLAND ISLANDS; 355:ALBANIA; 213:ALGERIA; 684:AMERICAN SAMOA; 376:ANDORRA; 244:ANGOLA; 1264:ANGUILLA; 1010:ANTARCTICA; 1268:ANTIGUA AND BARBUDA; 54:ARGENTINA; 374:ARMENIA; 297:ARUBA; 61:AUSTRALIA; 43:AUSTRIA; 994:AZERBAIJAN; 1242:BAHAMAS; 973:BAHRAIN; 880:BANGLADESH; 1246:BARBADOS; 375:BELARUS; 32:BELGIUM; 501:BELIZE; 229:BENIN; 1441:BERMUDA; 975:BHUTAN; 591:BOLIVIA (PLURINATIONAL STATE OF); 1002:BONAIRE, SINT EUSTATIUS AND SABA; 387:BOSNIA AND HERZEGOVINA; 267:BOTSWANA; 1003:BOUVET ISLAND; 55:BRAZIL; 1014:BRITISH INDIAN OCEAN TERRITORY; 673:BRUNEI DARUSSALAM; 359:BULGARIA; 226: BURKINA FASO; 257:BURUNDI; 238:CABO VERDE; 855:CAMBODIA; 237:CAMEROON; 1:CANADA; 1345:CAYMAN ISLANDS; 236:CENTRAL AFRICAN REPUBLIC; 235:CHAD; 56:CHILE; 86:CHINA; 9:CHRISTMAS ISLAND; 672:COCOS (KEELING) ISLANDS; 57:COLOMBIA; 270:COMOROS; 242:CONGO; 243:CONGO (DEMOCRATIC REPUBLIC OF THE); 682:COOK ISLANDS; 506:COSTA RICA; 225:CÔTE D'IVOIRE; 385:CROATIA; 53:CUBA; 1015:CURAÇAO; 357:CYPRUS; 420:CZECHIA; 45:DENMARK; 253:DJIBOUTI; 1767:DOMINICA; 1809:DOMINICAN REPUBLIC; 593:ECUADOR; 20:EGYPT; 503:EL SALVADOR; 240:EQUATORIAL GUINEA; 291:ERITREA; 372:ESTONIA; 251:ETHIOPIA; 500:FALKLAND ISLANDS (MALVINAS); 298:FAROE ISLANDS; 679:FIJI; 358:FINLAND; 33:FRANCE; 594:FRENCH GUIANA; 689:FRENCH POLYNESIA; 1004:FRENCH SOUTHERN TERRITORIES; 241:GABON; 220:GAMBIA; 995:GEORGIA; 49:GERMANY; 233:GHANA; 350:GIBRALTAR; 30:GREECE; 299:GREENLAND; 1473:GRENADA; 590:GUADELOUPE; 1671:GUAM; 502:GUATEMALA; 1481:GUERNSEY; 224:GUINEA; 245:GUINEA-BISSAU; 592:GUYANA; 509:HAITI; 1005:HEARD ISLAND AND MCDONALD ISLANDS; 6:HOLY SEE; 504:HONDURAS; 852:HONG KONG; 36:HUNGARY; 354:ICELAND; 91:INDIA; 62:INDONESIA; 98:IRAN (ISLAMIC REPUBLIC OF); 964:IRAQ; 353:IRELAND; 1624:ISLE OF MAN; 972:ISRAEL; 5:ITALY; 1876:JAMAICA; 81:JAPAN; 1534:JERSEY; 962:JORDAN; 7:KAZAKHSTAN; 254:KENYA; 686:KIRIBATI; 850:KOREA(DEMOCRATIC PEOPLE'S REPUBLIC OF); 82:KOREA (REPUBLIC OF); 965:KUWAIT; 996:KYRGYZSTAN; 856:LAO PEOPLE'S DEMOCRATIC REPUBLIC; 371:LATVIA; 961:LEBANON; 266:LESOTHO; 231:LIBERIA; 218:LIBYA; 423:LIECHTENSTEIN; 370:LITHUANIA; 352:LUXEMBOURG; 853:MACAO; 389:MACEDONIA(THE FORMER YUGOSLAV REPUBLIC OF); 261:MADAGASCAR; 265:MALAWI; 60:MALAYSIA; 960:MALDIVES; 223:MALI; 356:MALTA; 692:MARSHALL ISLANDS; 596:MARTINIQUE; 222:MAURITANIA; 230:MAURITIUS; 269:MAYOTTE; 52:MEXICO; 691:MICRONESIA (FEDERATED STATES OF); 373:MOLDOVA (REPUBLIC OF); 377:MONACO; 976:MONGOLIA; 382:MONTENEGRO; 1664:MONTSERRAT; 212:MOROCCO; 258:MOZAMBIQUE; 95:MYANMAR; 264:NAMIBIA; 674:NAURU; 977:NEPAL; 31:NETHERLANDS; 687:NEW CALEDONIA; 64:NEW ZEALAND; 505:NICARAGUA; 227:NIGER; 234:NIGERIA; 683:NIUE; 15:NORFOLK ISLAND; 1670:NORTHERN MARIANA ISLANDS; 47:NORWAY; 968:OMAN; 92:PAKISTAN; 680:PALAU; 970:PALESTINE, STATE OF; 507:PANAMA; 675:PAPUA NEW GUINEA; 595:PARAGUAY; 51:PERU; 63:PHILIPPINES; 1011:PITCAIRN; 48:POLAND; 14:PORTUGAL; 1787:PUERTO RICO; 974:QATAR; 262:RÉUNION; 40:ROMANIA; 8:RUSSIAN FEDERATION; 250:RWANDA; 1006:SAINT BARTHÉLEMY; 290: SAINT HELENA, ASCENSION AND TRISTAN DA CUNHA; 1869:SAINT KITTS AND NEVIS; 1758:SAINT LUCIA; 1007:SAINT MARTIN (FRENCH PART); 508:SAINT PIERRE AND MIQUELON; 1784:SAINT VINCENT AND THE GRENADINES; 685:SAMOA; 378:SAN MARINO; 239:SAO TOME AND PRINCIPE; 966:SAUDI ARABIA; 221:SENEGAL; 381:SERBIA; 248:SEYCHELLES; 232:SIERRA LEONE; 65:SINGAPORE; 1721:SINT MAARTEN (DUTCH PART); 421:SLOVAKIA; 386:SLOVENIA; 677:SOLOMON ISLANDS; 252:SOMALIA; 28:SOUTH AFRICA; 1008:SOUTH GEORGIA AND THE SOUTH SANDWICH ISLANDS; 211:SOUTH SUDAN; 35:SPAIN; 94:SRI LANKA; 249:SUDAN; 597:SURINAME; 1012:SVALBARD AND JAN MAYEN; 268:SWAZILAND; 46:SWEDEN; 41:SWITZERLAND; 963:SYRIAN ARAB REPUBLIC; 886:TAIWAN; 992:TAJIKISTAN; 255:TANZANIA, UNITED REPUBLIC OF; 66:THAILAND; 670:TIMOR-LESTE (EAST TIMOR); 228:TOGO; 690:TOKELAU; 676:TONGA; 1868:TRINIDAD AND TOBAGO; 216:TUNISIA; 90:TURKEY; 993:TURKMENISTAN; 1649:TURKS AND CAICOS ISLANDS; 688:TUVALU; 256:UGANDA; 380:UKRAINE; 971:UNITED ARAB EMIRATES; 44:UNITED KINGDOM OF GREAT BRITAIN AND NORTHERN IRELAND; 2:UNITED STATES OF AMERICA; 1009:UNITED STATES MINOR OUTLYING ISLANDS; 598:URUGUAY; 998:UZBEKISTAN; 678:VANUATU; 58:VENEZUELA (BOLIVARIAN REPUBLIC OF); 84:VIET NAM; 1284:VIRGIN ISLANDS (BRITISH); 1340:VIRGIN ISLANDS (U.S.); 681:WALLIS AND FUTUNA; 1013:WESTERN SAHARA; 967:YEMEN; 260:ZAMBIA; 263:ZIMBABWE; 9999:OTHERS
ITR.ITR2.ScheduleHP.PropertyDetails[].AddressDetailWithZipCode.PinCode	integer	False	type=integer, minimum=100000, maximum=999999, pattern=[1-9]{1}[0-9]{5}	
ITR.ITR2.ScheduleHP.PropertyDetails[].AddressDetailWithZipCode.ZipCode	string	False	type=string, maxLength=8, pattern=|(\s*([\w\d_=!@#$%\^*\(\){}\[\]\|\\:;',\.\?/~`\-\+<>&][\s\w\d_=!@#$%\^*\(\){}\[\]\|\\:;',\.\?/~`\-\+<>&]*)\s*)	
ITR.ITR2.ScheduleHP.PropertyDetails[].PropertyOwner	string	True	type=string, pattern=|(\s*([\w\d_=!@#$%\^*\(\){}\[\]\|\\:;',\.\?/~`\-\+<>&][\s\w\d_=!@#$%\^*\(\){}\[\]\|\\:;',\.\?/~`\-\+<>&]*)\s*), enum=['SE', 'MI', 'SP', 'OT'], REQUIRED	SE - Self; MI - Minor; SP - Spouse; OT - Others
ITR.ITR2.ScheduleHP.PropertyDetails[].PropertyOwnerOther	string	False	type=string, maxLength=50, pattern=|(\s*([\w\d_=!@#$%\^*\(\){}\[\]\|\\:;',\.\?/~`\-\+<>&][\s\w\d_=!@#$%\^*\(\){}\[\]\|\\:;',\.\?/~`\-\+<>&]*)\s*)	
ITR.ITR2.ScheduleHP.PropertyDetails[].PropCoOwnedFlg	string	True	type=string, pattern=|(\s*([\w\d_=!@#$%\^*\(\){}\[\]\|\\:;',\.\?/~`\-\+<>&][\s\w\d_=!@#$%\^*\(\){}\[\]\|\\:;',\.\?/~`\-\+<>&]*)\s*), enum=['YES', 'NO'], REQUIRED	Property co-owned by other than the taxpayer (if please enter following details)
ITR.ITR2.ScheduleHP.PropertyDetails[].AsseseeShareProperty	number	True	type=number, minimum=0, maximum=100, REQUIRED	
ITR.ITR2.ScheduleHP.PropertyDetails[].CoOwners[].CoOwnersSNo	integer	True	type=integer, minimum=-99999999999999, maximum=99999999999999, REQUIRED	
ITR.ITR2.ScheduleHP.PropertyDetails[].CoOwners[].NameCoOwner	string	True	type=string, minLength=1, maxLength=125, pattern=|(\s*([\w\d_=!@#$%\^*\(\){}\[\]\|\\:;',\.\?/~`\-\+<>&][\s\w\d_=!@#$%\^*\(\){}\[\]\|\\:;',\.\?/~`\-\+<>&]*)\s*), REQUIRED	
ITR.ITR2.ScheduleHP.PropertyDetails[].CoOwners[].PAN_CoOwner	string	False	type=string, pattern=[A-Z]{5}[0-9]{4}[A-Z]	
ITR.ITR2.ScheduleHP.PropertyDetails[].CoOwners[].Aadhaar_CoOwner	string	False	type=string, pattern=[0-9]{12}	
ITR.ITR2.ScheduleHP.PropertyDetails[].CoOwners[].PercentShareProperty	number	False	type=number, minimum=0, maximum=100	
ITR.ITR2.ScheduleHP.PropertyDetails[].ifLetOut	string	True	type=string, pattern=|(\s*([\w\d_=!@#$%\^*\(\){}\[\]\|\\:;',\.\?/~`\-\+<>&][\s\w\d_=!@#$%\^*\(\){}\[\]\|\\:;',\.\?/~`\-\+<>&]*)\s*), enum=['L', 'D', 'S'], REQUIRED	L - Let Out; D - Deemed let out; S - Self Occupied
ITR.ITR2.ScheduleHP.PropertyDetails[].TenantDetails[].TenantSNo	integer	True	type=integer, minimum=-99999999999999, maximum=99999999999999, REQUIRED	
ITR.ITR2.ScheduleHP.PropertyDetails[].TenantDetails[].NameofTenant	string	True	type=string, minLength=1, maxLength=125, pattern=|(\s*([\w\d_=!@#$%\^*\(\){}\[\]\|\\:;',\.\?/~`\-\+<>&][\s\w\d_=!@#$%\^*\(\){}\[\]\|\\:;',\.\?/~`\-\+<>&]*)\s*), REQUIRED	
ITR.ITR2.ScheduleHP.PropertyDetails[].TenantDetails[].PANofTenant	string	False	type=string, pattern=[A-Z]{5}[0-9]{4}[A-Z]	
ITR.ITR2.ScheduleHP.PropertyDetails[].TenantDetails[].AadhaarofTenant	string	False	type=string, pattern=[0-9]{12}	
ITR.ITR2.ScheduleHP.PropertyDetails[].TenantDetails[].PANTANofTenant	string	False	type=string, pattern=[A-Z]{4}[0-9]{5}[A-Z]|[A-Z]{5}[0-9]{4}[A-Z]	
ITR.ITR2.ScheduleHP.PropertyDetails[].Rentdetails.AnnualLetableValue	integer	True	type=integer, minimum=0, maximum=99999999999999, REQUIRED	
ITR.ITR2.ScheduleHP.PropertyDetails[].Rentdetails.RentNotRealized	integer	False	type=integer, minimum=0, maximum=99999999999999	
ITR.ITR2.ScheduleHP.PropertyDetails[].Rentdetails.LocalTaxes	integer	False	type=integer, minimum=0, maximum=99999999999999	
ITR.ITR2.ScheduleHP.PropertyDetails[].Rentdetails.TotalUnrealizedAndTax	integer	True	type=integer, minimum=0, maximum=99999999999999, REQUIRED	
ITR.ITR2.ScheduleHP.PropertyDetails[].Rentdetails.BalanceALV	integer	True	type=integer, minimum=0, maximum=99999999999999, REQUIRED	
ITR.ITR2.ScheduleHP.PropertyDetails[].Rentdetails.AnnualOfPropOwned	integer	True	type=integer, maximum=99999999999999, REQUIRED	
ITR.ITR2.ScheduleHP.PropertyDetails[].Rentdetails.ThirtyPercentOfBalance	integer	True	type=integer, minimum=0, maximum=99999999999999, REQUIRED	
ITR.ITR2.ScheduleHP.PropertyDetails[].Rentdetails.IntOnBorwCap	integer	False	type=integer, minimum=0, maximum=99999999999999	Interest payable on borrowed capital
ITR.ITR2.ScheduleHP.PropertyDetails[].Rentdetails.Section24B.Section24BDtls[].LoanTknFrom	string	True	type=string, enum=['B', 'I'], REQUIRED	B: Bank, I: Other than Bank
ITR.ITR2.ScheduleHP.PropertyDetails[].Rentdetails.Section24B.Section24BDtls[].BankOrInstnName	string	True	type=string, minLength=1, maxLength=125, pattern=|(\s*([\w\d_=!@#$%\^*\(\){}\[\]\|\\:;',\.\?/~`\-\+<>&][\s\w\d_=!@#$%\^*\(\){}\[\]\|\\:;',\.\?/~`\-\+<>&]*)\s*), REQUIRED	
ITR.ITR2.ScheduleHP.PropertyDetails[].Rentdetails.Section24B.Section24BDtls[].LoanAccNoOfBankOrInstnRefNo	string	True	type=string, minLength=1, maxLength=20, pattern=[a-zA-Z0-9]([/-]?(((\d*[1-9]\d*)*[a-zA-Z/-])|(\d*[1-9]\d*[a-zA-Z]*))+)*[0-9]*, REQUIRED	
ITR.ITR2.ScheduleHP.PropertyDetails[].Rentdetails.Section24B.Section24BDtls[].DateofLoan	string	True	type=string, pattern=([12]\d{3}-(0[1-9]|1[0-2])-(0[1-9]|[12]\d|3[01])), REQUIRED	Date in YYYY-MM-DD format
ITR.ITR2.ScheduleHP.PropertyDetails[].Rentdetails.Section24B.Section24BDtls[].TotalLoanAmt	integer	True	type=integer, minimum=0, maximum=99999999999999, REQUIRED	
ITR.ITR2.ScheduleHP.PropertyDetails[].Rentdetails.Section24B.Section24BDtls[].LoanOutstndngAmt	integer	True	type=integer, minimum=0, maximum=99999999999999, REQUIRED	
ITR.ITR2.ScheduleHP.PropertyDetails[].Rentdetails.Section24B.Section24BDtls[].InterestUs24B	integer	True	type=integer, minimum=0, maximum=99999999999999, REQUIRED	
ITR.ITR2.ScheduleHP.PropertyDetails[].Rentdetails.Section24B.TotalInterestUs24B	integer	True	type=integer, minimum=0, maximum=99999999999999, REQUIRED	
ITR.ITR2.ScheduleHP.PropertyDetails[].Rentdetails.TotalDeduct	integer	True	type=integer, minimum=0, maximum=99999999999999, REQUIRED	Interest plus 30% of annual value
ITR.ITR2.ScheduleHP.PropertyDetails[].Rentdetails.ArrearsUnrealizedRentRcvd	integer	False	type=integer, minimum=0, maximum=99999999999999	
ITR.ITR2.ScheduleHP.PropertyDetails[].Rentdetails.IncomeOfHP	integer	True	type=integer, minimum=-99999999999999, maximum=99999999999999, REQUIRED	
ITR.ITR2.ScheduleHP.PassThroghIncome	integer	False	type=integer, minimum=-99999999999999, maximum=99999999999999	
ITR.ITR2.ScheduleHP.TotalIncomeChargeableUnHP	integer	True	type=integer, minimum=-99999999999999, maximum=99999999999999, REQUIRED	House Property income
ITR.ITR2.ScheduleCGFor23.ShortTermCapGainFor23.SaleofLandBuild.SaleofLandBuildDtls[].DateofPurchase	string	False	type=string, pattern=([12]\d{3}-(0[1-9]|1[0-2])-(0[1-9]|[12]\d|3[01]))	Date in format YYYY-MM-DD
ITR.ITR2.ScheduleCGFor23.ShortTermCapGainFor23.SaleofLandBuild.SaleofLandBuildDtls[].DateofSale	string	False	type=string, pattern=([12]\d{3}-(0[1-9]|1[0-2])-(0[1-9]|[12]\d|3[01]))	Date in format YYYY-MM-DD
ITR.ITR2.ScheduleCGFor23.ShortTermCapGainFor23.SaleofLandBuild.SaleofLandBuildDtls[].FullConsideration	integer	False	type=integer, minimum=0, maximum=99999999999999	
ITR.ITR2.ScheduleCGFor23.ShortTermCapGainFor23.SaleofLandBuild.SaleofLandBuildDtls[].PropertyValuation	integer	False	type=integer, minimum=0, maximum=99999999999999	
ITR.ITR2.ScheduleCGFor23.ShortTermCapGainFor23.SaleofLandBuild.SaleofLandBuildDtls[].FullConsideration50C	integer	True	type=integer, minimum=0, maximum=99999999999999, REQUIRED	
ITR.ITR2.ScheduleCGFor23.ShortTermCapGainFor23.SaleofLandBuild.SaleofLandBuildDtls[].AquisitCost	integer	True	type=integer, minimum=0, maximum=99999999999999, REQUIRED	
ITR.ITR2.ScheduleCGFor23.ShortTermCapGainFor23.SaleofLandBuild.SaleofLandBuildDtls[].ImproveCost	integer	True	type=integer, minimum=0, maximum=99999999999999, REQUIRED	
ITR.ITR2.ScheduleCGFor23.ShortTermCapGainFor23.SaleofLandBuild.SaleofLandBuildDtls[].ExpOnTrans	integer	True	type=integer, minimum=0, maximum=99999999999999, REQUIRED	
ITR.ITR2.ScheduleCGFor23.ShortTermCapGainFor23.SaleofLandBuild.SaleofLandBuildDtls[].TotalDedn	integer	True	type=integer, minimum=0, maximum=99999999999999, REQUIRED	
ITR.ITR2.ScheduleCGFor23.ShortTermCapGainFor23.SaleofLandBuild.SaleofLandBuildDtls[].Balance	integer	True	type=integer, minimum=-99999999999999, maximum=99999999999999, REQUIRED	
ITR.ITR2.ScheduleCGFor23.ShortTermCapGainFor23.SaleofLandBuild.SaleofLandBuildDtls[].DeductionUs54B	integer	True	type=integer, minimum=0, maximum=99999999999999, REQUIRED	
ITR.ITR2.ScheduleCGFor23.ShortTermCapGainFor23.SaleofLandBuild.SaleofLandBuildDtls[].STCGonImmvblPrprty	integer	True	type=integer, minimum=-99999999999999, maximum=99999999999999, REQUIRED	
ITR.ITR2.ScheduleCGFor23.ShortTermCapGainFor23.SaleofLandBuild.SaleofLandBuildDtls[].TrnsfImmblPrprty.TrnsfImmblPrprtyDtls[].NameOfBuyer	string	True	type=string, minLength=1, maxLength=125, pattern=|(\s*([\w\d_=!@#$%\^*\(\){}\[\]\|\\:;',\.\?/~`\-\+<>&][\s\w\d_=!@#$%\^*\(\){}\[\]\|\\:;',\.\?/~`\-\+<>&]*)\s*), REQUIRED	
ITR.ITR2.ScheduleCGFor23.ShortTermCapGainFor23.SaleofLandBuild.SaleofLandBuildDtls[].TrnsfImmblPrprty.TrnsfImmblPrprtyDtls[].PANofBuyer	string	False	type=string, pattern=[A-Z]{5}[0-9]{4}[A-Z]	
ITR.ITR2.ScheduleCGFor23.ShortTermCapGainFor23.SaleofLandBuild.SaleofLandBuildDtls[].TrnsfImmblPrprty.TrnsfImmblPrprtyDtls[].AaadhaarOfBuyer	string	False	type=string, pattern=[0-9]{12}	
ITR.ITR2.ScheduleCGFor23.ShortTermCapGainFor23.SaleofLandBuild.SaleofLandBuildDtls[].TrnsfImmblPrprty.TrnsfImmblPrprtyDtls[].PercentageShare	number	True	type=number, minimum=0, maximum=100, REQUIRED	
ITR.ITR2.ScheduleCGFor23.ShortTermCapGainFor23.SaleofLandBuild.SaleofLandBuildDtls[].TrnsfImmblPrprty.TrnsfImmblPrprtyDtls[].Amount	integer	True	type=integer, minimum=0, maximum=99999999999999, REQUIRED	
ITR.ITR2.ScheduleCGFor23.ShortTermCapGainFor23.SaleofLandBuild.SaleofLandBuildDtls[].TrnsfImmblPrprty.TrnsfImmblPrprtyDtls[].AddressOfProperty	string	True	type=string, minLength=1, maxLength=250, pattern=|(\s*([\w\d_=!@#$%\^*\(\){}\[\]\|\\:;',\.\?/~`\-\+<>&][\s\w\d_=!@#$%\^*\(\){}\[\]\|\\:;',\.\?/~`\-\+<>&]*)\s*), REQUIRED	
ITR.ITR2.ScheduleCGFor23.ShortTermCapGainFor23.SaleofLandBuild.SaleofLandBuildDtls[].TrnsfImmblPrprty.TrnsfImmblPrprtyDtls[].StateCode	string	True	type=string, pattern=|(\s*([\w\d_=!@#$%\^*\(\){}\[\]\|\\:;',\.\?/~`\-\+<>&][\s\w\d_=!@#$%\^*\(\){}\[\]\|\\:;',\.\?/~`\-\+<>&]*)\s*), enum=['01', '02', '03', '04', '05', '06', '07', '08', '09', '10', '11', '12', '13', '14', '15', '16', '17', '18', '19', '20', '21', '22', '23', '24', '25', '26', '27…], REQUIRED	01-Andaman and Nicobar islands; 02-Andhra Pradesh; 03-Arunachal Pradesh; 04-Assam; 05-Bihar; 06-Chandigarh; 07-Dadra Nagar and Haveli; 08-Daman and Diu; 09- Delhi; 10- Goa; 11-Gujarat; 12- Haryana; 13- Himachal Pradesh; 14-Jammu and Kashmir; 15- Karnataka; 16- Kerala; 17- Lakshadweep; 18-Madhya Pradesh; 19-Maharashtra; 20-Manipur; 21- Meghalaya; 22-Mizoram; 23-Nagaland; 24- Odisha; 25- Puducherry; 26- Punjab; 27-Rajasthan; 28- Sikkim; 29-Tamil Nadu; 30- Tripura; 31-Uttar Pradesh; 32- West Bengal; 33- Chhattisgarh; 34- Uttarakhand; 35- Jharkhand; 36- Telangana; 37- Ladakh; 99- State outside India
ITR.ITR2.ScheduleCGFor23.ShortTermCapGainFor23.SaleofLandBuild.SaleofLandBuildDtls[].TrnsfImmblPrprty.TrnsfImmblPrprtyDtls[].CountryCode	string	True	type=string, pattern=|(\s*([\w\d_=!@#$%\^*\(\){}\[\]\|\\:;',\.\?/~`\-\+<>&][\s\w\d_=!@#$%\^*\(\){}\[\]\|\\:;',\.\?/~`\-\+<>&]*)\s*), enum=['93', '1001', '355', '213', '684', '376', '244', '1264', '1010', '1268', '54', '374', '297', '61', '43', '994', '1242', '973', '880', '1246', '375', '32', '501…], REQUIRED	93:AFGHANISTAN; 1001:ÅLAND ISLANDS; 355:ALBANIA; 213:ALGERIA; 684:AMERICAN SAMOA; 376:ANDORRA; 244:ANGOLA; 1264:ANGUILLA; 1010:ANTARCTICA; 1268:ANTIGUA AND BARBUDA; 54:ARGENTINA; 374:ARMENIA; 297:ARUBA; 61:AUSTRALIA; 43:AUSTRIA; 994:AZERBAIJAN; 1242:BAHAMAS; 973:BAHRAIN; 880:BANGLADESH; 1246:BARBADOS; 375:BELARUS; 32:BELGIUM; 501:BELIZE; 229:BENIN; 1441:BERMUDA; 975:BHUTAN; 591:BOLIVIA (PLURINATIONAL STATE OF); 1002:BONAIRE, SINT EUSTATIUS AND SABA; 387:BOSNIA AND HERZEGOVINA; 267:BOTSWANA; 1003:BOUVET ISLAND; 55:BRAZIL; 1014:BRITISH INDIAN OCEAN TERRITORY; 673:BRUNEI DARUSSALAM; 359:BULGARIA; 226: BURKINA FASO; 257:BURUNDI; 238:CABO VERDE; 855:CAMBODIA; 237:CAMEROON; 1:CANADA; 1345:CAYMAN ISLANDS; 236:CENTRAL AFRICAN REPUBLIC; 235:CHAD; 56:CHILE; 86:CHINA; 9:CHRISTMAS ISLAND; 672:COCOS (KEELING) ISLANDS; 57:COLOMBIA; 270:COMOROS; 242:CONGO; 243:CONGO (DEMOCRATIC REPUBLIC OF THE); 682:COOK ISLANDS; 506:COSTA RICA; 225:CÔTE D'IVOIRE; 385:CROATIA; 53:CUBA; 1015:CURAÇAO; 357:CYPRUS; 420:CZECHIA; 45:DENMARK; 253:DJIBOUTI; 1767:DOMINICA; 1809:DOMINICAN REPUBLIC; 593:ECUADOR; 20:EGYPT; 503:EL SALVADOR; 240:EQUATORIAL GUINEA; 291:ERITREA; 372:ESTONIA; 251:ETHIOPIA; 500:FALKLAND ISLANDS (MALVINAS); 298:FAROE ISLANDS; 679:FIJI; 358:FINLAND; 33:FRANCE; 594:FRENCH GUIANA; 689:FRENCH POLYNESIA; 1004:FRENCH SOUTHERN TERRITORIES; 241:GABON; 220:GAMBIA; 995:GEORGIA; 49:GERMANY; 233:GHANA; 350:GIBRALTAR; 30:GREECE; 299:GREENLAND; 1473:GRENADA; 590:GUADELOUPE; 1671:GUAM; 502:GUATEMALA; 1481:GUERNSEY; 224:GUINEA; 245:GUINEA-BISSAU; 592:GUYANA; 509:HAITI; 1005:HEARD ISLAND AND MCDONALD ISLANDS; 6:HOLY SEE; 504:HONDURAS; 852:HONG KONG; 36:HUNGARY; 354:ICELAND; 91:INDIA; 62:INDONESIA; 98:IRAN (ISLAMIC REPUBLIC OF); 964:IRAQ; 353:IRELAND; 1624:ISLE OF MAN; 972:ISRAEL; 5:ITALY; 1876:JAMAICA; 81:JAPAN; 1534:JERSEY; 962:JORDAN; 7:KAZAKHSTAN; 254:KENYA; 686:KIRIBATI; 850:KOREA(DEMOCRATIC PEOPLE'S REPUBLIC OF); 82:KOREA (REPUBLIC OF); 965:KUWAIT; 996:KYRGYZSTAN; 856:LAO PEOPLE'S DEMOCRATIC REPUBLIC; 371:LATVIA; 961:LEBANON; 266:LESOTHO; 231:LIBERIA; 218:LIBYA; 423:LIECHTENSTEIN; 370:LITHUANIA; 352:LUXEMBOURG; 853:MACAO; 389:MACEDONIA(THE FORMER YUGOSLAV REPUBLIC OF); 261:MADAGASCAR; 265:MALAWI; 60:MALAYSIA; 960:MALDIVES; 223:MALI; 356:MALTA; 692:MARSHALL ISLANDS; 596:MARTINIQUE; 222:MAURITANIA; 230:MAURITIUS; 269:MAYOTTE; 52:MEXICO; 691:MICRONESIA (FEDERATED STATES OF); 373:MOLDOVA (REPUBLIC OF); 377:MONACO; 976:MONGOLIA; 382:MONTENEGRO; 1664:MONTSERRAT; 212:MOROCCO; 258:MOZAMBIQUE; 95:MYANMAR; 264:NAMIBIA; 674:NAURU; 977:NEPAL; 31:NETHERLANDS; 687:NEW CALEDONIA; 64:NEW ZEALAND; 505:NICARAGUA; 227:NIGER; 234:NIGERIA; 683:NIUE; 15:NORFOLK ISLAND; 1670:NORTHERN MARIANA ISLANDS; 47:NORWAY; 968:OMAN; 92:PAKISTAN; 680:PALAU; 970:PALESTINE, STATE OF; 507:PANAMA; 675:PAPUA NEW GUINEA; 595:PARAGUAY; 51:PERU; 63:PHILIPPINES; 1011:PITCAIRN; 48:POLAND; 14:PORTUGAL; 1787:PUERTO RICO; 974:QATAR; 262:RÉUNION; 40:ROMANIA; 8:RUSSIAN FEDERATION; 250:RWANDA; 1006:SAINT BARTHÉLEMY; 290: SAINT HELENA, ASCENSION AND TRISTAN DA CUNHA; 1869:SAINT KITTS AND NEVIS; 1758:SAINT LUCIA; 1007:SAINT MARTIN (FRENCH PART); 508:SAINT PIERRE AND MIQUELON; 1784:SAINT VINCENT AND THE GRENADINES; 685:SAMOA; 378:SAN MARINO; 239:SAO TOME AND PRINCIPE; 966:SAUDI ARABIA; 221:SENEGAL; 381:SERBIA; 248:SEYCHELLES; 232:SIERRA LEONE; 65:SINGAPORE; 1721:SINT MAARTEN (DUTCH PART); 421:SLOVAKIA; 386:SLOVENIA; 677:SOLOMON ISLANDS; 252:SOMALIA; 28:SOUTH AFRICA; 1008:SOUTH GEORGIA AND THE SOUTH SANDWICH ISLANDS; 211:SOUTH SUDAN; 35:SPAIN; 94:SRI LANKA; 249:SUDAN; 597:SURINAME; 1012:SVALBARD AND JAN MAYEN; 268:SWAZILAND; 46:SWEDEN; 41:SWITZERLAND; 963:SYRIAN ARAB REPUBLIC; 886:TAIWAN; 992:TAJIKISTAN; 255:TANZANIA, UNITED REPUBLIC OF; 66:THAILAND; 670:TIMOR-LESTE (EAST TIMOR); 228:TOGO; 690:TOKELAU; 676:TONGA; 1868:TRINIDAD AND TOBAGO; 216:TUNISIA; 90:TURKEY; 993:TURKMENISTAN; 1649:TURKS AND CAICOS ISLANDS; 688:TUVALU; 256:UGANDA; 380:UKRAINE; 971:UNITED ARAB EMIRATES; 44:UNITED KINGDOM OF GREAT BRITAIN AND NORTHERN IRELAND; 2:UNITED STATES OF AMERICA; 1009:UNITED STATES MINOR OUTLYING ISLANDS; 598:URUGUAY; 998:UZBEKISTAN; 678:VANUATU; 58:VENEZUELA (BOLIVARIAN REPUBLIC OF); 84:VIET NAM; 1284:VIRGIN ISLANDS (BRITISH); 1340:VIRGIN ISLANDS (U.S.); 681:WALLIS AND FUTUNA; 1013:WESTERN SAHARA; 967:YEMEN; 260:ZAMBIA; 263:ZIMBABWE; 9999:OTHERS
ITR.ITR2.ScheduleCGFor23.ShortTermCapGainFor23.SaleofLandBuild.SaleofLandBuildDtls[].TrnsfImmblPrprty.TrnsfImmblPrprtyDtls[].PinCode	integer	False	type=integer, minimum=100000, maximum=999999, pattern=[1-9]{1}[0-9]{5}	
ITR.ITR2.ScheduleCGFor23.ShortTermCapGainFor23.SaleofLandBuild.SaleofLandBuildDtls[].TrnsfImmblPrprty.TrnsfImmblPrprtyDtls[].ZipCode	string	False	type=string, minLength=1, maxLength=8, pattern=|(\s*([\w\d_=!@#$%\^*\(\){}\[\]\|\\:;',\.\?/~`\-\+<>&][\s\w\d_=!@#$%\^*\(\){}\[\]\|\\:;',\.\?/~`\-\+<>&]*)\s*)	
ITR.ITR2.ScheduleCGFor23.ShortTermCapGainFor23.EquityMFonSTT[].MFSectionCode	string	True	type=string, pattern=|(\s*([\w\d_=!@#$%\^*\(\){}\[\]\|\\:;',\.\?/~`\-\+<>&][\s\w\d_=!@#$%\^*\(\){}\[\]\|\\:;',\.\?/~`\-\+<>&]*)\s*), enum=['1A', '5AD1biip'], REQUIRED	1A - 111A [for others]; 5AD1biip - 115AD(1)(b)(ii) [for Foreign Institutional Investors]
ITR.ITR2.ScheduleCGFor23.ShortTermCapGainFor23.EquityMFonSTT[].EquityMFonSTTDtls_BE.FullConsideration	integer	True	type=integer, minimum=0, maximum=99999999999999, REQUIRED	
ITR.ITR2.ScheduleCGFor23.ShortTermCapGainFor23.EquityMFonSTT[].EquityMFonSTTDtls_BE.DeductSec48.AquisitCost	integer	True	type=integer, minimum=0, maximum=99999999999999, REQUIRED	
ITR.ITR2.ScheduleCGFor23.ShortTermCapGainFor23.EquityMFonSTT[].EquityMFonSTTDtls_BE.DeductSec48.ImproveCost	integer	True	type=integer, minimum=0, maximum=99999999999999, REQUIRED	
ITR.ITR2.ScheduleCGFor23.ShortTermCapGainFor23.EquityMFonSTT[].EquityMFonSTTDtls_BE.DeductSec48.ExpOnTrans	integer	True	type=integer, minimum=0, maximum=99999999999999, REQUIRED	
ITR.ITR2.ScheduleCGFor23.ShortTermCapGainFor23.EquityMFonSTT[].EquityMFonSTTDtls_BE.DeductSec48.TotalDedn	integer	True	type=integer, minimum=0, maximum=99999999999999, REQUIRED	
ITR.ITR2.ScheduleCGFor23.ShortTermCapGainFor23.EquityMFonSTT[].EquityMFonSTTDtls_BE.BalanceCG	integer	True	type=integer, maximum=99999999999999, REQUIRED	
ITR.ITR2.ScheduleCGFor23.ShortTermCapGainFor23.EquityMFonSTT[].EquityMFonSTTDtls_BE.LossSec94of7Or94of8	integer	True	type=integer, minimum=0, maximum=99999999999999, REQUIRED	
ITR.ITR2.ScheduleCGFor23.ShortTermCapGainFor23.EquityMFonSTT[].EquityMFonSTTDtls_BE.CapgainonAssets	integer	True	type=integer, minimum=-99999999999999, maximum=99999999999999, REQUIRED	
ITR.ITR2.ScheduleCGFor23.ShortTermCapGainFor23.EquityMFonSTT[].EquityMFonSTTDtls.FullConsideration	integer	True	type=integer, minimum=0, maximum=99999999999999, REQUIRED	
ITR.ITR2.ScheduleCGFor23.ShortTermCapGainFor23.EquityMFonSTT[].EquityMFonSTTDtls.DeductSec48.AquisitCost	integer	True	type=integer, minimum=0, maximum=99999999999999, REQUIRED	
ITR.ITR2.ScheduleCGFor23.ShortTermCapGainFor23.EquityMFonSTT[].EquityMFonSTTDtls.DeductSec48.ImproveCost	integer	True	type=integer, minimum=0, maximum=99999999999999, REQUIRED	
ITR.ITR2.ScheduleCGFor23.ShortTermCapGainFor23.EquityMFonSTT[].EquityMFonSTTDtls.DeductSec48.ExpOnTrans	integer	True	type=integer, minimum=0, maximum=99999999999999, REQUIRED	
ITR.ITR2.ScheduleCGFor23.ShortTermCapGainFor23.EquityMFonSTT[].EquityMFonSTTDtls.DeductSec48.TotalDedn	integer	True	type=integer, minimum=0, maximum=99999999999999, REQUIRED	
ITR.ITR2.ScheduleCGFor23.ShortTermCapGainFor23.EquityMFonSTT[].EquityMFonSTTDtls.BalanceCG	integer	True	type=integer, maximum=99999999999999, REQUIRED	
ITR.ITR2.ScheduleCGFor23.ShortTermCapGainFor23.EquityMFonSTT[].EquityMFonSTTDtls.LossSec94of7Or94of8	integer	True	type=integer, minimum=0, maximum=99999999999999, REQUIRED	
ITR.ITR2.ScheduleCGFor23.ShortTermCapGainFor23.EquityMFonSTT[].EquityMFonSTTDtls.CapgainonAssets	integer	True	type=integer, minimum=-99999999999999, maximum=99999999999999, REQUIRED	
ITR.ITR2.ScheduleCGFor23.ShortTermCapGainFor23.EquityMFonSTT[].TotalCapGainonassets	integer	True	type=integer, minimum=-99999999999999, maximum=99999999999999, REQUIRED	
ITR.ITR2.ScheduleCGFor23.ShortTermCapGainFor23.NRITransacSec48Dtl.NRItaxSTTPaid	integer	True	type=integer, minimum=-99999999999999, maximum=99999999999999, REQUIRED	
ITR.ITR2.ScheduleCGFor23.ShortTermCapGainFor23.NRITransacSec48Dtl.NRItaxSTTPaidTransferBE	integer	True	type=integer, minimum=-99999999999999, maximum=99999999999999, REQUIRED	
ITR.ITR2.ScheduleCGFor23.ShortTermCapGainFor23.NRITransacSec48Dtl.NRItaxSTTPaidTransferAE	integer	True	type=integer, minimum=-99999999999999, maximum=99999999999999, REQUIRED	
ITR.ITR2.ScheduleCGFor23.ShortTermCapGainFor23.NRITransacSec48Dtl.NRItaxSTTNotPaid	integer	True	type=integer, minimum=-99999999999999, maximum=99999999999999, REQUIRED	
ITR.ITR2.ScheduleCGFor23.ShortTermCapGainFor23.NRISecur115AD.FullValueConsdRecvUnqshr	integer	True	type=integer, minimum=0, maximum=99999999999999, REQUIRED	
ITR.ITR2.ScheduleCGFor23.ShortTermCapGainFor23.NRISecur115AD.FairMrktValueUnqshr	integer	True	type=integer, minimum=0, maximum=99999999999999, REQUIRED	
ITR.ITR2.ScheduleCGFor23.ShortTermCapGainFor23.NRISecur115AD.FullValueConsdSec50CA	integer	True	type=integer, minimum=0, maximum=99999999999999, REQUIRED	
ITR.ITR2.ScheduleCGFor23.ShortTermCapGainFor23.NRISecur115AD.FullValueConsdOthUnqshr	integer	True	type=integer, minimum=0, maximum=99999999999999, REQUIRED	
ITR.ITR2.ScheduleCGFor23.ShortTermCapGainFor23.NRISecur115AD.FullConsideration	integer	True	type=integer, minimum=0, maximum=99999999999999, REQUIRED	
ITR.ITR2.ScheduleCGFor23.ShortTermCapGainFor23.NRISecur115AD.DeductSec48.AquisitCost	integer	True	type=integer, minimum=0, maximum=99999999999999, REQUIRED	
ITR.ITR2.ScheduleCGFor23.ShortTermCapGainFor23.NRISecur115AD.DeductSec48.ImproveCost	integer	True	type=integer, minimum=0, maximum=99999999999999, REQUIRED	
ITR.ITR2.ScheduleCGFor23.ShortTermCapGainFor23.NRISecur115AD.DeductSec48.ExpOnTrans	integer	True	type=integer, minimum=0, maximum=99999999999999, REQUIRED	
ITR.ITR2.ScheduleCGFor23.ShortTermCapGainFor23.NRISecur115AD.DeductSec48.TotalDedn	integer	True	type=integer, minimum=0, maximum=99999999999999, REQUIRED	
ITR.ITR2.ScheduleCGFor23.ShortTermCapGainFor23.NRISecur115AD.BalanceCG	integer	True	type=integer, maximum=99999999999999, REQUIRED	
ITR.ITR2.ScheduleCGFor23.ShortTermCapGainFor23.NRISecur115AD.LossSec94of7Or94of8	integer	True	type=integer, minimum=0, maximum=99999999999999, REQUIRED	
ITR.ITR2.ScheduleCGFor23.ShortTermCapGainFor23.NRISecur115AD.CapgainonAssets	integer	True	type=integer, minimum=-99999999999999, maximum=99999999999999, REQUIRED	
ITR.ITR2.ScheduleCGFor23.ShortTermCapGainFor23.SaleOnOtherAssets.FullValueConsdRecvUnqshr	integer	True	type=integer, minimum=0, maximum=99999999999999, REQUIRED	
ITR.ITR2.ScheduleCGFor23.ShortTermCapGainFor23.SaleOnOtherAssets.FairMrktValueUnqshr	integer	True	type=integer, minimum=0, maximum=99999999999999, REQUIRED	
ITR.ITR2.ScheduleCGFor23.ShortTermCapGainFor23.SaleOnOtherAssets.FullValueConsdSec50CA	integer	True	type=integer, minimum=0, maximum=99999999999999, REQUIRED	
ITR.ITR2.ScheduleCGFor23.ShortTermCapGainFor23.SaleOnOtherAssets.FullValueConsdOthUnqshr	integer	True	type=integer, minimum=0, maximum=99999999999999, REQUIRED	
ITR.ITR2.ScheduleCGFor23.ShortTermCapGainFor23.SaleOnOtherAssets.FullConsideration	integer	True	type=integer, minimum=0, maximum=99999999999999, REQUIRED	
ITR.ITR2.ScheduleCGFor23.ShortTermCapGainFor23.SaleOnOtherAssets.DeductSec48.AquisitCost	integer	True	type=integer, minimum=0, maximum=99999999999999, REQUIRED	
ITR.ITR2.ScheduleCGFor23.ShortTermCapGainFor23.SaleOnOtherAssets.DeductSec48.ImproveCost	integer	True	type=integer, minimum=0, maximum=99999999999999, REQUIRED	
ITR.ITR2.ScheduleCGFor23.ShortTermCapGainFor23.SaleOnOtherAssets.DeductSec48.ExpOnTrans	integer	True	type=integer, minimum=0, maximum=99999999999999, REQUIRED	
ITR.ITR2.ScheduleCGFor23.ShortTermCapGainFor23.SaleOnOtherAssets.DeductSec48.TotalDedn	integer	True	type=integer, minimum=0, maximum=99999999999999, REQUIRED	
ITR.ITR2.ScheduleCGFor23.ShortTermCapGainFor23.SaleOnOtherAssets.BalanceCG	integer	True	type=integer, maximum=99999999999999, REQUIRED	
ITR.ITR2.ScheduleCGFor23.ShortTermCapGainFor23.SaleOnOtherAssets.LossSec94of7Or94of8	integer	True	type=integer, minimum=0, maximum=99999999999999, REQUIRED	
ITR.ITR2.ScheduleCGFor23.ShortTermCapGainFor23.SaleOnOtherAssets.CapgainonAssets	integer	True	type=integer, minimum=-99999999999999, maximum=99999999999999, REQUIRED	
ITR.ITR2.ScheduleCGFor23.ShortTermCapGainFor23.UnutilizedStcgFlag	string	False	type=string, pattern=|(\s*([\w\d_=!@#$%\^*\(\){}\[\]\|\\:;',\.\?/~`\-\+<>&][\s\w\d_=!@#$%\^*\(\){}\[\]\|\\:;',\.\?/~`\-\+<>&]*)\s*), enum=['Y', 'N', 'X']	Y - Yes; N - No; X - Not Applicable
ITR.ITR2.ScheduleCGFor23.ShortTermCapGainFor23.UnutilizedCg.UnutilizedCgPrvYrDtls[].PrvYrInWhichAsstTrnsfrd	string	True	type=string, pattern=|(\s*([\w\d_=!@#$%\^*\(\){}\[\]\|\\:;',\.\?/~`\-\+<>&][\s\w\d_=!@#$%\^*\(\){}\[\]\|\\:;',\.\?/~`\-\+<>&]*)\s*), enum=['2022-23', '2023-24'], REQUIRED	
ITR.ITR2.ScheduleCGFor23.ShortTermCapGainFor23.UnutilizedCg.UnutilizedCgPrvYrDtls[].SectionClmd	string	True	type=string, pattern=|(\s*([\w\d_=!@#$%\^*\(\){}\[\]\|\\:;',\.\?/~`\-\+<>&][\s\w\d_=!@#$%\^*\(\){}\[\]\|\\:;',\.\?/~`\-\+<>&]*)\s*), enum=['54B'], REQUIRED	
ITR.ITR2.ScheduleCGFor23.ShortTermCapGainFor23.UnutilizedCg.UnutilizedCgPrvYrDtls[].YrInWhichAssetAcq	string	False	type=string, pattern=|(\s*([\w\d_=!@#$%\^*\(\){}\[\]\|\\:;',\.\?/~`\-\+<>&][\s\w\d_=!@#$%\^*\(\){}\[\]\|\\:;',\.\?/~`\-\+<>&]*)\s*), enum=['2022', '2023', '2024']	
ITR.ITR2.ScheduleCGFor23.ShortTermCapGainFor23.UnutilizedCg.UnutilizedCgPrvYrDtls[].AmtUtilized	integer	False	type=integer, minimum=-99999999999999, maximum=99999999999999	
ITR.ITR2.ScheduleCGFor23.ShortTermCapGainFor23.UnutilizedCg.UnutilizedCgPrvYrDtls[].AmtUnutilized	integer	True	type=integer, minimum=-99999999999999, maximum=99999999999999, REQUIRED	
ITR.ITR2.ScheduleCGFor23.ShortTermCapGainFor23.AmtDeemedStcg	integer	False	type=integer, minimum=0, maximum=99999999999999	
ITR.ITR2.ScheduleCGFor23.ShortTermCapGainFor23.TotalAmtDeemedStcg	integer	True	type=integer, minimum=0, maximum=99999999999999, REQUIRED	
ITR.ITR2.ScheduleCGFor23.ShortTermCapGainFor23.PassThrIncNatureSTCG	integer	True	type=integer, maximum=99999999999999, REQUIRED	
ITR.ITR2.ScheduleCGFor23.ShortTermCapGainFor23.PassThrIncNatureSTCG15Per	integer	False	type=integer, minimum=-99999999999999, maximum=99999999999999	
ITR.ITR2.ScheduleCGFor23.ShortTermCapGainFor23.PassThrIncNatureSTCG20Per	integer	False	type=integer, minimum=-99999999999999, maximum=99999999999999	
ITR.ITR2.ScheduleCGFor23.ShortTermCapGainFor23.PassThrIncNatureSTCG30Per	integer	False	type=integer, minimum=-99999999999999, maximum=99999999999999	
ITR.ITR2.ScheduleCGFor23.ShortTermCapGainFor23.PassThrIncNatureSTCGAppRate	integer	False	type=integer, minimum=-99999999999999, maximum=99999999999999	
ITR.ITR2.ScheduleCGFor23.ShortTermCapGainFor23.NRICgDTAA.NRIDTAADtls[].DTAAamt	integer	True	type=integer, minimum=-99999999999999, maximum=99999999999999, REQUIRED	
ITR.ITR2.ScheduleCGFor23.ShortTermCapGainFor23.NRICgDTAA.NRIDTAADtls[].ItemNoincl	string	True	type=string, pattern=|(\s*([\w\d_=!@#$%\^*\(\){}\[\]\|\\:;',\.\?/~`\-\+<>&][\s\w\d_=!@#$%\^*\(\){}\[\]\|\\:;',\.\?/~`\-\+<>&]*)\s*), enum=['A1e', 'A2ei_111A_BE', 'A2ei_115AD_BE', 'A2eii_111A', 'A2eii_115AD', 'A3a_BE', 'A3a', 'A3b', 'A4e', 'A5e', 'A6', 'A7a', 'A7aii_20%', 'A7b', 'A7c'], REQUIRED	A1e - A1e; A2ei_111A_BE- A2ei_111A_BE; A2ei_115AD_BE - A2ei_115AD_BE; A2eii_111A - A2eii_111A; A2eii_115AD - A2eii_115AD; A3a_BE - A3ai_BE; A3a - A3aii; A3b - A3b; A4e - A4e; A5e - A5e; A6 - A6; A7a - A7ai; A7aii_20% - A7aii_20%; A7b - A7b; A7c - A7c
ITR.ITR2.ScheduleCGFor23.ShortTermCapGainFor23.NRICgDTAA.NRIDTAADtls[].CountryName	string	True	type=string, minLength=1, maxLength=55, pattern=|(\s*([\w\d_=!@#$%\^*\(\){}\[\]\|\\:;',\.\?/~`\-\+<>&][\s\w\d_=!@#$%\^*\(\){}\[\]\|\\:;',\.\?/~`\-\+<>&]*)\s*), REQUIRED	
ITR.ITR2.ScheduleCGFor23.ShortTermCapGainFor23.NRICgDTAA.NRIDTAADtls[].CountryCodeExcludingIndia	string	True	type=string, pattern=|(\s*([\w\d_=!@#$%\^*\(\){}\[\]\|\\:;',\.\?/~`\-\+<>&][\s\w\d_=!@#$%\^*\(\){}\[\]\|\\:;',\.\?/~`\-\+<>&]*)\s*), enum=['93', '1001', '355', '213', '684', '376', '244', '1264', '1010', '1268', '54', '374', '297', '61', '43', '994', '1242', '973', '880', '1246', '375', '32', '501…], REQUIRED	93:AFGHANISTAN; 1001:ÅLAND ISLANDS; 355:ALBANIA; 213:ALGERIA; 684:AMERICAN SAMOA; 376:ANDORRA; 244:ANGOLA; 1264:ANGUILLA; 1010:ANTARCTICA; 1268:ANTIGUA AND BARBUDA; 54:ARGENTINA; 374:ARMENIA; 297:ARUBA; 61:AUSTRALIA; 43:AUSTRIA; 994:AZERBAIJAN; 1242:BAHAMAS; 973:BAHRAIN; 880:BANGLADESH; 1246:BARBADOS; 375:BELARUS; 32:BELGIUM; 501:BELIZE; 229:BENIN; 1441:BERMUDA; 975:BHUTAN; 591:BOLIVIA (PLURINATIONAL STATE OF); 1002:BONAIRE, SINT EUSTATIUS AND SABA; 387:BOSNIA AND HERZEGOVINA; 267:BOTSWANA; 1003:BOUVET ISLAND; 55:BRAZIL; 1014:BRITISH INDIAN OCEAN TERRITORY; 673:BRUNEI DARUSSALAM; 359:BULGARIA; 226: BURKINA FASO; 257:BURUNDI; 238:CABO VERDE; 855:CAMBODIA; 237:CAMEROON; 1:CANADA; 1345:CAYMAN ISLANDS; 236:CENTRAL AFRICAN REPUBLIC; 235:CHAD; 56:CHILE; 86:CHINA; 9:CHRISTMAS ISLAND; 672:COCOS (KEELING) ISLANDS; 57:COLOMBIA; 270:COMOROS; 242:CONGO; 243:CONGO (DEMOCRATIC REPUBLIC OF THE); 682:COOK ISLANDS; 506:COSTA RICA; 225:CÔTE D'IVOIRE; 385:CROATIA; 53:CUBA; 1015:CURAÇAO; 357:CYPRUS; 420:CZECHIA; 45:DENMARK; 253:DJIBOUTI; 1767:DOMINICA; 1809:DOMINICAN REPUBLIC; 593:ECUADOR; 20:EGYPT; 503:EL SALVADOR; 240:EQUATORIAL GUINEA; 291:ERITREA; 372:ESTONIA; 251:ETHIOPIA; 500:FALKLAND ISLANDS (MALVINAS); 298:FAROE ISLANDS; 679:FIJI; 358:FINLAND; 33:FRANCE; 594:FRENCH GUIANA; 689:FRENCH POLYNESIA; 1004:FRENCH SOUTHERN TERRITORIES; 241:GABON; 220:GAMBIA; 995:GEORGIA; 49:GERMANY; 233:GHANA; 350:GIBRALTAR; 30:GREECE; 299:GREENLAND; 1473:GRENADA; 590:GUADELOUPE; 1671:GUAM; 502:GUATEMALA; 1481:GUERNSEY; 224:GUINEA; 245:GUINEA-BISSAU; 592:GUYANA; 509:HAITI; 1005:HEARD ISLAND AND MCDONALD ISLANDS; 6:HOLY SEE; 504:HONDURAS; 852:HONG KONG; 36:HUNGARY; 354:ICELAND; 62:INDONESIA; 98:IRAN (ISLAMIC REPUBLIC OF); 964:IRAQ; 353:IRELAND; 1624:ISLE OF MAN; 972:ISRAEL; 5:ITALY; 1876:JAMAICA; 81:JAPAN; 1534:JERSEY; 962:JORDAN; 7:KAZAKHSTAN; 254:KENYA; 686:KIRIBATI; 850:KOREA(DEMOCRATIC PEOPLE'S REPUBLIC OF); 82:KOREA (REPUBLIC OF); 965:KUWAIT; 996:KYRGYZSTAN; 856:LAO PEOPLE'S DEMOCRATIC REPUBLIC; 371:LATVIA; 961:LEBANON; 266:LESOTHO; 231:LIBERIA; 218:LIBYA; 423:LIECHTENSTEIN; 370:LITHUANIA; 352:LUXEMBOURG; 853:MACAO; 389:MACEDONIA(THE FORMER YUGOSLAV REPUBLIC OF); 261:MADAGASCAR; 265:MALAWI; 60:MALAYSIA; 960:MALDIVES; 223:MALI; 356:MALTA; 692:MARSHALL ISLANDS; 596:MARTINIQUE; 222:MAURITANIA; 230:MAURITIUS; 269:MAYOTTE; 52:MEXICO; 691:MICRONESIA (FEDERATED STATES OF); 373:MOLDOVA (REPUBLIC OF); 377:MONACO; 976:MONGOLIA; 382:MONTENEGRO; 1664:MONTSERRAT; 212:MOROCCO; 258:MOZAMBIQUE; 95:MYANMAR; 264:NAMIBIA; 674:NAURU; 977:NEPAL; 31:NETHERLANDS; 687:NEW CALEDONIA; 64:NEW ZEALAND; 505:NICARAGUA; 227:NIGER; 234:NIGERIA; 683:NIUE; 15:NORFOLK ISLAND; 1670:NORTHERN MARIANA ISLANDS; 47:NORWAY; 968:OMAN; 92:PAKISTAN; 680:PALAU; 970:PALESTINE, STATE OF; 507:PANAMA; 675:PAPUA NEW GUINEA; 595:PARAGUAY; 51:PERU; 63:PHILIPPINES; 1011:PITCAIRN; 48:POLAND; 14:PORTUGAL; 1787:PUERTO RICO; 974:QATAR; 262:RÉUNION; 40:ROMANIA; 8:RUSSIAN FEDERATION; 250:RWANDA; 1006:SAINT BARTHÉLEMY; 290: SAINT HELENA, ASCENSION AND TRISTAN DA CUNHA; 1869:SAINT KITTS AND NEVIS; 1758:SAINT LUCIA; 1007:SAINT MARTIN (FRENCH PART); 508:SAINT PIERRE AND MIQUELON; 1784:SAINT VINCENT AND THE GRENADINES; 685:SAMOA; 378:SAN MARINO; 239:SAO TOME AND PRINCIPE; 966:SAUDI ARABIA; 221:SENEGAL; 381:SERBIA; 248:SEYCHELLES; 232:SIERRA LEONE; 65:SINGAPORE; 1721:SINT MAARTEN (DUTCH PART); 421:SLOVAKIA; 386:SLOVENIA; 677:SOLOMON ISLANDS; 252:SOMALIA; 28:SOUTH AFRICA; 1008:SOUTH GEORGIA AND THE SOUTH SANDWICH ISLANDS; 211:SOUTH SUDAN; 35:SPAIN; 94:SRI LANKA; 249:SUDAN; 597:SURINAME; 1012:SVALBARD AND JAN MAYEN; 268:SWAZILAND; 46:SWEDEN; 41:SWITZERLAND; 963:SYRIAN ARAB REPUBLIC; 886:TAIWAN; 992:TAJIKISTAN; 255:TANZANIA, UNITED REPUBLIC OF; 66:THAILAND; 670:TIMOR-LESTE (EAST TIMOR); 228:TOGO; 690:TOKELAU; 676:TONGA; 1868:TRINIDAD AND TOBAGO; 216:TUNISIA; 90:TURKEY; 993:TURKMENISTAN; 1649:TURKS AND CAICOS ISLANDS; 688:TUVALU; 256:UGANDA; 380:UKRAINE; 971:UNITED ARAB EMIRATES; 44:UNITED KINGDOM OF GREAT BRITAIN AND NORTHERN IRELAND; 2:UNITED STATES OF AMERICA; 1009:UNITED STATES MINOR OUTLYING ISLANDS; 598:URUGUAY; 998:UZBEKISTAN; 678:VANUATU; 58:VENEZUELA (BOLIVARIAN REPUBLIC OF); 84:VIET NAM; 1284:VIRGIN ISLANDS (BRITISH); 1340:VIRGIN ISLANDS (U.S.); 681:WALLIS AND FUTUNA; 1013:WESTERN SAHARA; 967:YEMEN; 260:ZAMBIA; 263:ZIMBABWE; 9999:OTHERS
ITR.ITR2.ScheduleCGFor23.ShortTermCapGainFor23.NRICgDTAA.NRIDTAADtls[].DTAAarticle	string	True	type=string, minLength=1, maxLength=16, pattern=|(\s*([\w\d_=!@#$%\^*\(\){}\[\]\|\\:;',\.\?/~`\-\+<>&][\s\w\d_=!@#$%\^*\(\){}\[\]\|\\:;',\.\?/~`\-\+<>&]*)\s*), REQUIRED	
ITR.ITR2.ScheduleCGFor23.ShortTermCapGainFor23.NRICgDTAA.NRIDTAADtls[].RateAsPerTreaty	number	True	type=number, minimum=0, maximum=100, REQUIRED	
ITR.ITR2.ScheduleCGFor23.ShortTermCapGainFor23.NRICgDTAA.NRIDTAADtls[].TaxRescertifiedFlag	string	False	type=string, pattern=|(\s*([\w\d_=!@#$%\^*\(\){}\[\]\|\\:;',\.\?/~`\-\+<>&][\s\w\d_=!@#$%\^*\(\){}\[\]\|\\:;',\.\?/~`\-\+<>&]*)\s*), enum=['Y', 'N']	Y - Yes; N - No
ITR.ITR2.ScheduleCGFor23.ShortTermCapGainFor23.NRICgDTAA.NRIDTAADtls[].SecITAct	string	True	type=string, minLength=1, maxLength=10, pattern=|(\s*([\w\d_=!@#$%\^*\(\){}\[\]\|\\:;',\.\?/~`\-\+<>&][\s\w\d_=!@#$%\^*\(\){}\[\]\|\\:;',\.\?/~`\-\+<>&]*)\s*), REQUIRED	
ITR.ITR2.ScheduleCGFor23.ShortTermCapGainFor23.NRICgDTAA.NRIDTAADtls[].RateAsPerITAct	number	True	type=number, minimum=0, maximum=100, REQUIRED	
ITR.ITR2.ScheduleCGFor23.ShortTermCapGainFor23.NRICgDTAA.NRIDTAADtls[].ApplicableRate	number	False	type=number, minimum=0, maximum=100	
ITR.ITR2.ScheduleCGFor23.ShortTermCapGainFor23.TotalAmtNotTaxUsDTAAStcg	integer	True	type=integer, minimum=-99999999999999, maximum=99999999999999, REQUIRED	
ITR.ITR2.ScheduleCGFor23.ShortTermCapGainFor23.TotalAmtTaxUsDTAAStcg	integer	True	type=integer, minimum=-99999999999999, maximum=99999999999999, REQUIRED	
ITR.ITR2.ScheduleCGFor23.ShortTermCapGainFor23.CapitalLossBuyBackShares.TotalCapitalLossBuyBackShares	integer	True	type=integer, minimum=-99999999999999, maximum=0, REQUIRED	
ITR.ITR2.ScheduleCGFor23.ShortTermCapGainFor23.CapitalLossBuyBackShares.CapitalLossBuyBackSharesDtls[].Rate	string	True	type=string, pattern=|(\s*([\w\d_=!@#$%\^*\(\){}\[\]\|\\:;',\.\?/~`\-\+<>&][\s\w\d_=!@#$%\^*\(\){}\[\]\|\\:;',\.\?/~`\-\+<>&]*)\s*), enum=['STL20', 'STL30', 'STLAR'], REQUIRED	STL20 - Loss from buy back of 'shares taxable at 20%' ; STL30 - Loss from buy back of 'shares taxable at 30%' ; STLAR - Loss from buy back of 'shares taxable at applicable rate'
ITR.ITR2.ScheduleCGFor23.ShortTermCapGainFor23.CapitalLossBuyBackShares.CapitalLossBuyBackSharesDtls[].Amount	integer	True	type=integer, minimum=-99999999999999, maximum=0, REQUIRED	
ITR.ITR2.ScheduleCGFor23.ShortTermCapGainFor23.TotalSTCG	integer	True	type=integer, minimum=-99999999999999, maximum=99999999999999, REQUIRED	
ITR.ITR2.ScheduleCGFor23.LongTermCapGain23.SaleofLandBuild.SaleofLandBuildDtls[].FullConsideration	integer	False	type=integer, minimum=0, maximum=99999999999999	
ITR.ITR2.ScheduleCGFor23.LongTermCapGain23.SaleofLandBuild.SaleofLandBuildDtls[].DateofPurchase	string	False	type=string, pattern=([12]\d{3}-(0[1-9]|1[0-2])-(0[1-9]|[12]\d|3[01]))	Date in format YYYY-MM-DD
ITR.ITR2.ScheduleCGFor23.LongTermCapGain23.SaleofLandBuild.SaleofLandBuildDtls[].DateofSale	string	False	type=string, pattern=([12]\d{3}-(0[1-9]|1[0-2])-(0[1-9]|[12]\d|3[01]))	Date in format YYYY-MM-DD
ITR.ITR2.ScheduleCGFor23.LongTermCapGain23.SaleofLandBuild.SaleofLandBuildDtls[].PropertyValuation	integer	False	type=integer, minimum=0, maximum=99999999999999	
ITR.ITR2.ScheduleCGFor23.LongTermCapGain23.SaleofLandBuild.SaleofLandBuildDtls[].FullConsideration50C	integer	True	type=integer, minimum=0, maximum=99999999999999, REQUIRED	
ITR.ITR2.ScheduleCGFor23.LongTermCapGain23.SaleofLandBuild.SaleofLandBuildDtls[].AquisitCost	integer	True	type=integer, minimum=0, maximum=99999999999999, REQUIRED	
ITR.ITR2.ScheduleCGFor23.LongTermCapGain23.SaleofLandBuild.SaleofLandBuildDtls[].AquisitCostIndex	integer	True	type=integer, minimum=0, maximum=99999999999999, REQUIRED	
ITR.ITR2.ScheduleCGFor23.LongTermCapGain23.SaleofLandBuild.SaleofLandBuildDtls[].CostOfImprovements.CostOfImprovementsDtls[].slno	integer	True	type=integer, minimum=0, maximum=99999999999999, REQUIRED	
ITR.ITR2.ScheduleCGFor23.LongTermCapGain23.SaleofLandBuild.SaleofLandBuildDtls[].CostOfImprovements.CostOfImprovementsDtls[].ImproveCost	integer	True	type=integer, minimum=0, maximum=99999999999999, REQUIRED	
ITR.ITR2.ScheduleCGFor23.LongTermCapGain23.SaleofLandBuild.SaleofLandBuildDtls[].CostOfImprovements.CostOfImprovementsDtls[].ImproveDate	string	True	type=string, pattern=|(\s*([\w\d_=!@#$%\^*\(\){}\[\]\|\\:;',\.\?/~`\-\+<>&][\s\w\d_=!@#$%\^*\(\){}\[\]\|\\:;',\.\?/~`\-\+<>&]*)\s*), enum=['2001-02', '2002-03', '2003-04', '2004-05', '2005-06', '2006-07', '2007-08', '2008-09', '2009-10', '2010-11', '2011-12', '2012-13', '2013-14', '2014-15', '2015…], REQUIRED	
ITR.ITR2.ScheduleCGFor23.LongTermCapGain23.SaleofLandBuild.SaleofLandBuildDtls[].CostOfImprovements.CostOfImprovementsDtls[].CostOfImpIndex	integer	True	type=integer, minimum=0, maximum=99999999999999, REQUIRED	
ITR.ITR2.ScheduleCGFor23.LongTermCapGain23.SaleofLandBuild.SaleofLandBuildDtls[].CostOfImprovements.TotalImprovecost	integer	True	type=integer, minimum=0, maximum=99999999999999, REQUIRED	
ITR.ITR2.ScheduleCGFor23.LongTermCapGain23.SaleofLandBuild.SaleofLandBuildDtls[].CostOfImprovements.TotalindexImprovecost	integer	True	type=integer, minimum=0, maximum=99999999999999, REQUIRED	
ITR.ITR2.ScheduleCGFor23.LongTermCapGain23.SaleofLandBuild.SaleofLandBuildDtls[].ExpOnTrans	integer	True	type=integer, minimum=0, maximum=99999999999999, REQUIRED	
ITR.ITR2.ScheduleCGFor23.LongTermCapGain23.SaleofLandBuild.SaleofLandBuildDtls[].TotalDedn	integer	True	type=integer, minimum=0, maximum=99999999999999, REQUIRED	
ITR.ITR2.ScheduleCGFor23.LongTermCapGain23.SaleofLandBuild.SaleofLandBuildDtls[].TotalDednForEiB	integer	False	type=integer, minimum=0, maximum=99999999999999	
ITR.ITR2.ScheduleCGFor23.LongTermCapGain23.SaleofLandBuild.SaleofLandBuildDtls[].Balance	integer	True	type=integer, minimum=-99999999999999, maximum=99999999999999, REQUIRED	
ITR.ITR2.ScheduleCGFor23.LongTermCapGain23.SaleofLandBuild.SaleofLandBuildDtls[].BalanceForEiB	integer	False	type=integer, minimum=0, maximum=99999999999999	
ITR.ITR2.ScheduleCGFor23.LongTermCapGain23.SaleofLandBuild.SaleofLandBuildDtls[].ExemptionOrDednUs54.ExemptionOrDednUs54Dtls[].ExemptionSecCode	string	True	type=string, pattern=|(\s*([\w\d_=!@#$%\^*\(\){}\[\]\|\\:;',\.\?/~`\-\+<>&][\s\w\d_=!@#$%\^*\(\){}\[\]\|\\:;',\.\?/~`\-\+<>&]*)\s*), enum=['54', '54B', '54F', '54EC'], REQUIRED	54 - Sec 54; 54B - Sec 54B; 54EC - Sec 54EC; 54F - Sec 54F
ITR.ITR2.ScheduleCGFor23.LongTermCapGain23.SaleofLandBuild.SaleofLandBuildDtls[].ExemptionOrDednUs54.ExemptionOrDednUs54Dtls[].ExemptionAmount	integer	True	type=integer, minimum=0, maximum=99999999999999, REQUIRED	
ITR.ITR2.ScheduleCGFor23.LongTermCapGain23.SaleofLandBuild.SaleofLandBuildDtls[].ExemptionOrDednUs54.ExemptionGrandTotal	integer	True	type=integer, minimum=0, maximum=99999999999999, REQUIRED	
ITR.ITR2.ScheduleCGFor23.LongTermCapGain23.SaleofLandBuild.SaleofLandBuildDtls[].LTCGonImmvblPrprty	integer	True	type=integer, minimum=-99999999999999, maximum=99999999999999, REQUIRED	
ITR.ITR2.ScheduleCGFor23.LongTermCapGain23.SaleofLandBuild.SaleofLandBuildDtls[].LTCGonImmvblPrprtyBE	integer	False	type=integer, minimum=-99999999999999, maximum=99999999999999	
ITR.ITR2.ScheduleCGFor23.LongTermCapGain23.SaleofLandBuild.SaleofLandBuildDtls[].TaxSec1121aiiB	integer	False	type=integer, minimum=0, maximum=99999999999999	
ITR.ITR2.ScheduleCGFor23.LongTermCapGain23.SaleofLandBuild.SaleofLandBuildDtls[].TaxSec1121a	integer	False	type=integer, minimum=0, maximum=99999999999999	
ITR.ITR2.ScheduleCGFor23.LongTermCapGain23.SaleofLandBuild.SaleofLandBuildDtls[].ExcessAmtSec1121a	integer	False	type=integer, minimum=0, maximum=99999999999999	
ITR.ITR2.ScheduleCGFor23.LongTermCapGain23.SaleofLandBuild.SaleofLandBuildDtls[].TrnsfImmblPrprty.TrnsfImmblPrprtyDtls[].NameOfBuyer	string	True	type=string, minLength=1, maxLength=125, pattern=|(\s*([\w\d_=!@#$%\^*\(\){}\[\]\|\\:;',\.\?/~`\-\+<>&][\s\w\d_=!@#$%\^*\(\){}\[\]\|\\:;',\.\?/~`\-\+<>&]*)\s*), REQUIRED	
ITR.ITR2.ScheduleCGFor23.LongTermCapGain23.SaleofLandBuild.SaleofLandBuildDtls[].TrnsfImmblPrprty.TrnsfImmblPrprtyDtls[].PANofBuyer	string	False	type=string, pattern=[A-Z]{5}[0-9]{4}[A-Z]	
ITR.ITR2.ScheduleCGFor23.LongTermCapGain23.SaleofLandBuild.SaleofLandBuildDtls[].TrnsfImmblPrprty.TrnsfImmblPrprtyDtls[].AaadhaarOfBuyer	string	False	type=string, pattern=[0-9]{12}	
ITR.ITR2.ScheduleCGFor23.LongTermCapGain23.SaleofLandBuild.SaleofLandBuildDtls[].TrnsfImmblPrprty.TrnsfImmblPrprtyDtls[].PercentageShare	number	True	type=number, minimum=0, maximum=100, REQUIRED	
ITR.ITR2.ScheduleCGFor23.LongTermCapGain23.SaleofLandBuild.SaleofLandBuildDtls[].TrnsfImmblPrprty.TrnsfImmblPrprtyDtls[].Amount	integer	True	type=integer, minimum=0, maximum=99999999999999, REQUIRED	
ITR.ITR2.ScheduleCGFor23.LongTermCapGain23.SaleofLandBuild.SaleofLandBuildDtls[].TrnsfImmblPrprty.TrnsfImmblPrprtyDtls[].AddressOfProperty	string	True	type=string, minLength=1, maxLength=250, pattern=|(\s*([\w\d_=!@#$%\^*\(\){}\[\]\|\\:;',\.\?/~`\-\+<>&][\s\w\d_=!@#$%\^*\(\){}\[\]\|\\:;',\.\?/~`\-\+<>&]*)\s*), REQUIRED	
ITR.ITR2.ScheduleCGFor23.LongTermCapGain23.SaleofLandBuild.SaleofLandBuildDtls[].TrnsfImmblPrprty.TrnsfImmblPrprtyDtls[].StateCode	string	True	type=string, pattern=|(\s*([\w\d_=!@#$%\^*\(\){}\[\]\|\\:;',\.\?/~`\-\+<>&][\s\w\d_=!@#$%\^*\(\){}\[\]\|\\:;',\.\?/~`\-\+<>&]*)\s*), enum=['01', '02', '03', '04', '05', '06', '07', '08', '09', '10', '11', '12', '13', '14', '15', '16', '17', '18', '19', '20', '21', '22', '23', '24', '25', '26', '27…], REQUIRED	01-Andaman and Nicobar islands; 02-Andhra Pradesh; 03-Arunachal Pradesh; 04-Assam; 05-Bihar; 06-Chandigarh; 07-Dadra Nagar and Haveli; 08-Daman and Diu; 09- Delhi; 10- Goa; 11-Gujarat; 12- Haryana; 13- Himachal Pradesh; 14-Jammu and Kashmir; 15- Karnataka; 16- Kerala; 17- Lakshadweep; 18-Madhya Pradesh; 19-Maharashtra; 20-Manipur; 21- Meghalaya; 22-Mizoram; 23-Nagaland; 24- Odisha; 25- Puducherry; 26- Punjab; 27-Rajasthan; 28- Sikkim; 29-Tamil Nadu; 30- Tripura; 31-Uttar Pradesh; 32- West Bengal; 33- Chhattisgarh; 34- Uttarakhand; 35- Jharkhand; 36- Telangana; 37- Ladakh; 99- State outside India
ITR.ITR2.ScheduleCGFor23.LongTermCapGain23.SaleofLandBuild.SaleofLandBuildDtls[].TrnsfImmblPrprty.TrnsfImmblPrprtyDtls[].CountryCode	string	True	type=string, pattern=|(\s*([\w\d_=!@#$%\^*\(\){}\[\]\|\\:;',\.\?/~`\-\+<>&][\s\w\d_=!@#$%\^*\(\){}\[\]\|\\:;',\.\?/~`\-\+<>&]*)\s*), enum=['93', '1001', '355', '213', '684', '376', '244', '1264', '1010', '1268', '54', '374', '297', '61', '43', '994', '1242', '973', '880', '1246', '375', '32', '501…], REQUIRED	93:AFGHANISTAN; 1001:ÅLAND ISLANDS; 355:ALBANIA; 213:ALGERIA; 684:AMERICAN SAMOA; 376:ANDORRA; 244:ANGOLA; 1264:ANGUILLA; 1010:ANTARCTICA; 1268:ANTIGUA AND BARBUDA; 54:ARGENTINA; 374:ARMENIA; 297:ARUBA; 61:AUSTRALIA; 43:AUSTRIA; 994:AZERBAIJAN; 1242:BAHAMAS; 973:BAHRAIN; 880:BANGLADESH; 1246:BARBADOS; 375:BELARUS; 32:BELGIUM; 501:BELIZE; 229:BENIN; 1441:BERMUDA; 975:BHUTAN; 591:BOLIVIA (PLURINATIONAL STATE OF); 1002:BONAIRE, SINT EUSTATIUS AND SABA; 387:BOSNIA AND HERZEGOVINA; 267:BOTSWANA; 1003:BOUVET ISLAND; 55:BRAZIL; 1014:BRITISH INDIAN OCEAN TERRITORY; 673:BRUNEI DARUSSALAM; 359:BULGARIA; 226: BURKINA FASO; 257:BURUNDI; 238:CABO VERDE; 855:CAMBODIA; 237:CAMEROON; 1:CANADA; 1345:CAYMAN ISLANDS; 236:CENTRAL AFRICAN REPUBLIC; 235:CHAD; 56:CHILE; 86:CHINA; 9:CHRISTMAS ISLAND; 672:COCOS (KEELING) ISLANDS; 57:COLOMBIA; 270:COMOROS; 242:CONGO; 243:CONGO (DEMOCRATIC REPUBLIC OF THE); 682:COOK ISLANDS; 506:COSTA RICA; 225:CÔTE D'IVOIRE; 385:CROATIA; 53:CUBA; 1015:CURAÇAO; 357:CYPRUS; 420:CZECHIA; 45:DENMARK; 253:DJIBOUTI; 1767:DOMINICA; 1809:DOMINICAN REPUBLIC; 593:ECUADOR; 20:EGYPT; 503:EL SALVADOR; 240:EQUATORIAL GUINEA; 291:ERITREA; 372:ESTONIA; 251:ETHIOPIA; 500:FALKLAND ISLANDS (MALVINAS); 298:FAROE ISLANDS; 679:FIJI; 358:FINLAND; 33:FRANCE; 594:FRENCH GUIANA; 689:FRENCH POLYNESIA; 1004:FRENCH SOUTHERN TERRITORIES; 241:GABON; 220:GAMBIA; 995:GEORGIA; 49:GERMANY; 233:GHANA; 350:GIBRALTAR; 30:GREECE; 299:GREENLAND; 1473:GRENADA; 590:GUADELOUPE; 1671:GUAM; 502:GUATEMALA; 1481:GUERNSEY; 224:GUINEA; 245:GUINEA-BISSAU; 592:GUYANA; 509:HAITI; 1005:HEARD ISLAND AND MCDONALD ISLANDS; 6:HOLY SEE; 504:HONDURAS; 852:HONG KONG; 36:HUNGARY; 354:ICELAND; 91:INDIA; 62:INDONESIA; 98:IRAN (ISLAMIC REPUBLIC OF); 964:IRAQ; 353:IRELAND; 1624:ISLE OF MAN; 972:ISRAEL; 5:ITALY; 1876:JAMAICA; 81:JAPAN; 1534:JERSEY; 962:JORDAN; 7:KAZAKHSTAN; 254:KENYA; 686:KIRIBATI; 850:KOREA(DEMOCRATIC PEOPLE'S REPUBLIC OF); 82:KOREA (REPUBLIC OF); 965:KUWAIT; 996:KYRGYZSTAN; 856:LAO PEOPLE'S DEMOCRATIC REPUBLIC; 371:LATVIA; 961:LEBANON; 266:LESOTHO; 231:LIBERIA; 218:LIBYA; 423:LIECHTENSTEIN; 370:LITHUANIA; 352:LUXEMBOURG; 853:MACAO; 389:MACEDONIA(THE FORMER YUGOSLAV REPUBLIC OF); 261:MADAGASCAR; 265:MALAWI; 60:MALAYSIA; 960:MALDIVES; 223:MALI; 356:MALTA; 692:MARSHALL ISLANDS; 596:MARTINIQUE; 222:MAURITANIA; 230:MAURITIUS; 269:MAYOTTE; 52:MEXICO; 691:MICRONESIA (FEDERATED STATES OF); 373:MOLDOVA (REPUBLIC OF); 377:MONACO; 976:MONGOLIA; 382:MONTENEGRO; 1664:MONTSERRAT; 212:MOROCCO; 258:MOZAMBIQUE; 95:MYANMAR; 264:NAMIBIA; 674:NAURU; 977:NEPAL; 31:NETHERLANDS; 687:NEW CALEDONIA; 64:NEW ZEALAND; 505:NICARAGUA; 227:NIGER; 234:NIGERIA; 683:NIUE; 15:NORFOLK ISLAND; 1670:NORTHERN MARIANA ISLANDS; 47:NORWAY; 968:OMAN; 92:PAKISTAN; 680:PALAU; 970:PALESTINE, STATE OF; 507:PANAMA; 675:PAPUA NEW GUINEA; 595:PARAGUAY; 51:PERU; 63:PHILIPPINES; 1011:PITCAIRN; 48:POLAND; 14:PORTUGAL; 1787:PUERTO RICO; 974:QATAR; 262:RÉUNION; 40:ROMANIA; 8:RUSSIAN FEDERATION; 250:RWANDA; 1006:SAINT BARTHÉLEMY; 290: SAINT HELENA, ASCENSION AND TRISTAN DA CUNHA; 1869:SAINT KITTS AND NEVIS; 1758:SAINT LUCIA; 1007:SAINT MARTIN (FRENCH PART); 508:SAINT PIERRE AND MIQUELON; 1784:SAINT VINCENT AND THE GRENADINES; 685:SAMOA; 378:SAN MARINO; 239:SAO TOME AND PRINCIPE; 966:SAUDI ARABIA; 221:SENEGAL; 381:SERBIA; 248:SEYCHELLES; 232:SIERRA LEONE; 65:SINGAPORE; 1721:SINT MAARTEN (DUTCH PART); 421:SLOVAKIA; 386:SLOVENIA; 677:SOLOMON ISLANDS; 252:SOMALIA; 28:SOUTH AFRICA; 1008:SOUTH GEORGIA AND THE SOUTH SANDWICH ISLANDS; 211:SOUTH SUDAN; 35:SPAIN; 94:SRI LANKA; 249:SUDAN; 597:SURINAME; 1012:SVALBARD AND JAN MAYEN; 268:SWAZILAND; 46:SWEDEN; 41:SWITZERLAND; 963:SYRIAN ARAB REPUBLIC; 886:TAIWAN; 992:TAJIKISTAN; 255:TANZANIA, UNITED REPUBLIC OF; 66:THAILAND; 670:TIMOR-LESTE (EAST TIMOR); 228:TOGO; 690:TOKELAU; 676:TONGA; 1868:TRINIDAD AND TOBAGO; 216:TUNISIA; 90:TURKEY; 993:TURKMENISTAN; 1649:TURKS AND CAICOS ISLANDS; 688:TUVALU; 256:UGANDA; 380:UKRAINE; 971:UNITED ARAB EMIRATES; 44:UNITED KINGDOM OF GREAT BRITAIN AND NORTHERN IRELAND; 2:UNITED STATES OF AMERICA; 1009:UNITED STATES MINOR OUTLYING ISLANDS; 598:URUGUAY; 998:UZBEKISTAN; 678:VANUATU; 58:VENEZUELA (BOLIVARIAN REPUBLIC OF); 84:VIET NAM; 1284:VIRGIN ISLANDS (BRITISH); 1340:VIRGIN ISLANDS (U.S.); 681:WALLIS AND FUTUNA; 1013:WESTERN SAHARA; 967:YEMEN; 260:ZAMBIA; 263:ZIMBABWE; 9999:OTHERS
ITR.ITR2.ScheduleCGFor23.LongTermCapGain23.SaleofLandBuild.SaleofLandBuildDtls[].TrnsfImmblPrprty.TrnsfImmblPrprtyDtls[].PinCode	integer	False	type=integer, minimum=100000, maximum=999999, pattern=[1-9]{1}[0-9]{5}	
ITR.ITR2.ScheduleCGFor23.LongTermCapGain23.SaleofLandBuild.SaleofLandBuildDtls[].TrnsfImmblPrprty.TrnsfImmblPrprtyDtls[].ZipCode	string	False	type=string, minLength=1, maxLength=8, pattern=|(\s*([\w\d_=!@#$%\^*\(\){}\[\]\|\\:;',\.\?/~`\-\+<>&][\s\w\d_=!@#$%\^*\(\){}\[\]\|\\:;',\.\?/~`\-\+<>&]*)\s*)	
ITR.ITR2.ScheduleCGFor23.LongTermCapGain23.SaleofLandBuild.TotalLTCGImmblPrprty	integer	True	type=integer, minimum=-99999999999999, maximum=99999999999999, REQUIRED	
ITR.ITR2.ScheduleCGFor23.LongTermCapGain23.SaleofLandBuild.TotalLTCGImmblPrprtyBE	integer	True	type=integer, minimum=-99999999999999, maximum=99999999999999, REQUIRED	
ITR.ITR2.ScheduleCGFor23.LongTermCapGain23.SaleofLandBuild.TotalLTCGImmblPrprtyAE	integer	True	type=integer, minimum=-99999999999999, maximum=99999999999999, REQUIRED	
ITR.ITR2.ScheduleCGFor23.LongTermCapGain23.SaleofLandBuild.TotalExcessTax	integer	True	type=integer, minimum=0, maximum=99999999999999, REQUIRED	
ITR.ITR2.ScheduleCGFor23.LongTermCapGain23.SaleofBondsDebntr.FullConsideration	integer	True	type=integer, minimum=0, maximum=99999999999999, REQUIRED	
ITR.ITR2.ScheduleCGFor23.LongTermCapGain23.SaleofBondsDebntr.DeductSec48.AquisitCost	integer	True	type=integer, minimum=0, maximum=99999999999999, REQUIRED	
ITR.ITR2.ScheduleCGFor23.LongTermCapGain23.SaleofBondsDebntr.DeductSec48.ImproveCost	integer	True	type=integer, minimum=0, maximum=99999999999999, REQUIRED	
ITR.ITR2.ScheduleCGFor23.LongTermCapGain23.SaleofBondsDebntr.DeductSec48.ExpOnTrans	integer	True	type=integer, minimum=0, maximum=99999999999999, REQUIRED	
ITR.ITR2.ScheduleCGFor23.LongTermCapGain23.SaleofBondsDebntr.DeductSec48.TotalDedn	integer	True	type=integer, minimum=0, maximum=99999999999999, REQUIRED	
ITR.ITR2.ScheduleCGFor23.LongTermCapGain23.SaleofBondsDebntr.BalanceCG	integer	True	type=integer, minimum=-99999999999999, maximum=99999999999999, REQUIRED	
ITR.ITR2.ScheduleCGFor23.LongTermCapGain23.SaleofBondsDebntr.DeductionUs54F	integer	True	type=integer, minimum=0, maximum=100000000, REQUIRED	
ITR.ITR2.ScheduleCGFor23.LongTermCapGain23.SaleofBondsDebntr.CapgainonAssets	integer	True	type=integer, minimum=-99999999999999, maximum=99999999999999, REQUIRED	
ITR.ITR2.ScheduleCGFor23.LongTermCapGain23.Proviso112Applicable[].Proviso112SectionCode	string	True	type=string, pattern=|(\s*([\w\d_=!@#$%\^*\(\){}\[\]\|\\:;',\.\?/~`\-\+<>&][\s\w\d_=!@#$%\^*\(\){}\[\]\|\\:;',\.\?/~`\-\+<>&]*)\s*), enum=['22'], REQUIRED	22 - (i) listed securities (other than a unit) or zero coupon bonds where proviso to section 112(1) is applicable;
ITR.ITR2.ScheduleCGFor23.LongTermCapGain23.Proviso112Applicable[].Proviso112Applicabledtls_BE.FullConsideration	integer	True	type=integer, minimum=0, maximum=99999999999999, REQUIRED	
ITR.ITR2.ScheduleCGFor23.LongTermCapGain23.Proviso112Applicable[].Proviso112Applicabledtls_BE.DeductSec48.AquisitCostIndexed	integer	True	type=integer, minimum=0, maximum=99999999999999, REQUIRED	
ITR.ITR2.ScheduleCGFor23.LongTermCapGain23.Proviso112Applicable[].Proviso112Applicabledtls_BE.DeductSec48.AquisitCost	integer	True	type=integer, minimum=0, maximum=99999999999999, REQUIRED	
ITR.ITR2.ScheduleCGFor23.LongTermCapGain23.Proviso112Applicable[].Proviso112Applicabledtls_BE.DeductSec48.ImproveCostIndexed	integer	True	type=integer, minimum=0, maximum=99999999999999, REQUIRED	
ITR.ITR2.ScheduleCGFor23.LongTermCapGain23.Proviso112Applicable[].Proviso112Applicabledtls_BE.DeductSec48.ImproveCost	integer	True	type=integer, minimum=0, maximum=99999999999999, REQUIRED	
ITR.ITR2.ScheduleCGFor23.LongTermCapGain23.Proviso112Applicable[].Proviso112Applicabledtls_BE.DeductSec48.ExpOnTrans	integer	True	type=integer, minimum=0, maximum=99999999999999, REQUIRED	
ITR.ITR2.ScheduleCGFor23.LongTermCapGain23.Proviso112Applicable[].Proviso112Applicabledtls_BE.DeductSec48.TotalDedn	integer	True	type=integer, minimum=0, maximum=99999999999999, REQUIRED	
ITR.ITR2.ScheduleCGFor23.LongTermCapGain23.Proviso112Applicable[].Proviso112Applicabledtls_BE.DeductSec48.TotalDednForExcess	integer	True	type=integer, minimum=0, maximum=99999999999999, REQUIRED	
ITR.ITR2.ScheduleCGFor23.LongTermCapGain23.Proviso112Applicable[].Proviso112Applicabledtls_BE.BalanceCG	integer	True	type=integer, minimum=-99999999999999, maximum=99999999999999, REQUIRED	
ITR.ITR2.ScheduleCGFor23.LongTermCapGain23.Proviso112Applicable[].Proviso112Applicabledtls_BE.BalanceCGForExcess	integer	True	type=integer, maximum=99999999999999, REQUIRED	
ITR.ITR2.ScheduleCGFor23.LongTermCapGain23.Proviso112Applicable[].Proviso112Applicabledtls_BE.DeductionUs54F	integer	True	type=integer, minimum=0, maximum=100000000, REQUIRED	
ITR.ITR2.ScheduleCGFor23.LongTermCapGain23.Proviso112Applicable[].Proviso112Applicabledtls_BE.CapgainonAssets	integer	True	type=integer, minimum=-99999999999999, maximum=99999999999999, REQUIRED	
ITR.ITR2.ScheduleCGFor23.LongTermCapGain23.Proviso112Applicable[].Proviso112Applicabledtls_BE.CapgainonAssetsForExcess	integer	True	type=integer, minimum=0, maximum=9999999999999, REQUIRED	
ITR.ITR2.ScheduleCGFor23.LongTermCapGain23.Proviso112Applicable[].Proviso112Applicabledtls_BE.Tax_S1121_20	integer	True	type=integer, minimum=0, maximum=9999999999999, REQUIRED	
ITR.ITR2.ScheduleCGFor23.LongTermCapGain23.Proviso112Applicable[].Proviso112Applicabledtls_BE.Tax_S1121P_10	integer	True	type=integer, minimum=0, maximum=9999999999999, REQUIRED	
ITR.ITR2.ScheduleCGFor23.LongTermCapGain23.Proviso112Applicable[].Proviso112Applicabledtls_BE.ExcessTax	integer	True	type=integer, minimum=0, maximum=9999999999999, REQUIRED	
ITR.ITR2.ScheduleCGFor23.LongTermCapGain23.Proviso112Applicable[].Proviso112Applicabledtls.FullConsideration	integer	True	type=integer, minimum=0, maximum=99999999999999, REQUIRED	
ITR.ITR2.ScheduleCGFor23.LongTermCapGain23.Proviso112Applicable[].Proviso112Applicabledtls.DeductSec48.AquisitCost	integer	True	type=integer, minimum=0, maximum=99999999999999, REQUIRED	
ITR.ITR2.ScheduleCGFor23.LongTermCapGain23.Proviso112Applicable[].Proviso112Applicabledtls.DeductSec48.ImproveCost	integer	True	type=integer, minimum=0, maximum=99999999999999, REQUIRED	
ITR.ITR2.ScheduleCGFor23.LongTermCapGain23.Proviso112Applicable[].Proviso112Applicabledtls.DeductSec48.ExpOnTrans	integer	True	type=integer, minimum=0, maximum=99999999999999, REQUIRED	
ITR.ITR2.ScheduleCGFor23.LongTermCapGain23.Proviso112Applicable[].Proviso112Applicabledtls.DeductSec48.TotalDedn	integer	True	type=integer, minimum=0, maximum=99999999999999, REQUIRED	
ITR.ITR2.ScheduleCGFor23.LongTermCapGain23.Proviso112Applicable[].Proviso112Applicabledtls.BalanceCG	integer	True	type=integer, minimum=-99999999999999, maximum=99999999999999, REQUIRED	
ITR.ITR2.ScheduleCGFor23.LongTermCapGain23.Proviso112Applicable[].Proviso112Applicabledtls.DeductionUs54F	integer	True	type=integer, minimum=0, maximum=100000000, REQUIRED	
ITR.ITR2.ScheduleCGFor23.LongTermCapGain23.Proviso112Applicable[].Proviso112Applicabledtls.CapgainonAssets	integer	True	type=integer, minimum=-99999999999999, maximum=99999999999999, REQUIRED	
ITR.ITR2.ScheduleCGFor23.LongTermCapGain23.Proviso112Applicable[].CapgainonAssets	integer	True	type=integer, minimum=-99999999999999, maximum=99999999999999, REQUIRED	
ITR.ITR2.ScheduleCGFor23.LongTermCapGain23.Proviso112Applicable_115ACA.Proviso112SectionCode	string	True	type=string, pattern=|(\s*([\w\d_=!@#$%\^*\(\){}\[\]\|\\:;',\.\?/~`\-\+<>&][\s\w\d_=!@#$%\^*\(\){}\[\]\|\\:;',\.\?/~`\-\+<>&]*)\s*), enum=['5ACA1b'], REQUIRED	5ACA1b - (ii) GDR of an Indian company referred in sec. 115ACA
ITR.ITR2.ScheduleCGFor23.LongTermCapGain23.Proviso112Applicable_115ACA.Proviso112Applicabledtls_BE.FullConsideration	integer	True	type=integer, minimum=0, maximum=99999999999999, REQUIRED	
ITR.ITR2.ScheduleCGFor23.LongTermCapGain23.Proviso112Applicable_115ACA.Proviso112Applicabledtls_BE.DeductSec48.AquisitCost	integer	True	type=integer, minimum=0, maximum=99999999999999, REQUIRED	
ITR.ITR2.ScheduleCGFor23.LongTermCapGain23.Proviso112Applicable_115ACA.Proviso112Applicabledtls_BE.DeductSec48.ImproveCost	integer	True	type=integer, minimum=0, maximum=99999999999999, REQUIRED	
ITR.ITR2.ScheduleCGFor23.LongTermCapGain23.Proviso112Applicable_115ACA.Proviso112Applicabledtls_BE.DeductSec48.ExpOnTrans	integer	True	type=integer, minimum=0, maximum=99999999999999, REQUIRED	
ITR.ITR2.ScheduleCGFor23.LongTermCapGain23.Proviso112Applicable_115ACA.Proviso112Applicabledtls_BE.DeductSec48.TotalDedn	integer	True	type=integer, minimum=0, maximum=99999999999999, REQUIRED	
ITR.ITR2.ScheduleCGFor23.LongTermCapGain23.Proviso112Applicable_115ACA.Proviso112Applicabledtls_BE.BalanceCG	integer	True	type=integer, minimum=-99999999999999, maximum=99999999999999, REQUIRED	
ITR.ITR2.ScheduleCGFor23.LongTermCapGain23.Proviso112Applicable_115ACA.Proviso112Applicabledtls_BE.DeductionUs54F	integer	True	type=integer, minimum=0, maximum=100000000, REQUIRED	
ITR.ITR2.ScheduleCGFor23.LongTermCapGain23.Proviso112Applicable_115ACA.Proviso112Applicabledtls_BE.CapgainonAssets	integer	True	type=integer, minimum=-99999999999999, maximum=99999999999999, REQUIRED	
ITR.ITR2.ScheduleCGFor23.LongTermCapGain23.Proviso112Applicable_115ACA.Proviso112Applicabledtls.FullConsideration	integer	True	type=integer, minimum=0, maximum=99999999999999, REQUIRED	
ITR.ITR2.ScheduleCGFor23.LongTermCapGain23.Proviso112Applicable_115ACA.Proviso112Applicabledtls.DeductSec48.AquisitCost	integer	True	type=integer, minimum=0, maximum=99999999999999, REQUIRED	
ITR.ITR2.ScheduleCGFor23.LongTermCapGain23.Proviso112Applicable_115ACA.Proviso112Applicabledtls.DeductSec48.ImproveCost	integer	True	type=integer, minimum=0, maximum=99999999999999, REQUIRED	
ITR.ITR2.ScheduleCGFor23.LongTermCapGain23.Proviso112Applicable_115ACA.Proviso112Applicabledtls.DeductSec48.ExpOnTrans	integer	True	type=integer, minimum=0, maximum=99999999999999, REQUIRED	
ITR.ITR2.ScheduleCGFor23.LongTermCapGain23.Proviso112Applicable_115ACA.Proviso112Applicabledtls.DeductSec48.TotalDedn	integer	True	type=integer, minimum=0, maximum=99999999999999, REQUIRED	
ITR.ITR2.ScheduleCGFor23.LongTermCapGain23.Proviso112Applicable_115ACA.Proviso112Applicabledtls.BalanceCG	integer	True	type=integer, minimum=-99999999999999, maximum=99999999999999, REQUIRED	
ITR.ITR2.ScheduleCGFor23.LongTermCapGain23.Proviso112Applicable_115ACA.Proviso112Applicabledtls.DeductionUs54F	integer	True	type=integer, minimum=0, maximum=100000000, REQUIRED	
ITR.ITR2.ScheduleCGFor23.LongTermCapGain23.Proviso112Applicable_115ACA.Proviso112Applicabledtls.CapgainonAssets	integer	True	type=integer, minimum=-99999999999999, maximum=99999999999999, REQUIRED	
ITR.ITR2.ScheduleCGFor23.LongTermCapGain23.Proviso112Applicable_115ACA.CapgainonAssets	integer	True	type=integer, minimum=-99999999999999, maximum=99999999999999, REQUIRED	
ITR.ITR2.ScheduleCGFor23.LongTermCapGain23.SaleOfEquityShareUs112A.BalanceCG	integer	True	type=integer, maximum=99999999999999, REQUIRED	
ITR.ITR2.ScheduleCGFor23.LongTermCapGain23.SaleOfEquityShareUs112A.BalanceCGTransferBE	integer	True	type=integer, maximum=99999999999999, REQUIRED	
ITR.ITR2.ScheduleCGFor23.LongTermCapGain23.SaleOfEquityShareUs112A.BalanceCGTransferAE	integer	True	type=integer, maximum=99999999999999, REQUIRED	
ITR.ITR2.ScheduleCGFor23.LongTermCapGain23.SaleOfEquityShareUs112A.DeductionUs54F	integer	True	type=integer, minimum=0, maximum=100000000, REQUIRED	
ITR.ITR2.ScheduleCGFor23.LongTermCapGain23.SaleOfEquityShareUs112A.DeductionUs54FBE	integer	True	type=integer, minimum=0, maximum=100000000, REQUIRED	
ITR.ITR2.ScheduleCGFor23.LongTermCapGain23.SaleOfEquityShareUs112A.DeductionUs54FAE	integer	True	type=integer, minimum=0, maximum=100000000, REQUIRED	
ITR.ITR2.ScheduleCGFor23.LongTermCapGain23.SaleOfEquityShareUs112A.CapgainonAssets	integer	True	type=integer, minimum=-99999999999999, maximum=99999999999999, REQUIRED	
ITR.ITR2.ScheduleCGFor23.LongTermCapGain23.SaleOfEquityShareUs112A.CapgainonAssetsTransferBE	integer	True	type=integer, minimum=-99999999999999, maximum=99999999999999, REQUIRED	
ITR.ITR2.ScheduleCGFor23.LongTermCapGain23.SaleOfEquityShareUs112A.CapgainonAssetsTransferAE	integer	True	type=integer, minimum=-99999999999999, maximum=99999999999999, REQUIRED	
ITR.ITR2.ScheduleCGFor23.LongTermCapGain23.NRIProvisoSec48.LTCGWithoutBenefit	integer	True	type=integer, minimum=-99999999999999, maximum=99999999999999, REQUIRED	
ITR.ITR2.ScheduleCGFor23.LongTermCapGain23.NRIProvisoSec48.LTCGWithoutBenefitTransferBEListDb	integer	True	type=integer, minimum=-99999999999999, maximum=99999999999999, REQUIRED	
ITR.ITR2.ScheduleCGFor23.LongTermCapGain23.NRIProvisoSec48.LTCGWithoutBenefitTransferBE	integer	True	type=integer, minimum=-99999999999999, maximum=99999999999999, REQUIRED	
ITR.ITR2.ScheduleCGFor23.LongTermCapGain23.NRIProvisoSec48.LTCGWithoutBenefitTransferAE	integer	True	type=integer, minimum=-99999999999999, maximum=99999999999999, REQUIRED	
ITR.ITR2.ScheduleCGFor23.LongTermCapGain23.NRIProvisoSec48.DeductionUs54F	integer	True	type=integer, minimum=0, maximum=100000000, REQUIRED	
ITR.ITR2.ScheduleCGFor23.LongTermCapGain23.NRIProvisoSec48.DeductionUs54FTransferBEListDb	integer	True	type=integer, minimum=0, maximum=99999999999999, REQUIRED	
ITR.ITR2.ScheduleCGFor23.LongTermCapGain23.NRIProvisoSec48.DeductionUs54FTransferBE	integer	True	type=integer, minimum=0, maximum=99999999999999, REQUIRED	
ITR.ITR2.ScheduleCGFor23.LongTermCapGain23.NRIProvisoSec48.DeductionUs54FTransferAE	integer	True	type=integer, minimum=0, maximum=99999999999999, REQUIRED	
ITR.ITR2.ScheduleCGFor23.LongTermCapGain23.NRIProvisoSec48.BalanceCG	integer	True	type=integer, maximum=99999999999999, REQUIRED	
ITR.ITR2.ScheduleCGFor23.LongTermCapGain23.NRIProvisoSec48.BalanceCGTransferBEListDb	integer	True	type=integer, minimum=-99999999999999, maximum=99999999999999, REQUIRED	
ITR.ITR2.ScheduleCGFor23.LongTermCapGain23.NRIProvisoSec48.BalanceCGTransferBE	integer	True	type=integer, minimum=-99999999999999, maximum=99999999999999, REQUIRED	
ITR.ITR2.ScheduleCGFor23.LongTermCapGain23.NRIProvisoSec48.BalanceCGTransferAE	integer	True	type=integer, minimum=-99999999999999, maximum=99999999999999, REQUIRED	
ITR.ITR2.ScheduleCGFor23.LongTermCapGain23.NRIOnSec112and115.NRIOnSec112and115Dtls[].SectionCode	string	False	type=string, pattern=|(\s*([\w\d_=!@#$%\^*\(\){}\[\]\|\\:;',\.\?/~`\-\+<>&][\s\w\d_=!@#$%\^*\(\){}\[\]\|\\:;',\.\?/~`\-\+<>&]*)\s*), enum=['21ciii', '5AC1c']	21ciii - (i) unlisted securities as per; sec. 112(1)(c); 5AC1c - (ii) bonds or GDR as referred in sec. 115AC;
ITR.ITR2.ScheduleCGFor23.LongTermCapGain23.NRIOnSec112and115.NRIOnSec112and115Dtls[].NRIOnSec112and115Dtls_BE.FullValueConsdRecvUnqshr	integer	True	type=integer, minimum=0, maximum=99999999999999, REQUIRED	
ITR.ITR2.ScheduleCGFor23.LongTermCapGain23.NRIOnSec112and115.NRIOnSec112and115Dtls[].NRIOnSec112and115Dtls_BE.FairMrktValueUnqshr	integer	True	type=integer, minimum=0, maximum=99999999999999, REQUIRED	
ITR.ITR2.ScheduleCGFor23.LongTermCapGain23.NRIOnSec112and115.NRIOnSec112and115Dtls[].NRIOnSec112and115Dtls_BE.FullValueConsdSec50CA	integer	True	type=integer, minimum=0, maximum=99999999999999, REQUIRED	
ITR.ITR2.ScheduleCGFor23.LongTermCapGain23.NRIOnSec112and115.NRIOnSec112and115Dtls[].NRIOnSec112and115Dtls_BE.FullValueConsdOthUnqshr	integer	True	type=integer, minimum=0, maximum=99999999999999, REQUIRED	
ITR.ITR2.ScheduleCGFor23.LongTermCapGain23.NRIOnSec112and115.NRIOnSec112and115Dtls[].NRIOnSec112and115Dtls_BE.FullConsideration	integer	True	type=integer, minimum=0, maximum=99999999999999, REQUIRED	
ITR.ITR2.ScheduleCGFor23.LongTermCapGain23.NRIOnSec112and115.NRIOnSec112and115Dtls[].NRIOnSec112and115Dtls_BE.DeductSec48.AquisitCost	integer	True	type=integer, minimum=0, maximum=99999999999999, REQUIRED	
ITR.ITR2.ScheduleCGFor23.LongTermCapGain23.NRIOnSec112and115.NRIOnSec112and115Dtls[].NRIOnSec112and115Dtls_BE.DeductSec48.ImproveCost	integer	True	type=integer, minimum=0, maximum=99999999999999, REQUIRED	
ITR.ITR2.ScheduleCGFor23.LongTermCapGain23.NRIOnSec112and115.NRIOnSec112and115Dtls[].NRIOnSec112and115Dtls_BE.DeductSec48.ExpOnTrans	integer	True	type=integer, minimum=0, maximum=99999999999999, REQUIRED	
ITR.ITR2.ScheduleCGFor23.LongTermCapGain23.NRIOnSec112and115.NRIOnSec112and115Dtls[].NRIOnSec112and115Dtls_BE.DeductSec48.TotalDedn	integer	True	type=integer, minimum=0, maximum=99999999999999, REQUIRED	
ITR.ITR2.ScheduleCGFor23.LongTermCapGain23.NRIOnSec112and115.NRIOnSec112and115Dtls[].NRIOnSec112and115Dtls_BE.BalanceCG	integer	True	type=integer, maximum=99999999999999, REQUIRED	
ITR.ITR2.ScheduleCGFor23.LongTermCapGain23.NRIOnSec112and115.NRIOnSec112and115Dtls[].NRIOnSec112and115Dtls_BE.DeductionUs54F	integer	True	type=integer, minimum=0, maximum=100000000, REQUIRED	
ITR.ITR2.ScheduleCGFor23.LongTermCapGain23.NRIOnSec112and115.NRIOnSec112and115Dtls[].NRIOnSec112and115Dtls_BE.CapgainonAssets	integer	True	type=integer, minimum=-99999999999999, maximum=99999999999999, REQUIRED	
ITR.ITR2.ScheduleCGFor23.LongTermCapGain23.NRIOnSec112and115.NRIOnSec112and115Dtls[].NRIOnSec112and115Dtls_AE.FullValueConsdRecvUnqshr	integer	True	type=integer, minimum=0, maximum=99999999999999, REQUIRED	
ITR.ITR2.ScheduleCGFor23.LongTermCapGain23.NRIOnSec112and115.NRIOnSec112and115Dtls[].NRIOnSec112and115Dtls_AE.FairMrktValueUnqshr	integer	True	type=integer, minimum=0, maximum=99999999999999, REQUIRED	
ITR.ITR2.ScheduleCGFor23.LongTermCapGain23.NRIOnSec112and115.NRIOnSec112and115Dtls[].NRIOnSec112and115Dtls_AE.FullValueConsdSec50CA	integer	True	type=integer, minimum=0, maximum=99999999999999, REQUIRED	
ITR.ITR2.ScheduleCGFor23.LongTermCapGain23.NRIOnSec112and115.NRIOnSec112and115Dtls[].NRIOnSec112and115Dtls_AE.FullValueConsdOthUnqshr	integer	True	type=integer, minimum=0, maximum=99999999999999, REQUIRED	
ITR.ITR2.ScheduleCGFor23.LongTermCapGain23.NRIOnSec112and115.NRIOnSec112and115Dtls[].NRIOnSec112and115Dtls_AE.FullConsideration	integer	True	type=integer, minimum=0, maximum=99999999999999, REQUIRED	
ITR.ITR2.ScheduleCGFor23.LongTermCapGain23.NRIOnSec112and115.NRIOnSec112and115Dtls[].NRIOnSec112and115Dtls_AE.DeductSec48.AquisitCost	integer	True	type=integer, minimum=0, maximum=99999999999999, REQUIRED	
ITR.ITR2.ScheduleCGFor23.LongTermCapGain23.NRIOnSec112and115.NRIOnSec112and115Dtls[].NRIOnSec112and115Dtls_AE.DeductSec48.ImproveCost	integer	True	type=integer, minimum=0, maximum=99999999999999, REQUIRED	
ITR.ITR2.ScheduleCGFor23.LongTermCapGain23.NRIOnSec112and115.NRIOnSec112and115Dtls[].NRIOnSec112and115Dtls_AE.DeductSec48.ExpOnTrans	integer	True	type=integer, minimum=0, maximum=99999999999999, REQUIRED	
ITR.ITR2.ScheduleCGFor23.LongTermCapGain23.NRIOnSec112and115.NRIOnSec112and115Dtls[].NRIOnSec112and115Dtls_AE.DeductSec48.TotalDedn	integer	True	type=integer, minimum=0, maximum=99999999999999, REQUIRED	
ITR.ITR2.ScheduleCGFor23.LongTermCapGain23.NRIOnSec112and115.NRIOnSec112and115Dtls[].NRIOnSec112and115Dtls_AE.BalanceCG	integer	True	type=integer, maximum=99999999999999, REQUIRED	
ITR.ITR2.ScheduleCGFor23.LongTermCapGain23.NRIOnSec112and115.NRIOnSec112and115Dtls[].NRIOnSec112and115Dtls_AE.DeductionUs54F	integer	True	type=integer, minimum=0, maximum=100000000, REQUIRED	
ITR.ITR2.ScheduleCGFor23.LongTermCapGain23.NRIOnSec112and115.NRIOnSec112and115Dtls[].NRIOnSec112and115Dtls_AE.CapgainonAssets	integer	True	type=integer, minimum=-99999999999999, maximum=99999999999999, REQUIRED	
ITR.ITR2.ScheduleCGFor23.LongTermCapGain23.NRIOnSec112and115.NRIOnSec115ADDtls[].SectionCode	string	True	type=string, pattern=|(\s*([\w\d_=!@#$%\^*\(\){}\[\]\|\\:;',\.\?/~`\-\+<>&][\s\w\d_=!@#$%\^*\(\){}\[\]\|\\:;',\.\?/~`\-\+<>&]*)\s*), enum=['5ADiii'], REQUIRED	5ADiii - (iii) securities by FII as referred to in sec. 115AD
ITR.ITR2.ScheduleCGFor23.LongTermCapGain23.NRIOnSec112and115.NRIOnSec115ADDtls[].FullValueConsdRecvUnqshr	integer	True	type=integer, minimum=0, maximum=99999999999999, REQUIRED	
ITR.ITR2.ScheduleCGFor23.LongTermCapGain23.NRIOnSec112and115.NRIOnSec115ADDtls[].FairMrktValueUnqshr	integer	True	type=integer, minimum=0, maximum=99999999999999, REQUIRED	
ITR.ITR2.ScheduleCGFor23.LongTermCapGain23.NRIOnSec112and115.NRIOnSec115ADDtls[].FullValueConsdSec50CA	integer	True	type=integer, minimum=0, maximum=99999999999999, REQUIRED	
ITR.ITR2.ScheduleCGFor23.LongTermCapGain23.NRIOnSec112and115.NRIOnSec115ADDtls[].FullValueConsdOthUnqshr	integer	True	type=integer, minimum=0, maximum=99999999999999, REQUIRED	
ITR.ITR2.ScheduleCGFor23.LongTermCapGain23.NRIOnSec112and115.NRIOnSec115ADDtls[].FullConsideration	integer	True	type=integer, minimum=0, maximum=99999999999999, REQUIRED	
ITR.ITR2.ScheduleCGFor23.LongTermCapGain23.NRIOnSec112and115.NRIOnSec115ADDtls[].DeductSec48.AquisitCost	integer	True	type=integer, minimum=0, maximum=99999999999999, REQUIRED	
ITR.ITR2.ScheduleCGFor23.LongTermCapGain23.NRIOnSec112and115.NRIOnSec115ADDtls[].DeductSec48.ImproveCost	integer	True	type=integer, minimum=0, maximum=99999999999999, REQUIRED	
ITR.ITR2.ScheduleCGFor23.LongTermCapGain23.NRIOnSec112and115.NRIOnSec115ADDtls[].DeductSec48.ExpOnTrans	integer	True	type=integer, minimum=0, maximum=99999999999999, REQUIRED	
ITR.ITR2.ScheduleCGFor23.LongTermCapGain23.NRIOnSec112and115.NRIOnSec115ADDtls[].DeductSec48.TotalDedn	integer	True	type=integer, minimum=0, maximum=99999999999999, REQUIRED	
ITR.ITR2.ScheduleCGFor23.LongTermCapGain23.NRIOnSec112and115.NRIOnSec115ADDtls[].BalanceCG	integer	True	type=integer, maximum=99999999999999, REQUIRED	
ITR.ITR2.ScheduleCGFor23.LongTermCapGain23.NRIOnSec112and115.NRIOnSec115ADDtls[].DeductionUs54F	integer	True	type=integer, minimum=0, maximum=100000000, REQUIRED	
ITR.ITR2.ScheduleCGFor23.LongTermCapGain23.NRIOnSec112and115.NRIOnSec115ADDtls[].CapgainonAssets	integer	True	type=integer, minimum=-99999999999999, maximum=99999999999999, REQUIRED	
ITR.ITR2.ScheduleCGFor23.LongTermCapGain23.NRIOnSec112and115.TotalNRIOnSec112and115	integer	False	type=integer, minimum=-99999999999999, maximum=99999999999999	
ITR.ITR2.ScheduleCGFor23.LongTermCapGain23.NRISaleOfEquityShareUs112A.BalanceCG	integer	True	type=integer, maximum=99999999999999, REQUIRED	
ITR.ITR2.ScheduleCGFor23.LongTermCapGain23.NRISaleOfEquityShareUs112A.BalanceCGTransferBE	integer	True	type=integer, maximum=99999999999999, REQUIRED	
ITR.ITR2.ScheduleCGFor23.LongTermCapGain23.NRISaleOfEquityShareUs112A.BalanceCGTransferAE	integer	True	type=integer, maximum=99999999999999, REQUIRED	
ITR.ITR2.ScheduleCGFor23.LongTermCapGain23.NRISaleOfEquityShareUs112A.DeductionUs54F	integer	True	type=integer, minimum=0, maximum=100000000, REQUIRED	
ITR.ITR2.ScheduleCGFor23.LongTermCapGain23.NRISaleOfEquityShareUs112A.DeductionUs54FBE	integer	True	type=integer, minimum=0, maximum=100000000, REQUIRED	
ITR.ITR2.ScheduleCGFor23.LongTermCapGain23.NRISaleOfEquityShareUs112A.DeductionUs54FAE	integer	True	type=integer, minimum=0, maximum=100000000, REQUIRED	
ITR.ITR2.ScheduleCGFor23.LongTermCapGain23.NRISaleOfEquityShareUs112A.CapgainonAssets	integer	True	type=integer, minimum=-99999999999999, maximum=99999999999999, REQUIRED	
ITR.ITR2.ScheduleCGFor23.LongTermCapGain23.NRISaleOfEquityShareUs112A.CapgainonAssetsTransferBE	integer	True	type=integer, minimum=-99999999999999, maximum=99999999999999, REQUIRED	
ITR.ITR2.ScheduleCGFor23.LongTermCapGain23.NRISaleOfEquityShareUs112A.CapgainonAssetsTransferAE	integer	True	type=integer, minimum=-99999999999999, maximum=99999999999999, REQUIRED	
ITR.ITR2.ScheduleCGFor23.LongTermCapGain23.NRISaleofForeignAsset.SaleonSpecAsset	integer	True	type=integer, minimum=-99999999999999, maximum=99999999999999, REQUIRED	
ITR.ITR2.ScheduleCGFor23.LongTermCapGain23.NRISaleofForeignAsset.SaleonSpecAssetTransferBE	integer	True	type=integer, minimum=-99999999999999, maximum=99999999999999, REQUIRED	
ITR.ITR2.ScheduleCGFor23.LongTermCapGain23.NRISaleofForeignAsset.SaleonSpecAssetTransferAE	integer	True	type=integer, minimum=-99999999999999, maximum=99999999999999, REQUIRED	
ITR.ITR2.ScheduleCGFor23.LongTermCapGain23.NRISaleofForeignAsset.DednSpecAssetus115	integer	True	type=integer, minimum=0, maximum=99999999999999, REQUIRED	
ITR.ITR2.ScheduleCGFor23.LongTermCapGain23.NRISaleofForeignAsset.DednSpecAssetus115BE	integer	True	type=integer, minimum=0, maximum=99999999999999, REQUIRED	
ITR.ITR2.ScheduleCGFor23.LongTermCapGain23.NRISaleofForeignAsset.DednSpecAssetus115AE	integer	True	type=integer, minimum=0, maximum=99999999999999, REQUIRED	
ITR.ITR2.ScheduleCGFor23.LongTermCapGain23.NRISaleofForeignAsset.BalonSpeciAsset	integer	True	type=integer, minimum=-99999999999999, maximum=99999999999999, REQUIRED	
ITR.ITR2.ScheduleCGFor23.LongTermCapGain23.NRISaleofForeignAsset.BalonSpeciAssetTransferBE	integer	True	type=integer, minimum=-99999999999999, maximum=99999999999999, REQUIRED	
ITR.ITR2.ScheduleCGFor23.LongTermCapGain23.NRISaleofForeignAsset.BalonSpeciAssetTransferAE	integer	True	type=integer, minimum=-99999999999999, maximum=99999999999999, REQUIRED	
ITR.ITR2.ScheduleCGFor23.LongTermCapGain23.SaleofAssetNADtls.SaleofAssetNA_BE.FullValueConsdRecvUnqshr	integer	True	type=integer, minimum=0, maximum=99999999999999, REQUIRED	
ITR.ITR2.ScheduleCGFor23.LongTermCapGain23.SaleofAssetNADtls.SaleofAssetNA_BE.FairMrktValueUnqshr	integer	True	type=integer, minimum=0, maximum=99999999999999, REQUIRED	
ITR.ITR2.ScheduleCGFor23.LongTermCapGain23.SaleofAssetNADtls.SaleofAssetNA_BE.FullValueConsdSec50CA	integer	True	type=integer, minimum=0, maximum=99999999999999, REQUIRED	
ITR.ITR2.ScheduleCGFor23.LongTermCapGain23.SaleofAssetNADtls.SaleofAssetNA_BE.FullValueConsdOthUnqshr	integer	True	type=integer, minimum=0, maximum=99999999999999, REQUIRED	
ITR.ITR2.ScheduleCGFor23.LongTermCapGain23.SaleofAssetNADtls.SaleofAssetNA_BE.FullConsideration	integer	True	type=integer, minimum=0, maximum=99999999999999, REQUIRED	
ITR.ITR2.ScheduleCGFor23.LongTermCapGain23.SaleofAssetNADtls.SaleofAssetNA_BE.DeductSec48.AquisitCost	integer	True	type=integer, minimum=0, maximum=99999999999999, REQUIRED	
ITR.ITR2.ScheduleCGFor23.LongTermCapGain23.SaleofAssetNADtls.SaleofAssetNA_BE.DeductSec48.ImproveCost	integer	True	type=integer, minimum=0, maximum=99999999999999, REQUIRED	
ITR.ITR2.ScheduleCGFor23.LongTermCapGain23.SaleofAssetNADtls.SaleofAssetNA_BE.DeductSec48.ExpOnTrans	integer	True	type=integer, minimum=0, maximum=99999999999999, REQUIRED	
ITR.ITR2.ScheduleCGFor23.LongTermCapGain23.SaleofAssetNADtls.SaleofAssetNA_BE.DeductSec48.TotalDedn	integer	True	type=integer, minimum=0, maximum=99999999999999, REQUIRED	
ITR.ITR2.ScheduleCGFor23.LongTermCapGain23.SaleofAssetNADtls.SaleofAssetNA_BE.BalanceCG	integer	True	type=integer, maximum=99999999999999, REQUIRED	
ITR.ITR2.ScheduleCGFor23.LongTermCapGain23.SaleofAssetNADtls.SaleofAssetNA_BE.DeductionUs54F	integer	True	type=integer, minimum=0, maximum=100000000, REQUIRED	
ITR.ITR2.ScheduleCGFor23.LongTermCapGain23.SaleofAssetNADtls.SaleofAssetNA_BE.CapgainonAssets	integer	True	type=integer, minimum=-99999999999999, maximum=99999999999999, REQUIRED	
ITR.ITR2.ScheduleCGFor23.LongTermCapGain23.SaleofAssetNADtls.SaleofAssetNA.FullValueConsdRecvUnqshr	integer	True	type=integer, minimum=0, maximum=99999999999999, REQUIRED	
ITR.ITR2.ScheduleCGFor23.LongTermCapGain23.SaleofAssetNADtls.SaleofAssetNA.FairMrktValueUnqshr	integer	True	type=integer, minimum=0, maximum=99999999999999, REQUIRED	
ITR.ITR2.ScheduleCGFor23.LongTermCapGain23.SaleofAssetNADtls.SaleofAssetNA.FullValueConsdSec50CA	integer	True	type=integer, minimum=0, maximum=99999999999999, REQUIRED	
ITR.ITR2.ScheduleCGFor23.LongTermCapGain23.SaleofAssetNADtls.SaleofAssetNA.FullValueConsdOthUnqshr	integer	True	type=integer, minimum=0, maximum=99999999999999, REQUIRED	
ITR.ITR2.ScheduleCGFor23.LongTermCapGain23.SaleofAssetNADtls.SaleofAssetNA.FullConsideration	integer	True	type=integer, minimum=0, maximum=99999999999999, REQUIRED	
ITR.ITR2.ScheduleCGFor23.LongTermCapGain23.SaleofAssetNADtls.SaleofAssetNA.DeductSec48.AquisitCost	integer	True	type=integer, minimum=0, maximum=99999999999999, REQUIRED	
ITR.ITR2.ScheduleCGFor23.LongTermCapGain23.SaleofAssetNADtls.SaleofAssetNA.DeductSec48.ImproveCost	integer	True	type=integer, minimum=0, maximum=99999999999999, REQUIRED	
ITR.ITR2.ScheduleCGFor23.LongTermCapGain23.SaleofAssetNADtls.SaleofAssetNA.DeductSec48.ExpOnTrans	integer	True	type=integer, minimum=0, maximum=99999999999999, REQUIRED	
ITR.ITR2.ScheduleCGFor23.LongTermCapGain23.SaleofAssetNADtls.SaleofAssetNA.DeductSec48.TotalDedn	integer	True	type=integer, minimum=0, maximum=99999999999999, REQUIRED	
ITR.ITR2.ScheduleCGFor23.LongTermCapGain23.SaleofAssetNADtls.SaleofAssetNA.BalanceCG	integer	True	type=integer, maximum=99999999999999, REQUIRED	
ITR.ITR2.ScheduleCGFor23.LongTermCapGain23.SaleofAssetNADtls.SaleofAssetNA.DeductionUs54F	integer	True	type=integer, minimum=0, maximum=100000000, REQUIRED	
ITR.ITR2.ScheduleCGFor23.LongTermCapGain23.SaleofAssetNADtls.SaleofAssetNA.CapgainonAssets	integer	True	type=integer, minimum=-99999999999999, maximum=99999999999999, REQUIRED	
ITR.ITR2.ScheduleCGFor23.LongTermCapGain23.SaleofAssetNADtls.TotalCapgainonAssets	integer	False	type=integer, minimum=-99999999999999, maximum=99999999999999	
ITR.ITR2.ScheduleCGFor23.LongTermCapGain23.UnutilizedLtcgFlag	string	False	type=string, pattern=|(\s*([\w\d_=!@#$%\^*\(\){}\[\]\|\\:;',\.\?/~`\-\+<>&][\s\w\d_=!@#$%\^*\(\){}\[\]\|\\:;',\.\?/~`\-\+<>&]*)\s*), enum=['Y', 'N', 'X']	Y - Yes; N - No; X - Not Applicable
ITR.ITR2.ScheduleCGFor23.LongTermCapGain23.UnutilizedCg.UnutilizedCgPrvYrDtls[].PrvYrInWhichAsstTrnsfrd	string	True	type=string, pattern=|(\s*([\w\d_=!@#$%\^*\(\){}\[\]\|\\:;',\.\?/~`\-\+<>&][\s\w\d_=!@#$%\^*\(\){}\[\]\|\\:;',\.\?/~`\-\+<>&]*)\s*), enum=['2021-22', '2022-23', '2023-24'], REQUIRED	
ITR.ITR2.ScheduleCGFor23.LongTermCapGain23.UnutilizedCg.UnutilizedCgPrvYrDtls[].SectionClmd	string	True	type=string, pattern=|(\s*([\w\d_=!@#$%\^*\(\){}\[\]\|\\:;',\.\?/~`\-\+<>&][\s\w\d_=!@#$%\^*\(\){}\[\]\|\\:;',\.\?/~`\-\+<>&]*)\s*), enum=['54', '54B', '54F'], REQUIRED	54 - 54; 54B - 54B; 54F - 54F
ITR.ITR2.ScheduleCGFor23.LongTermCapGain23.UnutilizedCg.UnutilizedCgPrvYrDtls[].YrInWhichAssetAcq	string	False	type=string, pattern=|(\s*([\w\d_=!@#$%\^*\(\){}\[\]\|\\:;',\.\?/~`\-\+<>&][\s\w\d_=!@#$%\^*\(\){}\[\]\|\\:;',\.\?/~`\-\+<>&]*)\s*), enum=['2022', '2023', '2024']	
ITR.ITR2.ScheduleCGFor23.LongTermCapGain23.UnutilizedCg.UnutilizedCgPrvYrDtls[].AmtUtilized	integer	False	type=integer, minimum=-99999999999999, maximum=99999999999999	
ITR.ITR2.ScheduleCGFor23.LongTermCapGain23.UnutilizedCg.UnutilizedCgPrvYrDtls[].AmtUnutilized	integer	True	type=integer, minimum=-99999999999999, maximum=99999999999999, REQUIRED	
ITR.ITR2.ScheduleCGFor23.LongTermCapGain23.UnutilizedCg.UnutilizedCgPrvYrDtls[].DateofWithdrawalBE	string	True	type=string, pattern=|(\s*([\w\d_=!@#$%\^*\(\){}\[\]\|\\:;',\.\?/~`\-\+<>&][\s\w\d_=!@#$%\^*\(\){}\[\]\|\\:;',\.\?/~`\-\+<>&]*)\s*), enum=['Y', 'N'], REQUIRED	Y - Yes; N - No
ITR.ITR2.ScheduleCGFor23.LongTermCapGain23.AmtDeemedLtcg	integer	False	type=integer, minimum=0, maximum=99999999999999	
ITR.ITR2.ScheduleCGFor23.LongTermCapGain23.AmtDeemedLtcgTransferBE	integer	False	type=integer, minimum=0, maximum=99999999999999	
ITR.ITR2.ScheduleCGFor23.LongTermCapGain23.AmtDeemedLtcgTransferAE	integer	False	type=integer, minimum=0, maximum=99999999999999	
ITR.ITR2.ScheduleCGFor23.LongTermCapGain23.TotalAmtDeemedLtcg	integer	True	type=integer, minimum=0, maximum=99999999999999, REQUIRED	
ITR.ITR2.ScheduleCGFor23.LongTermCapGain23.TotalAmtDeemedLtcgTransferBE	integer	False	type=integer, minimum=0, maximum=99999999999999	
ITR.ITR2.ScheduleCGFor23.LongTermCapGain23.TotalAmtDeemedLtcgTransferAE	integer	False	type=integer, minimum=0, maximum=99999999999999	
ITR.ITR2.ScheduleCGFor23.LongTermCapGain23.PassThrIncNatureLTCG	integer	True	type=integer, minimum=-99999999999999, maximum=99999999999999, REQUIRED	
ITR.ITR2.ScheduleCGFor23.LongTermCapGain23.PassThrIncNatureLTCGUs112A	integer	True	type=integer, minimum=-99999999999999, maximum=99999999999999, REQUIRED	
ITR.ITR2.ScheduleCGFor23.LongTermCapGain23.PassThrIncNatureLTCGUs112A12_5Per	integer	False	type=integer, minimum=-99999999999999, maximum=99999999999999	
ITR.ITR2.ScheduleCGFor23.LongTermCapGain23.PassThrIncNatureLTCG10Per	integer	False	type=integer, minimum=-99999999999999, maximum=99999999999999	
ITR.ITR2.ScheduleCGFor23.LongTermCapGain23.PassThrIncNatureLTCG12_5Per	integer	False	type=integer, minimum=-99999999999999, maximum=99999999999999	
ITR.ITR2.ScheduleCGFor23.LongTermCapGain23.PassThrIncNatureLTCG20Per	integer	False	type=integer, minimum=-99999999999999, maximum=99999999999999	
ITR.ITR2.ScheduleCGFor23.LongTermCapGain23.NRICgDTAA.NRIDTAADtls[].DTAAamt	integer	True	type=integer, minimum=-99999999999999, maximum=99999999999999, REQUIRED	
ITR.ITR2.ScheduleCGFor23.LongTermCapGain23.NRICgDTAA.NRIDTAADtls[].ItemNoincl	string	True	type=string, pattern=|(\s*([\w\d_=!@#$%\^*\(\){}\[\]\|\\:;',\.\?/~`\-\+<>&][\s\w\d_=!@#$%\^*\(\){}\[\]\|\\:;',\.\?/~`\-\+<>&]*)\s*), enum=['B1e_20%', 'B1e_12.5%', 'B2e', 'B3e_112(1)_20%', 'B3e_112(1)_12.5%', 'B3e_115ACA_10%', 'B3e_115ACA_12.5%', 'B4c_112A_10%', 'B4c_112A_12.5%', 'B5ci_20%', 'B5cii…], REQUIRED	B1e_20% - B1e_20%; B1e_12.5% - B1e_12.5%; B2e - B2e; B3e_112(1)_20% - B3e_112(1)_20%; B3e_112(1)_12.5% - B3e_112(1)_12.5%; B3e_115ACA_10% - B3e_115ACA_10%; B3e_115ACA_12.5% - B3e_115ACA_12.5%; B4c_112A_10% - B4c_112A_10%; B4c_112A_12.5% - B4c_112A_12.5%; B5ci_20% - B5ci_20%; B5cii_10% - B5cii_10%; B5ciii_12.5% - B5ciii_12.5%; B6e_112(1)(c)_10% - B6e_112(1)(c)_10%; B6e_112(1)(c)_12.5% - B6e_112(1)(c)_12.5%; B6e_115AC_10% - B6e_115AC_10%; B6e_115AC_12.5% - B6e_115AC_12.5%; B6e_115AD - B6e_115AD; B7c_115AD(1)(iii) proviso_10% - B7c_115AD(1)(iii) proviso_10%; B7c_115AD(1)(iii) proviso_12.5% - B7c_115AD(1)(iii) proviso_12.5%; B8c_10% - B8c_10%; B8c_12.5% - B8c_12.5%; B9e_20% - B9e_20%; B9e_12.5% - B9e_12.5%; B10_20% - B10_20%; B10_12.5% - B10_12.5%; B11a1_10% - B11a1_10%; B11a1_12.5% - B11a1_12.5%; B11a2_10% - B11a2_10%; B11a2_12.5% - B11a2_12.5%; B11b - B11b
ITR.ITR2.ScheduleCGFor23.LongTermCapGain23.NRICgDTAA.NRIDTAADtls[].CountryName	string	True	type=string, minLength=1, maxLength=55, pattern=|(\s*([\w\d_=!@#$%\^*\(\){}\[\]\|\\:;',\.\?/~`\-\+<>&][\s\w\d_=!@#$%\^*\(\){}\[\]\|\\:;',\.\?/~`\-\+<>&]*)\s*), REQUIRED	
ITR.ITR2.ScheduleCGFor23.LongTermCapGain23.NRICgDTAA.NRIDTAADtls[].CountryCodeExcludingIndia	string	True	type=string, pattern=|(\s*([\w\d_=!@#$%\^*\(\){}\[\]\|\\:;',\.\?/~`\-\+<>&][\s\w\d_=!@#$%\^*\(\){}\[\]\|\\:;',\.\?/~`\-\+<>&]*)\s*), enum=['93', '1001', '355', '213', '684', '376', '244', '1264', '1010', '1268', '54', '374', '297', '61', '43', '994', '1242', '973', '880', '1246', '375', '32', '501…], REQUIRED	93:AFGHANISTAN; 1001:ÅLAND ISLANDS; 355:ALBANIA; 213:ALGERIA; 684:AMERICAN SAMOA; 376:ANDORRA; 244:ANGOLA; 1264:ANGUILLA; 1010:ANTARCTICA; 1268:ANTIGUA AND BARBUDA; 54:ARGENTINA; 374:ARMENIA; 297:ARUBA; 61:AUSTRALIA; 43:AUSTRIA; 994:AZERBAIJAN; 1242:BAHAMAS; 973:BAHRAIN; 880:BANGLADESH; 1246:BARBADOS; 375:BELARUS; 32:BELGIUM; 501:BELIZE; 229:BENIN; 1441:BERMUDA; 975:BHUTAN; 591:BOLIVIA (PLURINATIONAL STATE OF); 1002:BONAIRE, SINT EUSTATIUS AND SABA; 387:BOSNIA AND HERZEGOVINA; 267:BOTSWANA; 1003:BOUVET ISLAND; 55:BRAZIL; 1014:BRITISH INDIAN OCEAN TERRITORY; 673:BRUNEI DARUSSALAM; 359:BULGARIA; 226: BURKINA FASO; 257:BURUNDI; 238:CABO VERDE; 855:CAMBODIA; 237:CAMEROON; 1:CANADA; 1345:CAYMAN ISLANDS; 236:CENTRAL AFRICAN REPUBLIC; 235:CHAD; 56:CHILE; 86:CHINA; 9:CHRISTMAS ISLAND; 672:COCOS (KEELING) ISLANDS; 57:COLOMBIA; 270:COMOROS; 242:CONGO; 243:CONGO (DEMOCRATIC REPUBLIC OF THE); 682:COOK ISLANDS; 506:COSTA RICA; 225:CÔTE D'IVOIRE; 385:CROATIA; 53:CUBA; 1015:CURAÇAO; 357:CYPRUS; 420:CZECHIA; 45:DENMARK; 253:DJIBOUTI; 1767:DOMINICA; 1809:DOMINICAN REPUBLIC; 593:ECUADOR; 20:EGYPT; 503:EL SALVADOR; 240:EQUATORIAL GUINEA; 291:ERITREA; 372:ESTONIA; 251:ETHIOPIA; 500:FALKLAND ISLANDS (MALVINAS); 298:FAROE ISLANDS; 679:FIJI; 358:FINLAND; 33:FRANCE; 594:FRENCH GUIANA; 689:FRENCH POLYNESIA; 1004:FRENCH SOUTHERN TERRITORIES; 241:GABON; 220:GAMBIA; 995:GEORGIA; 49:GERMANY; 233:GHANA; 350:GIBRALTAR; 30:GREECE; 299:GREENLAND; 1473:GRENADA; 590:GUADELOUPE; 1671:GUAM; 502:GUATEMALA; 1481:GUERNSEY; 224:GUINEA; 245:GUINEA-BISSAU; 592:GUYANA; 509:HAITI; 1005:HEARD ISLAND AND MCDONALD ISLANDS; 6:HOLY SEE; 504:HONDURAS; 852:HONG KONG; 36:HUNGARY; 354:ICELAND; 62:INDONESIA; 98:IRAN (ISLAMIC REPUBLIC OF); 964:IRAQ; 353:IRELAND; 1624:ISLE OF MAN; 972:ISRAEL; 5:ITALY; 1876:JAMAICA; 81:JAPAN; 1534:JERSEY; 962:JORDAN; 7:KAZAKHSTAN; 254:KENYA; 686:KIRIBATI; 850:KOREA(DEMOCRATIC PEOPLE'S REPUBLIC OF); 82:KOREA (REPUBLIC OF); 965:KUWAIT; 996:KYRGYZSTAN; 856:LAO PEOPLE'S DEMOCRATIC REPUBLIC; 371:LATVIA; 961:LEBANON; 266:LESOTHO; 231:LIBERIA; 218:LIBYA; 423:LIECHTENSTEIN; 370:LITHUANIA; 352:LUXEMBOURG; 853:MACAO; 389:MACEDONIA(THE FORMER YUGOSLAV REPUBLIC OF); 261:MADAGASCAR; 265:MALAWI; 60:MALAYSIA; 960:MALDIVES; 223:MALI; 356:MALTA; 692:MARSHALL ISLANDS; 596:MARTINIQUE; 222:MAURITANIA; 230:MAURITIUS; 269:MAYOTTE; 52:MEXICO; 691:MICRONESIA (FEDERATED STATES OF); 373:MOLDOVA (REPUBLIC OF); 377:MONACO; 976:MONGOLIA; 382:MONTENEGRO; 1664:MONTSERRAT; 212:MOROCCO; 258:MOZAMBIQUE; 95:MYANMAR; 264:NAMIBIA; 674:NAURU; 977:NEPAL; 31:NETHERLANDS; 687:NEW CALEDONIA; 64:NEW ZEALAND; 505:NICARAGUA; 227:NIGER; 234:NIGERIA; 683:NIUE; 15:NORFOLK ISLAND; 1670:NORTHERN MARIANA ISLANDS; 47:NORWAY; 968:OMAN; 92:PAKISTAN; 680:PALAU; 970:PALESTINE, STATE OF; 507:PANAMA; 675:PAPUA NEW GUINEA; 595:PARAGUAY; 51:PERU; 63:PHILIPPINES; 1011:PITCAIRN; 48:POLAND; 14:PORTUGAL; 1787:PUERTO RICO; 974:QATAR; 262:RÉUNION; 40:ROMANIA; 8:RUSSIAN FEDERATION; 250:RWANDA; 1006:SAINT BARTHÉLEMY; 290: SAINT HELENA, ASCENSION AND TRISTAN DA CUNHA; 1869:SAINT KITTS AND NEVIS; 1758:SAINT LUCIA; 1007:SAINT MARTIN (FRENCH PART); 508:SAINT PIERRE AND MIQUELON; 1784:SAINT VINCENT AND THE GRENADINES; 685:SAMOA; 378:SAN MARINO; 239:SAO TOME AND PRINCIPE; 966:SAUDI ARABIA; 221:SENEGAL; 381:SERBIA; 248:SEYCHELLES; 232:SIERRA LEONE; 65:SINGAPORE; 1721:SINT MAARTEN (DUTCH PART); 421:SLOVAKIA; 386:SLOVENIA; 677:SOLOMON ISLANDS; 252:SOMALIA; 28:SOUTH AFRICA; 1008:SOUTH GEORGIA AND THE SOUTH SANDWICH ISLANDS; 211:SOUTH SUDAN; 35:SPAIN; 94:SRI LANKA; 249:SUDAN; 597:SURINAME; 1012:SVALBARD AND JAN MAYEN; 268:SWAZILAND; 46:SWEDEN; 41:SWITZERLAND; 963:SYRIAN ARAB REPUBLIC; 886:TAIWAN; 992:TAJIKISTAN; 255:TANZANIA, UNITED REPUBLIC OF; 66:THAILAND; 670:TIMOR-LESTE (EAST TIMOR); 228:TOGO; 690:TOKELAU; 676:TONGA; 1868:TRINIDAD AND TOBAGO; 216:TUNISIA; 90:TURKEY; 993:TURKMENISTAN; 1649:TURKS AND CAICOS ISLANDS; 688:TUVALU; 256:UGANDA; 380:UKRAINE; 971:UNITED ARAB EMIRATES; 44:UNITED KINGDOM OF GREAT BRITAIN AND NORTHERN IRELAND; 2:UNITED STATES OF AMERICA; 1009:UNITED STATES MINOR OUTLYING ISLANDS; 598:URUGUAY; 998:UZBEKISTAN; 678:VANUATU; 58:VENEZUELA (BOLIVARIAN REPUBLIC OF); 84:VIET NAM; 1284:VIRGIN ISLANDS (BRITISH); 1340:VIRGIN ISLANDS (U.S.); 681:WALLIS AND FUTUNA; 1013:WESTERN SAHARA; 967:YEMEN; 260:ZAMBIA; 263:ZIMBABWE; 9999:OTHERS
ITR.ITR2.ScheduleCGFor23.LongTermCapGain23.NRICgDTAA.NRIDTAADtls[].DTAAarticle	string	True	type=string, minLength=1, maxLength=16, pattern=|(\s*([\w\d_=!@#$%\^*\(\){}\[\]\|\\:;',\.\?/~`\-\+<>&][\s\w\d_=!@#$%\^*\(\){}\[\]\|\\:;',\.\?/~`\-\+<>&]*)\s*), REQUIRED	
ITR.ITR2.ScheduleCGFor23.LongTermCapGain23.NRICgDTAA.NRIDTAADtls[].RateAsPerTreaty	number	True	type=number, minimum=0, maximum=100, REQUIRED	
ITR.ITR2.ScheduleCGFor23.LongTermCapGain23.NRICgDTAA.NRIDTAADtls[].TaxRescertifiedFlag	string	False	type=string, pattern=|(\s*([\w\d_=!@#$%\^*\(\){}\[\]\|\\:;',\.\?/~`\-\+<>&][\s\w\d_=!@#$%\^*\(\){}\[\]\|\\:;',\.\?/~`\-\+<>&]*)\s*), enum=['Y', 'N']	Y - Yes; N - No
ITR.ITR2.ScheduleCGFor23.LongTermCapGain23.NRICgDTAA.NRIDTAADtls[].SecITAct	string	True	type=string, minLength=1, maxLength=10, pattern=|(\s*([\w\d_=!@#$%\^*\(\){}\[\]\|\\:;',\.\?/~`\-\+<>&][\s\w\d_=!@#$%\^*\(\){}\[\]\|\\:;',\.\?/~`\-\+<>&]*)\s*), REQUIRED	
ITR.ITR2.ScheduleCGFor23.LongTermCapGain23.NRICgDTAA.NRIDTAADtls[].RateAsPerITAct	number	True	type=number, minimum=0, maximum=100, REQUIRED	
ITR.ITR2.ScheduleCGFor23.LongTermCapGain23.NRICgDTAA.NRIDTAADtls[].ApplicableRate	number	False	type=number, minimum=0, maximum=100	
ITR.ITR2.ScheduleCGFor23.LongTermCapGain23.TotalAmtNotTaxUsDTAALtcg	integer	True	type=integer, minimum=-99999999999999, maximum=99999999999999, REQUIRED	
ITR.ITR2.ScheduleCGFor23.LongTermCapGain23.CapitalLossBuyBackShares.TotalCapitalLossBuyBackShares	integer	True	type=integer, minimum=-99999999999999, maximum=0, REQUIRED	
ITR.ITR2.ScheduleCGFor23.LongTermCapGain23.CapitalLossBuyBackShares.CapitalLossBuyBackSharesDtls[].Rate	string	True	type=string, pattern=|(\s*([\w\d_=!@#$%\^*\(\){}\[\]\|\\:;',\.\?/~`\-\+<>&][\s\w\d_=!@#$%\^*\(\){}\[\]\|\\:;',\.\?/~`\-\+<>&]*)\s*), enum=['LTL10', 'LTL12_5'], REQUIRED	LTL10 - Loss from buy back of 'shares taxable at 10%'; LTL12_5 - Loss from buy back of 'shares taxable at 12.5%'
ITR.ITR2.ScheduleCGFor23.LongTermCapGain23.CapitalLossBuyBackShares.CapitalLossBuyBackSharesDtls[].Amount	integer	True	type=integer, minimum=-99999999999999, maximum=0, REQUIRED	
ITR.ITR2.ScheduleCGFor23.LongTermCapGain23.TotalAmtTaxUsDTAALtcg	integer	True	type=integer, minimum=-99999999999999, maximum=99999999999999, REQUIRED	
ITR.ITR2.ScheduleCGFor23.LongTermCapGain23.TotalLTCG	integer	True	type=integer, minimum=-99999999999999, maximum=99999999999999, REQUIRED	
ITR.ITR2.ScheduleCGFor23.SumOfCGIncm	integer	True	type=integer, minimum=0, maximum=99999999999999, REQUIRED	
ITR.ITR2.ScheduleCGFor23.IncmFromVDATrnsf	integer	True	type=integer, minimum=0, maximum=99999999999999, REQUIRED	
ITR.ITR2.ScheduleCGFor23.TotScheduleCGFor23	integer	True	type=integer, minimum=0, maximum=99999999999999, REQUIRED	
ITR.ITR2.ScheduleCGFor23.DeducClaimInfo.DeducClaimDtlsUs54[].DateofTransfer	string	True	type=string, pattern=([12]\d{3}-(0[1-9]|1[0-2])-(0[1-9]|[12]\d|3[01])), REQUIRED	Date in YYYY-MM-DD format
ITR.ITR2.ScheduleCGFor23.DeducClaimInfo.DeducClaimDtlsUs54[].CostofNewResHouse	integer	False	type=integer, minimum=0, maximum=99999999999999	
ITR.ITR2.ScheduleCGFor23.DeducClaimInfo.DeducClaimDtlsUs54[].DateofPurchase	string	False	type=string, pattern=([12]\d{3}-(0[1-9]|1[0-2])-(0[1-9]|[12]\d|3[01]))	Date in YYYY-MM-DD format
ITR.ITR2.ScheduleCGFor23.DeducClaimInfo.DeducClaimDtlsUs54[].AmtDeposited	integer	False	type=integer, minimum=0, maximum=99999999999999	
ITR.ITR2.ScheduleCGFor23.DeducClaimInfo.DeducClaimDtlsUs54[].DepositDate	string	False	type=string, pattern=([12]\d{3}-(0[1-9]|1[0-2])-(0[1-9]|[12]\d|3[01]))	Date of Deposit in format YYYY-MM-DD
ITR.ITR2.ScheduleCGFor23.DeducClaimInfo.DeducClaimDtlsUs54[].AccountNo	string	False	type=string, minLength=1, maxLength=20	
ITR.ITR2.ScheduleCGFor23.DeducClaimInfo.DeducClaimDtlsUs54[].IFSC	string	False	type=string, pattern=[A-Z]{4}[0][A-Z0-9]{6}	
ITR.ITR2.ScheduleCGFor23.DeducClaimInfo.DeducClaimDtlsUs54[].AmtDeducted	integer	True	type=integer, minimum=0, maximum=100000000, REQUIRED	
ITR.ITR2.ScheduleCGFor23.DeducClaimInfo.DeducClaimDtlsUs54B[].DateofTransfer	string	True	type=string, pattern=([12]\d{3}-(0[1-9]|1[0-2])-(0[1-9]|[12]\d|3[01])), REQUIRED	Date in YYYY-MM-DD format
ITR.ITR2.ScheduleCGFor23.DeducClaimInfo.DeducClaimDtlsUs54B[].CostofNewAgriLand	integer	False	type=integer, minimum=0, maximum=99999999999999	
ITR.ITR2.ScheduleCGFor23.DeducClaimInfo.DeducClaimDtlsUs54B[].DateofPurchase	string	False	type=string, pattern=([12]\d{3}-(0[1-9]|1[0-2])-(0[1-9]|[12]\d|3[01]))	Date in YYYY-MM-DD format
ITR.ITR2.ScheduleCGFor23.DeducClaimInfo.DeducClaimDtlsUs54B[].AmtDeposited	integer	False	type=integer, minimum=0, maximum=99999999999999	
ITR.ITR2.ScheduleCGFor23.DeducClaimInfo.DeducClaimDtlsUs54B[].DepositDate	string	False	type=string, pattern=([12]\d{3}-(0[1-9]|1[0-2])-(0[1-9]|[12]\d|3[01]))	Date of Deposit in format YYYY-MM-DD
ITR.ITR2.ScheduleCGFor23.DeducClaimInfo.DeducClaimDtlsUs54B[].AccountNo	string	False	type=string, minLength=1, maxLength=20	
ITR.ITR2.ScheduleCGFor23.DeducClaimInfo.DeducClaimDtlsUs54B[].IFSC	string	False	type=string, pattern=[A-Z]{4}[0][A-Z0-9]{6}	
ITR.ITR2.ScheduleCGFor23.DeducClaimInfo.DeducClaimDtlsUs54B[].AmtDeducted	integer	True	type=integer, minimum=0, maximum=99999999999999, REQUIRED	
ITR.ITR2.ScheduleCGFor23.DeducClaimInfo.DeducClaimDtlsUs54EC[].DateofTransfer	string	True	type=string, pattern=([12]\d{3}-(0[1-9]|1[0-2])-(0[1-9]|[12]\d|3[01])), REQUIRED	Date in YYYY-MM-DD format
ITR.ITR2.ScheduleCGFor23.DeducClaimInfo.DeducClaimDtlsUs54EC[].AmtInvested	integer	False	type=integer, minimum=0, maximum=99999999999999	
ITR.ITR2.ScheduleCGFor23.DeducClaimInfo.DeducClaimDtlsUs54EC[].DateofInvestment	string	False	type=string, pattern=([12]\d{3}-(0[1-9]|1[0-2])-(0[1-9]|[12]\d|3[01]))	Date in YYYY-MM-DD format
ITR.ITR2.ScheduleCGFor23.DeducClaimInfo.DeducClaimDtlsUs54EC[].AmtDeducted	integer	True	type=integer, minimum=0, maximum=99999999999999, REQUIRED	
ITR.ITR2.ScheduleCGFor23.DeducClaimInfo.DeducClaimDtlsUs54F[].DateofTransfer	string	True	type=string, pattern=([12]\d{3}-(0[1-9]|1[0-2])-(0[1-9]|[12]\d|3[01])), REQUIRED	Date in YYYY-MM-DD format
ITR.ITR2.ScheduleCGFor23.DeducClaimInfo.DeducClaimDtlsUs54F[].CostofNewResHouse	integer	False	type=integer, minimum=0, maximum=99999999999999	
ITR.ITR2.ScheduleCGFor23.DeducClaimInfo.DeducClaimDtlsUs54F[].DateofPurchase	string	False	type=string, pattern=([12]\d{3}-(0[1-9]|1[0-2])-(0[1-9]|[12]\d|3[01]))	Date in YYYY-MM-DD format
ITR.ITR2.ScheduleCGFor23.DeducClaimInfo.DeducClaimDtlsUs54F[].AmtDeposited	integer	False	type=integer, minimum=0, maximum=99999999999999	
ITR.ITR2.ScheduleCGFor23.DeducClaimInfo.DeducClaimDtlsUs54F[].DepositDate	string	False	type=string, pattern=([12]\d{3}-(0[1-9]|1[0-2])-(0[1-9]|[12]\d|3[01]))	Date of Deposit in format YYYY-MM-DD
ITR.ITR2.ScheduleCGFor23.DeducClaimInfo.DeducClaimDtlsUs54F[].AccountNo	string	False	type=string, minLength=1, maxLength=20	
ITR.ITR2.ScheduleCGFor23.DeducClaimInfo.DeducClaimDtlsUs54F[].IFSC	string	False	type=string, pattern=[A-Z]{4}[0][A-Z0-9]{6}	
ITR.ITR2.ScheduleCGFor23.DeducClaimInfo.DeducClaimDtlsUs54F[].AmtDeducted	integer	True	type=integer, minimum=0, maximum=100000000, REQUIRED	
ITR.ITR2.ScheduleCGFor23.DeducClaimInfo.DeducClaimDtlsUs115F[].DateofTransfer	string	True	type=string, pattern=([12]\d{3}-(0[1-9]|1[0-2])-(0[1-9]|[12]\d|3[01])), REQUIRED	Date in YYYY-MM-DD format
ITR.ITR2.ScheduleCGFor23.DeducClaimInfo.DeducClaimDtlsUs115F[].AmtInvested	integer	True	type=integer, minimum=0, maximum=99999999999999, REQUIRED	
ITR.ITR2.ScheduleCGFor23.DeducClaimInfo.DeducClaimDtlsUs115F[].DateofInvestment	string	True	type=string, pattern=([12]\d{3}-(0[1-9]|1[0-2])-(0[1-9]|[12]\d|3[01])), REQUIRED	Date in YYYY-MM-DD format
ITR.ITR2.ScheduleCGFor23.DeducClaimInfo.DeducClaimDtlsUs115F[].AmtDeducted	integer	True	type=integer, minimum=0, maximum=99999999999999, REQUIRED	
ITR.ITR2.ScheduleCGFor23.DeducClaimInfo.TotDeductClaim	integer	True	type=integer, minimum=0, maximum=99999999999999, REQUIRED	
ITR.ITR2.ScheduleCGFor23.CurrYrLosses.InLossSetOff.StclSetoff15Per	integer	True	type=integer, minimum=0, maximum=99999999999999, REQUIRED	
ITR.ITR2.ScheduleCGFor23.CurrYrLosses.InLossSetOff.StclSetoff20Per	integer	True	type=integer, minimum=0, maximum=99999999999999, REQUIRED	
ITR.ITR2.ScheduleCGFor23.CurrYrLosses.InLossSetOff.StclSetoff30Per	integer	True	type=integer, minimum=0, maximum=99999999999999, REQUIRED	
ITR.ITR2.ScheduleCGFor23.CurrYrLosses.InLossSetOff.StclSetoffAppRate	integer	True	type=integer, minimum=0, maximum=99999999999999, REQUIRED	
ITR.ITR2.ScheduleCGFor23.CurrYrLosses.InLossSetOff.StclSetoffDTAARate	integer	True	type=integer, minimum=0, maximum=99999999999999, REQUIRED	
ITR.ITR2.ScheduleCGFor23.CurrYrLosses.InLossSetOff.LtclSetOff10Per	integer	True	type=integer, minimum=0, maximum=99999999999999, REQUIRED	
ITR.ITR2.ScheduleCGFor23.CurrYrLosses.InLossSetOff.LtclSetOff12_5Per	integer	True	type=integer, minimum=0, maximum=99999999999999, REQUIRED	
ITR.ITR2.ScheduleCGFor23.CurrYrLosses.InLossSetOff.LtclSetOff20Per	integer	True	type=integer, minimum=0, maximum=99999999999999, REQUIRED	
ITR.ITR2.ScheduleCGFor23.CurrYrLosses.InLossSetOff.LtclSetOffDTAARate	integer	True	type=integer, minimum=0, maximum=99999999999999, REQUIRED	
ITR.ITR2.ScheduleCGFor23.CurrYrLosses.InStcg15Per.CurrYearIncome	integer	True	type=integer, minimum=0, maximum=99999999999999, REQUIRED	
ITR.ITR2.ScheduleCGFor23.CurrYrLosses.InStcg15Per.StclSetoff20Per	integer	True	type=integer, minimum=0, maximum=99999999999999, REQUIRED	
ITR.ITR2.ScheduleCGFor23.CurrYrLosses.InStcg15Per.StclSetoff30Per	integer	True	type=integer, minimum=0, maximum=99999999999999, REQUIRED	
ITR.ITR2.ScheduleCGFor23.CurrYrLosses.InStcg15Per.StclSetoffAppRate	integer	True	type=integer, minimum=0, maximum=99999999999999, REQUIRED	
ITR.ITR2.ScheduleCGFor23.CurrYrLosses.InStcg15Per.StclSetoffDTAARate	integer	True	type=integer, minimum=0, maximum=99999999999999, REQUIRED	
ITR.ITR2.ScheduleCGFor23.CurrYrLosses.InStcg15Per.CurrYrCapGain	integer	True	type=integer, minimum=0, maximum=99999999999999, REQUIRED	
ITR.ITR2.ScheduleCGFor23.CurrYrLosses.InStcg20Per.CurrYearIncome	integer	True	type=integer, minimum=0, maximum=99999999999999, REQUIRED	
ITR.ITR2.ScheduleCGFor23.CurrYrLosses.InStcg20Per.StclSetoff15Per	integer	True	type=integer, minimum=0, maximum=99999999999999, REQUIRED	
ITR.ITR2.ScheduleCGFor23.CurrYrLosses.InStcg20Per.StclSetoff30Per	integer	True	type=integer, minimum=0, maximum=99999999999999, REQUIRED	
ITR.ITR2.ScheduleCGFor23.CurrYrLosses.InStcg20Per.StclSetoffAppRate	integer	True	type=integer, minimum=0, maximum=99999999999999, REQUIRED	
ITR.ITR2.ScheduleCGFor23.CurrYrLosses.InStcg20Per.StclSetoffDTAARate	integer	True	type=integer, minimum=0, maximum=99999999999999, REQUIRED	
ITR.ITR2.ScheduleCGFor23.CurrYrLosses.InStcg20Per.CurrYrCapGain	integer	True	type=integer, minimum=0, maximum=99999999999999, REQUIRED	
ITR.ITR2.ScheduleCGFor23.CurrYrLosses.InStcg30Per.CurrYearIncome	integer	True	type=integer, minimum=0, maximum=99999999999999, REQUIRED	
ITR.ITR2.ScheduleCGFor23.CurrYrLosses.InStcg30Per.StclSetoff15Per	integer	True	type=integer, minimum=0, maximum=99999999999999, REQUIRED	
ITR.ITR2.ScheduleCGFor23.CurrYrLosses.InStcg30Per.StclSetoff20Per	integer	True	type=integer, minimum=0, maximum=99999999999999, REQUIRED	
ITR.ITR2.ScheduleCGFor23.CurrYrLosses.InStcg30Per.StclSetoffAppRate	integer	True	type=integer, minimum=0, maximum=99999999999999, REQUIRED	
ITR.ITR2.ScheduleCGFor23.CurrYrLosses.InStcg30Per.StclSetoffDTAARate	integer	True	type=integer, minimum=0, maximum=99999999999999, REQUIRED	
ITR.ITR2.ScheduleCGFor23.CurrYrLosses.InStcg30Per.CurrYrCapGain	integer	True	type=integer, minimum=0, maximum=99999999999999, REQUIRED	
ITR.ITR2.ScheduleCGFor23.CurrYrLosses.InStcgAppRate.CurrYearIncome	integer	True	type=integer, minimum=0, maximum=99999999999999, REQUIRED	
ITR.ITR2.ScheduleCGFor23.CurrYrLosses.InStcgAppRate.StclSetoff15Per	integer	True	type=integer, minimum=0, maximum=99999999999999, REQUIRED	
ITR.ITR2.ScheduleCGFor23.CurrYrLosses.InStcgAppRate.StclSetoff20Per	integer	True	type=integer, minimum=0, maximum=99999999999999, REQUIRED	
ITR.ITR2.ScheduleCGFor23.CurrYrLosses.InStcgAppRate.StclSetoff30Per	integer	True	type=integer, minimum=0, maximum=99999999999999, REQUIRED	
ITR.ITR2.ScheduleCGFor23.CurrYrLosses.InStcgAppRate.StclSetoffDTAARate	integer	True	type=integer, minimum=0, maximum=99999999999999, REQUIRED	
ITR.ITR2.ScheduleCGFor23.CurrYrLosses.InStcgAppRate.CurrYrCapGain	integer	True	type=integer, minimum=0, maximum=99999999999999, REQUIRED	
ITR.ITR2.ScheduleCGFor23.CurrYrLosses.InStcgDTAARate.CurrYearIncome	integer	True	type=integer, minimum=0, maximum=99999999999999, REQUIRED	
ITR.ITR2.ScheduleCGFor23.CurrYrLosses.InStcgDTAARate.StclSetoff15Per	integer	True	type=integer, minimum=0, maximum=99999999999999, REQUIRED	
ITR.ITR2.ScheduleCGFor23.CurrYrLosses.InStcgDTAARate.StclSetoff20Per	integer	True	type=integer, minimum=0, maximum=99999999999999, REQUIRED	
ITR.ITR2.ScheduleCGFor23.CurrYrLosses.InStcgDTAARate.StclSetoff30Per	integer	True	type=integer, minimum=0, maximum=99999999999999, REQUIRED	
ITR.ITR2.ScheduleCGFor23.CurrYrLosses.InStcgDTAARate.StclSetoffAppRate	integer	True	type=integer, minimum=0, maximum=99999999999999, REQUIRED	
ITR.ITR2.ScheduleCGFor23.CurrYrLosses.InStcgDTAARate.CurrYrCapGain	integer	True	type=integer, minimum=0, maximum=99999999999999, REQUIRED	
ITR.ITR2.ScheduleCGFor23.CurrYrLosses.InLtcg10Per.CurrYearIncome	integer	True	type=integer, minimum=0, maximum=99999999999999, REQUIRED	
ITR.ITR2.ScheduleCGFor23.CurrYrLosses.InLtcg10Per.StclSetoff15Per	integer	True	type=integer, minimum=0, maximum=99999999999999, REQUIRED	
ITR.ITR2.ScheduleCGFor23.CurrYrLosses.InLtcg10Per.StclSetoff20Per	integer	True	type=integer, minimum=0, maximum=99999999999999, REQUIRED	
ITR.ITR2.ScheduleCGFor23.CurrYrLosses.InLtcg10Per.StclSetoff30Per	integer	True	type=integer, minimum=0, maximum=99999999999999, REQUIRED	
ITR.ITR2.ScheduleCGFor23.CurrYrLosses.InLtcg10Per.StclSetoffAppRate	integer	True	type=integer, minimum=0, maximum=99999999999999, REQUIRED	
ITR.ITR2.ScheduleCGFor23.CurrYrLosses.InLtcg10Per.StclSetoffDTAARate	integer	True	type=integer, minimum=0, maximum=99999999999999, REQUIRED	
ITR.ITR2.ScheduleCGFor23.CurrYrLosses.InLtcg10Per.LtclSetOff12_5Per	integer	True	type=integer, minimum=0, maximum=99999999999999, REQUIRED	
ITR.ITR2.ScheduleCGFor23.CurrYrLosses.InLtcg10Per.LtclSetOff20Per	integer	True	type=integer, minimum=0, maximum=99999999999999, REQUIRED	
ITR.ITR2.ScheduleCGFor23.CurrYrLosses.InLtcg10Per.LtclSetOffDTAARate	integer	True	type=integer, minimum=0, maximum=99999999999999, REQUIRED	
ITR.ITR2.ScheduleCGFor23.CurrYrLosses.InLtcg10Per.CurrYrCapGain	integer	True	type=integer, minimum=0, maximum=99999999999999, REQUIRED	
ITR.ITR2.ScheduleCGFor23.CurrYrLosses.InLtcg12_5Per.CurrYearIncome	integer	True	type=integer, minimum=0, maximum=99999999999999, REQUIRED	
ITR.ITR2.ScheduleCGFor23.CurrYrLosses.InLtcg12_5Per.StclSetoff15Per	integer	True	type=integer, minimum=0, maximum=99999999999999, REQUIRED	
ITR.ITR2.ScheduleCGFor23.CurrYrLosses.InLtcg12_5Per.StclSetoff20Per	integer	True	type=integer, minimum=0, maximum=99999999999999, REQUIRED	
ITR.ITR2.ScheduleCGFor23.CurrYrLosses.InLtcg12_5Per.StclSetoff30Per	integer	True	type=integer, minimum=0, maximum=99999999999999, REQUIRED	
ITR.ITR2.ScheduleCGFor23.CurrYrLosses.InLtcg12_5Per.StclSetoffAppRate	integer	True	type=integer, minimum=0, maximum=99999999999999, REQUIRED	
ITR.ITR2.ScheduleCGFor23.CurrYrLosses.InLtcg12_5Per.StclSetoffDTAARate	integer	True	type=integer, minimum=0, maximum=99999999999999, REQUIRED	
ITR.ITR2.ScheduleCGFor23.CurrYrLosses.InLtcg12_5Per.LtclSetOff10Per	integer	True	type=integer, minimum=0, maximum=99999999999999, REQUIRED	
ITR.ITR2.ScheduleCGFor23.CurrYrLosses.InLtcg12_5Per.LtclSetOff20Per	integer	True	type=integer, minimum=0, maximum=99999999999999, REQUIRED	
ITR.ITR2.ScheduleCGFor23.CurrYrLosses.InLtcg12_5Per.LtclSetOffDTAARate	integer	True	type=integer, minimum=0, maximum=99999999999999, REQUIRED	
ITR.ITR2.ScheduleCGFor23.CurrYrLosses.InLtcg12_5Per.CurrYrCapGain	integer	True	type=integer, minimum=0, maximum=99999999999999, REQUIRED	
ITR.ITR2.ScheduleCGFor23.CurrYrLosses.InLtcg20Per.CurrYearIncome	integer	True	type=integer, minimum=0, maximum=99999999999999, REQUIRED	
ITR.ITR2.ScheduleCGFor23.CurrYrLosses.InLtcg20Per.StclSetoff15Per	integer	True	type=integer, minimum=0, maximum=99999999999999, REQUIRED	
ITR.ITR2.ScheduleCGFor23.CurrYrLosses.InLtcg20Per.StclSetoff20Per	integer	True	type=integer, minimum=0, maximum=99999999999999, REQUIRED	
ITR.ITR2.ScheduleCGFor23.CurrYrLosses.InLtcg20Per.StclSetoff30Per	integer	True	type=integer, minimum=0, maximum=99999999999999, REQUIRED	
ITR.ITR2.ScheduleCGFor23.CurrYrLosses.InLtcg20Per.StclSetoffAppRate	integer	True	type=integer, minimum=0, maximum=99999999999999, REQUIRED	
ITR.ITR2.ScheduleCGFor23.CurrYrLosses.InLtcg20Per.StclSetoffDTAARate	integer	True	type=integer, minimum=0, maximum=99999999999999, REQUIRED	
ITR.ITR2.ScheduleCGFor23.CurrYrLosses.InLtcg20Per.LtclSetOff10Per	integer	True	type=integer, minimum=0, maximum=99999999999999, REQUIRED	
ITR.ITR2.ScheduleCGFor23.CurrYrLosses.InLtcg20Per.LtclSetOff12_5Per	integer	True	type=integer, minimum=0, maximum=99999999999999, REQUIRED	
ITR.ITR2.ScheduleCGFor23.CurrYrLosses.InLtcg20Per.LtclSetOffDTAARate	integer	True	type=integer, minimum=0, maximum=99999999999999, REQUIRED	
ITR.ITR2.ScheduleCGFor23.CurrYrLosses.InLtcg20Per.CurrYrCapGain	integer	True	type=integer, minimum=0, maximum=99999999999999, REQUIRED	
ITR.ITR2.ScheduleCGFor23.CurrYrLosses.InLtcgDTAARate.CurrYearIncome	integer	True	type=integer, minimum=0, maximum=99999999999999, REQUIRED	
ITR.ITR2.ScheduleCGFor23.CurrYrLosses.InLtcgDTAARate.StclSetoff15Per	integer	True	type=integer, minimum=0, maximum=99999999999999, REQUIRED	
ITR.ITR2.ScheduleCGFor23.CurrYrLosses.InLtcgDTAARate.StclSetoff20Per	integer	True	type=integer, minimum=0, maximum=99999999999999, REQUIRED	
ITR.ITR2.ScheduleCGFor23.CurrYrLosses.InLtcgDTAARate.StclSetoff30Per	integer	True	type=integer, minimum=0, maximum=99999999999999, REQUIRED	
ITR.ITR2.ScheduleCGFor23.CurrYrLosses.InLtcgDTAARate.StclSetoffAppRate	integer	True	type=integer, minimum=0, maximum=99999999999999, REQUIRED	
ITR.ITR2.ScheduleCGFor23.CurrYrLosses.InLtcgDTAARate.StclSetoffDTAARate	integer	True	type=integer, minimum=0, maximum=99999999999999, REQUIRED	
ITR.ITR2.ScheduleCGFor23.CurrYrLosses.InLtcgDTAARate.LtclSetOff10Per	integer	True	type=integer, minimum=0, maximum=99999999999999, REQUIRED	
ITR.ITR2.ScheduleCGFor23.CurrYrLosses.InLtcgDTAARate.LtclSetOff12_5Per	integer	True	type=integer, minimum=0, maximum=99999999999999, REQUIRED	
ITR.ITR2.ScheduleCGFor23.CurrYrLosses.InLtcgDTAARate.LtclSetOff20Per	integer	True	type=integer, minimum=0, maximum=99999999999999, REQUIRED	
ITR.ITR2.ScheduleCGFor23.CurrYrLosses.InLtcgDTAARate.CurrYrCapGain	integer	True	type=integer, minimum=0, maximum=99999999999999, REQUIRED	
ITR.ITR2.ScheduleCGFor23.CurrYrLosses.TotLossSetOff.StclSetoff15Per	integer	True	type=integer, minimum=0, maximum=99999999999999, REQUIRED	
ITR.ITR2.ScheduleCGFor23.CurrYrLosses.TotLossSetOff.StclSetoff20Per	integer	True	type=integer, minimum=0, maximum=99999999999999, REQUIRED	
ITR.ITR2.ScheduleCGFor23.CurrYrLosses.TotLossSetOff.StclSetoff30Per	integer	True	type=integer, minimum=0, maximum=99999999999999, REQUIRED	
ITR.ITR2.ScheduleCGFor23.CurrYrLosses.TotLossSetOff.StclSetoffAppRate	integer	True	type=integer, minimum=0, maximum=99999999999999, REQUIRED	
ITR.ITR2.ScheduleCGFor23.CurrYrLosses.TotLossSetOff.StclSetoffDTAARate	integer	True	type=integer, minimum=0, maximum=99999999999999, REQUIRED	
ITR.ITR2.ScheduleCGFor23.CurrYrLosses.TotLossSetOff.LtclSetOff10Per	integer	True	type=integer, minimum=0, maximum=99999999999999, REQUIRED	
ITR.ITR2.ScheduleCGFor23.CurrYrLosses.TotLossSetOff.LtclSetOff12_5Per	integer	True	type=integer, minimum=0, maximum=99999999999999, REQUIRED	
ITR.ITR2.ScheduleCGFor23.CurrYrLosses.TotLossSetOff.LtclSetOff20Per	integer	True	type=integer, minimum=0, maximum=99999999999999, REQUIRED	
ITR.ITR2.ScheduleCGFor23.CurrYrLosses.TotLossSetOff.LtclSetOffDTAARate	integer	True	type=integer, minimum=0, maximum=99999999999999, REQUIRED	
ITR.ITR2.ScheduleCGFor23.CurrYrLosses.LossRemainSetOff.StclSetoff15Per	integer	True	type=integer, minimum=0, maximum=99999999999999, REQUIRED	
ITR.ITR2.ScheduleCGFor23.CurrYrLosses.LossRemainSetOff.StclSetoff20Per	integer	True	type=integer, minimum=0, maximum=99999999999999, REQUIRED	
ITR.ITR2.ScheduleCGFor23.CurrYrLosses.LossRemainSetOff.StclSetoff30Per	integer	True	type=integer, minimum=0, maximum=99999999999999, REQUIRED	
ITR.ITR2.ScheduleCGFor23.CurrYrLosses.LossRemainSetOff.StclSetoffAppRate	integer	True	type=integer, minimum=0, maximum=99999999999999, REQUIRED	
ITR.ITR2.ScheduleCGFor23.CurrYrLosses.LossRemainSetOff.StclSetoffDTAARate	integer	True	type=integer, minimum=0, maximum=99999999999999, REQUIRED	
ITR.ITR2.ScheduleCGFor23.CurrYrLosses.LossRemainSetOff.LtclSetOff10Per	integer	True	type=integer, minimum=0, maximum=99999999999999, REQUIRED	
ITR.ITR2.ScheduleCGFor23.CurrYrLosses.LossRemainSetOff.LtclSetOff12_5Per	integer	True	type=integer, minimum=0, maximum=99999999999999, REQUIRED	
ITR.ITR2.ScheduleCGFor23.CurrYrLosses.LossRemainSetOff.LtclSetOff20Per	integer	True	type=integer, minimum=0, maximum=99999999999999, REQUIRED	
ITR.ITR2.ScheduleCGFor23.CurrYrLosses.LossRemainSetOff.LtclSetOffDTAARate	integer	True	type=integer, minimum=0, maximum=99999999999999, REQUIRED	
ITR.ITR2.ScheduleCGFor23.AccruOrRecOfCG.ShortTermUnder15Per.DateRange.Upto15Of6	integer	True	type=integer, minimum=0, maximum=99999999999999, REQUIRED	
ITR.ITR2.ScheduleCGFor23.AccruOrRecOfCG.ShortTermUnder15Per.DateRange.Upto15Of9	integer	True	type=integer, minimum=0, maximum=99999999999999, REQUIRED	
ITR.ITR2.ScheduleCGFor23.AccruOrRecOfCG.ShortTermUnder15Per.DateRange.Up16Of9To15Of12	integer	True	type=integer, minimum=0, maximum=99999999999999, REQUIRED	
ITR.ITR2.ScheduleCGFor23.AccruOrRecOfCG.ShortTermUnder15Per.DateRange.Up16Of12To15Of3	integer	True	type=integer, minimum=0, maximum=99999999999999, REQUIRED	
ITR.ITR2.ScheduleCGFor23.AccruOrRecOfCG.ShortTermUnder15Per.DateRange.Up16Of3To31Of3	integer	True	type=integer, minimum=0, maximum=99999999999999, REQUIRED	
ITR.ITR2.ScheduleCGFor23.AccruOrRecOfCG.ShortTermUnder20Per.DateRange.Upto15Of6	integer	True	type=integer, minimum=0, maximum=99999999999999, REQUIRED	
ITR.ITR2.ScheduleCGFor23.AccruOrRecOfCG.ShortTermUnder20Per.DateRange.Upto15Of9	integer	True	type=integer, minimum=0, maximum=99999999999999, REQUIRED	
ITR.ITR2.ScheduleCGFor23.AccruOrRecOfCG.ShortTermUnder20Per.DateRange.Up16Of9To15Of12	integer	True	type=integer, minimum=0, maximum=99999999999999, REQUIRED	
ITR.ITR2.ScheduleCGFor23.AccruOrRecOfCG.ShortTermUnder20Per.DateRange.Up16Of12To15Of3	integer	True	type=integer, minimum=0, maximum=99999999999999, REQUIRED	
ITR.ITR2.ScheduleCGFor23.AccruOrRecOfCG.ShortTermUnder20Per.DateRange.Up16Of3To31Of3	integer	True	type=integer, minimum=0, maximum=99999999999999, REQUIRED	
ITR.ITR2.ScheduleCGFor23.AccruOrRecOfCG.ShortTermUnder30Per.DateRange.Upto15Of6	integer	True	type=integer, minimum=0, maximum=99999999999999, REQUIRED	
ITR.ITR2.ScheduleCGFor23.AccruOrRecOfCG.ShortTermUnder30Per.DateRange.Upto15Of9	integer	True	type=integer, minimum=0, maximum=99999999999999, REQUIRED	
ITR.ITR2.ScheduleCGFor23.AccruOrRecOfCG.ShortTermUnder30Per.DateRange.Up16Of9To15Of12	integer	True	type=integer, minimum=0, maximum=99999999999999, REQUIRED	
ITR.ITR2.ScheduleCGFor23.AccruOrRecOfCG.ShortTermUnder30Per.DateRange.Up16Of12To15Of3	integer	True	type=integer, minimum=0, maximum=99999999999999, REQUIRED	
ITR.ITR2.ScheduleCGFor23.AccruOrRecOfCG.ShortTermUnder30Per.DateRange.Up16Of3To31Of3	integer	True	type=integer, minimum=0, maximum=99999999999999, REQUIRED	
ITR.ITR2.ScheduleCGFor23.AccruOrRecOfCG.ShortTermUnderAppRate.DateRange.Upto15Of6	integer	True	type=integer, minimum=0, maximum=99999999999999, REQUIRED	
ITR.ITR2.ScheduleCGFor23.AccruOrRecOfCG.ShortTermUnderAppRate.DateRange.Upto15Of9	integer	True	type=integer, minimum=0, maximum=99999999999999, REQUIRED	
ITR.ITR2.ScheduleCGFor23.AccruOrRecOfCG.ShortTermUnderAppRate.DateRange.Up16Of9To15Of12	integer	True	type=integer, minimum=0, maximum=99999999999999, REQUIRED	
ITR.ITR2.ScheduleCGFor23.AccruOrRecOfCG.ShortTermUnderAppRate.DateRange.Up16Of12To15Of3	integer	True	type=integer, minimum=0, maximum=99999999999999, REQUIRED	
ITR.ITR2.ScheduleCGFor23.AccruOrRecOfCG.ShortTermUnderAppRate.DateRange.Up16Of3To31Of3	integer	True	type=integer, minimum=0, maximum=99999999999999, REQUIRED	
ITR.ITR2.ScheduleCGFor23.AccruOrRecOfCG.ShortTermUnderDTAARate.DateRange.Upto15Of6	integer	True	type=integer, minimum=0, maximum=99999999999999, REQUIRED	
ITR.ITR2.ScheduleCGFor23.AccruOrRecOfCG.ShortTermUnderDTAARate.DateRange.Upto15Of9	integer	True	type=integer, minimum=0, maximum=99999999999999, REQUIRED	
ITR.ITR2.ScheduleCGFor23.AccruOrRecOfCG.ShortTermUnderDTAARate.DateRange.Up16Of9To15Of12	integer	True	type=integer, minimum=0, maximum=99999999999999, REQUIRED	
ITR.ITR2.ScheduleCGFor23.AccruOrRecOfCG.ShortTermUnderDTAARate.DateRange.Up16Of12To15Of3	integer	True	type=integer, minimum=0, maximum=99999999999999, REQUIRED	
ITR.ITR2.ScheduleCGFor23.AccruOrRecOfCG.ShortTermUnderDTAARate.DateRange.Up16Of3To31Of3	integer	True	type=integer, minimum=0, maximum=99999999999999, REQUIRED	
ITR.ITR2.ScheduleCGFor23.AccruOrRecOfCG.LongTermUnder10Per.DateRange.Upto15Of6	integer	True	type=integer, minimum=0, maximum=99999999999999, REQUIRED	
ITR.ITR2.ScheduleCGFor23.AccruOrRecOfCG.LongTermUnder10Per.DateRange.Upto15Of9	integer	True	type=integer, minimum=0, maximum=99999999999999, REQUIRED	
ITR.ITR2.ScheduleCGFor23.AccruOrRecOfCG.LongTermUnder10Per.DateRange.Up16Of9To15Of12	integer	True	type=integer, minimum=0, maximum=99999999999999, REQUIRED	
ITR.ITR2.ScheduleCGFor23.AccruOrRecOfCG.LongTermUnder10Per.DateRange.Up16Of12To15Of3	integer	True	type=integer, minimum=0, maximum=99999999999999, REQUIRED	
ITR.ITR2.ScheduleCGFor23.AccruOrRecOfCG.LongTermUnder10Per.DateRange.Up16Of3To31Of3	integer	True	type=integer, minimum=0, maximum=99999999999999, REQUIRED	
ITR.ITR2.ScheduleCGFor23.AccruOrRecOfCG.LongTermUnder12_5Per.DateRange.Upto15Of6	integer	True	type=integer, minimum=0, maximum=99999999999999, REQUIRED	
ITR.ITR2.ScheduleCGFor23.AccruOrRecOfCG.LongTermUnder12_5Per.DateRange.Upto15Of9	integer	True	type=integer, minimum=0, maximum=99999999999999, REQUIRED	
ITR.ITR2.ScheduleCGFor23.AccruOrRecOfCG.LongTermUnder12_5Per.DateRange.Up16Of9To15Of12	integer	True	type=integer, minimum=0, maximum=99999999999999, REQUIRED	
ITR.ITR2.ScheduleCGFor23.AccruOrRecOfCG.LongTermUnder12_5Per.DateRange.Up16Of12To15Of3	integer	True	type=integer, minimum=0, maximum=99999999999999, REQUIRED	
ITR.ITR2.ScheduleCGFor23.AccruOrRecOfCG.LongTermUnder12_5Per.DateRange.Up16Of3To31Of3	integer	True	type=integer, minimum=0, maximum=99999999999999, REQUIRED	
ITR.ITR2.ScheduleCGFor23.AccruOrRecOfCG.LongTermUnder20Per.DateRange.Upto15Of6	integer	True	type=integer, minimum=0, maximum=99999999999999, REQUIRED	
ITR.ITR2.ScheduleCGFor23.AccruOrRecOfCG.LongTermUnder20Per.DateRange.Upto15Of9	integer	True	type=integer, minimum=0, maximum=99999999999999, REQUIRED	
ITR.ITR2.ScheduleCGFor23.AccruOrRecOfCG.LongTermUnder20Per.DateRange.Up16Of9To15Of12	integer	True	type=integer, minimum=0, maximum=99999999999999, REQUIRED	
ITR.ITR2.ScheduleCGFor23.AccruOrRecOfCG.LongTermUnder20Per.DateRange.Up16Of12To15Of3	integer	True	type=integer, minimum=0, maximum=99999999999999, REQUIRED	
ITR.ITR2.ScheduleCGFor23.AccruOrRecOfCG.LongTermUnder20Per.DateRange.Up16Of3To31Of3	integer	True	type=integer, minimum=0, maximum=99999999999999, REQUIRED	
ITR.ITR2.ScheduleCGFor23.AccruOrRecOfCG.LongTermUnderDTAARate.DateRange.Upto15Of6	integer	True	type=integer, minimum=0, maximum=99999999999999, REQUIRED	
ITR.ITR2.ScheduleCGFor23.AccruOrRecOfCG.LongTermUnderDTAARate.DateRange.Upto15Of9	integer	True	type=integer, minimum=0, maximum=99999999999999, REQUIRED	
ITR.ITR2.ScheduleCGFor23.AccruOrRecOfCG.LongTermUnderDTAARate.DateRange.Up16Of9To15Of12	integer	True	type=integer, minimum=0, maximum=99999999999999, REQUIRED	
ITR.ITR2.ScheduleCGFor23.AccruOrRecOfCG.LongTermUnderDTAARate.DateRange.Up16Of12To15Of3	integer	True	type=integer, minimum=0, maximum=99999999999999, REQUIRED	
ITR.ITR2.ScheduleCGFor23.AccruOrRecOfCG.LongTermUnderDTAARate.DateRange.Up16Of3To31Of3	integer	True	type=integer, minimum=0, maximum=99999999999999, REQUIRED	
ITR.ITR2.ScheduleCGFor23.AccruOrRecOfCG.VDATrnsfGainsUnder30Per.DateRange.Upto15Of6	integer	True	type=integer, minimum=0, maximum=99999999999999, REQUIRED	
ITR.ITR2.ScheduleCGFor23.AccruOrRecOfCG.VDATrnsfGainsUnder30Per.DateRange.Upto15Of9	integer	True	type=integer, minimum=0, maximum=99999999999999, REQUIRED	
ITR.ITR2.ScheduleCGFor23.AccruOrRecOfCG.VDATrnsfGainsUnder30Per.DateRange.Up16Of9To15Of12	integer	True	type=integer, minimum=0, maximum=99999999999999, REQUIRED	
ITR.ITR2.ScheduleCGFor23.AccruOrRecOfCG.VDATrnsfGainsUnder30Per.DateRange.Up16Of12To15Of3	integer	True	type=integer, minimum=0, maximum=99999999999999, REQUIRED	
ITR.ITR2.ScheduleCGFor23.AccruOrRecOfCG.VDATrnsfGainsUnder30Per.DateRange.Up16Of3To31Of3	integer	True	type=integer, minimum=0, maximum=99999999999999, REQUIRED	
ITR.ITR2.Schedule112A.Schedule112ADtls[].ShareOnOrBefore	string	True	type=string, pattern=|(\s*([\w\d_=!@#$%\^*\(\){}\[\]\|\\:;',\.\?/~`\-\+<>&][\s\w\d_=!@#$%\^*\(\){}\[\]\|\\:;',\.\?/~`\-\+<>&]*)\s*), enum=['BE', 'AE'], REQUIRED	BE - On or Before 31st January 2018; AE - After 31st January 2018
ITR.ITR2.Schedule112A.Schedule112ADtls[].ShareTransferredOnOrBefore	string	False	type=string, pattern=|(\s*([\w\d_=!@#$%\^*\(\){}\[\]\|\\:;',\.\?/~`\-\+<>&][\s\w\d_=!@#$%\^*\(\){}\[\]\|\\:;',\.\?/~`\-\+<>&]*)\s*), enum=['BE', 'AE']	BE - Before 23rd July 2024; AE - On or after 23rd July 2024
ITR.ITR2.Schedule112A.Schedule112ADtls[].ISINCode	string	True	type=string, pattern=IN[0-9A-Z]{10}|INNOTREQUIRD, REQUIRED	IN[0-9A-Z]{10} - On or Before 31st January 2018; INNOTREQUIRD - After 31st January 2018
ITR.ITR2.Schedule112A.Schedule112ADtls[].ShareUnitName	string	True	type=string, minLength=1, maxLength=125, pattern=|(\s*([\w\d_=!@#$%\^*\(\){}\[\]\|\\:;',\.\?/~`\-\+<>&][\s\w\d_=!@#$%\^*\(\){}\[\]\|\\:;',\.\?/~`\-\+<>&]*)\s*), REQUIRED	[w]* - On or Before 31st January 2018; CONSOLIDATED - After 31st January 2018
ITR.ITR2.Schedule112A.Schedule112ADtls[].NumSharesUnits	number	False	type=number, minimum=0, maximum=100000000000000.0	
ITR.ITR2.Schedule112A.Schedule112ADtls[].SalePricePerShareUnit	number	False	type=number, minimum=0, maximum=100000000000000.0	
ITR.ITR2.Schedule112A.Schedule112ADtls[].TotSaleValue	integer	True	type=integer, minimum=0, maximum=99999999999999, REQUIRED	
ITR.ITR2.Schedule112A.Schedule112ADtls[].CostAcqWithoutIndx	integer	True	type=integer, minimum=0, maximum=99999999999999, REQUIRED	
ITR.ITR2.Schedule112A.Schedule112ADtls[].AcquisitionCost	number	True	type=number, minimum=0, maximum=100000000000000.0, REQUIRED	
ITR.ITR2.Schedule112A.Schedule112ADtls[].LTCGBeforelowerB1B2	integer	True	type=integer, minimum=0, maximum=99999999999999, REQUIRED	
ITR.ITR2.Schedule112A.Schedule112ADtls[].FairMktValuePerShareunit	number	True	type=number, minimum=0, maximum=100000000000000.0, REQUIRED	
ITR.ITR2.Schedule112A.Schedule112ADtls[].TotFairMktValueCapAst	integer	True	type=integer, minimum=0, maximum=99999999999999, REQUIRED	
ITR.ITR2.Schedule112A.Schedule112ADtls[].ExpExclCnctTransfer	number	True	type=number, minimum=0, maximum=100000000000000.0, REQUIRED	
ITR.ITR2.Schedule112A.Schedule112ADtls[].TotalDeductions	integer	True	type=integer, minimum=0, maximum=99999999999999, REQUIRED	
ITR.ITR2.Schedule112A.Schedule112ADtls[].Balance	integer	True	type=integer, minimum=-99999999999999, maximum=99999999999999, REQUIRED	
ITR.ITR2.Schedule112A.SaleValue112A	integer	True	type=integer, minimum=0, maximum=99999999999999, REQUIRED	
ITR.ITR2.Schedule112A.CostAcqWithoutIndx112A	integer	True	type=integer, minimum=0, maximum=99999999999999, REQUIRED	
ITR.ITR2.Schedule112A.AcquisitionCost112A	integer	True	type=integer, minimum=0, maximum=99999999999999, REQUIRED	
ITR.ITR2.Schedule112A.LTCGBeforelowerB1B2112A	integer	True	type=integer, minimum=0, maximum=99999999999999, REQUIRED	
ITR.ITR2.Schedule112A.FairMktValueCapAst112A	integer	True	type=integer, minimum=0, maximum=99999999999999, REQUIRED	
ITR.ITR2.Schedule112A.ExpExclCnctTransfer112A	integer	True	type=integer, minimum=0, maximum=99999999999999, REQUIRED	
ITR.ITR2.Schedule112A.Deductions112A	integer	True	type=integer, minimum=0, maximum=99999999999999, REQUIRED	
ITR.ITR2.Schedule112A.Balance112A	integer	True	type=integer, minimum=-99999999999999, maximum=99999999999999, REQUIRED	
ITR.ITR2.Schedule112A.Balance112ABE	integer	True	type=integer, minimum=-99999999999999, maximum=99999999999999, REQUIRED	
ITR.ITR2.Schedule112A.Balance112AAE	integer	True	type=integer, minimum=-99999999999999, maximum=99999999999999, REQUIRED	
ITR.ITR2.Schedule112A.TotalBalance112A	integer	True	type=integer, minimum=-99999999999999, maximum=99999999999999, REQUIRED	
ITR.ITR2.Schedule115AD.Schedule115ADDtls[].ShareOnOrBefore	string	True	type=string, pattern=|(\s*([\w\d_=!@#$%\^*\(\){}\[\]\|\\:;',\.\?/~`\-\+<>&][\s\w\d_=!@#$%\^*\(\){}\[\]\|\\:;',\.\?/~`\-\+<>&]*)\s*), enum=['BE', 'AE'], REQUIRED	BE - On or Before 31st January 2018; AE - After 31st January 2018
ITR.ITR2.Schedule115AD.Schedule115ADDtls[].ShareTransferredOnOrBefore	string	False	type=string, pattern=|(\s*([\w\d_=!@#$%\^*\(\){}\[\]\|\\:;',\.\?/~`\-\+<>&][\s\w\d_=!@#$%\^*\(\){}\[\]\|\\:;',\.\?/~`\-\+<>&]*)\s*), enum=['BE', 'AE']	BE - Before 23rd July 2024; AE - On or after 23rd July 2024
ITR.ITR2.Schedule115AD.Schedule115ADDtls[].ISINCode	string	True	type=string, pattern=IN[0-9A-Z]{10}|INNOTREQUIRD, REQUIRED	IN[0-9A-Z]{10} - On or Before 31st January 2018; INNOTREQUIRD - After 31st January 2018
ITR.ITR2.Schedule115AD.Schedule115ADDtls[].ShareUnitName	string	True	type=string, minLength=1, maxLength=125, pattern=|(\s*([\w\d_=!@#$%\^*\(\){}\[\]\|\\:;',\.\?/~`\-\+<>&][\s\w\d_=!@#$%\^*\(\){}\[\]\|\\:;',\.\?/~`\-\+<>&]*)\s*), REQUIRED	[w]* - On or Before 31st January 2018; CONSOLIDATED - After 31st January 2018
ITR.ITR2.Schedule115AD.Schedule115ADDtls[].NumSharesUnits	number	False	type=number, minimum=0, maximum=100000000000000.0	
ITR.ITR2.Schedule115AD.Schedule115ADDtls[].SalePricePerShareUnit	number	False	type=number, minimum=0, maximum=100000000000000.0	
ITR.ITR2.Schedule115AD.Schedule115ADDtls[].TotSaleValue	integer	True	type=integer, minimum=0, maximum=99999999999999, REQUIRED	
ITR.ITR2.Schedule115AD.Schedule115ADDtls[].CostAcqWithoutIndx	integer	True	type=integer, minimum=0, maximum=99999999999999, REQUIRED	
ITR.ITR2.Schedule115AD.Schedule115ADDtls[].AcquisitionCost	number	True	type=number, minimum=0, maximum=100000000000000.0, REQUIRED	
ITR.ITR2.Schedule115AD.Schedule115ADDtls[].LTCGBeforelowerB1B2	integer	True	type=integer, minimum=0, maximum=99999999999999, REQUIRED	
ITR.ITR2.Schedule115AD.Schedule115ADDtls[].FairMktValuePerShareunit	number	True	type=number, minimum=0, maximum=100000000000000.0, REQUIRED	
ITR.ITR2.Schedule115AD.Schedule115ADDtls[].TotFairMktValueCapAst	integer	True	type=integer, minimum=0, maximum=99999999999999, REQUIRED	
ITR.ITR2.Schedule115AD.Schedule115ADDtls[].ExpExclCnctTransfer	number	True	type=number, minimum=0, maximum=100000000000000.0, REQUIRED	
ITR.ITR2.Schedule115AD.Schedule115ADDtls[].TotalDeductions	integer	True	type=integer, minimum=0, maximum=99999999999999, REQUIRED	
ITR.ITR2.Schedule115AD.Schedule115ADDtls[].Balance	integer	True	type=integer, minimum=-99999999999999, maximum=99999999999999, REQUIRED	
ITR.ITR2.Schedule115AD.SaleValue115AD	integer	True	type=integer, minimum=0, maximum=99999999999999, REQUIRED	
ITR.ITR2.Schedule115AD.CostAcqWithoutIndx115AD	integer	True	type=integer, minimum=0, maximum=99999999999999, REQUIRED	
ITR.ITR2.Schedule115AD.AcquisitionCost115AD	integer	True	type=integer, minimum=0, maximum=99999999999999, REQUIRED	
ITR.ITR2.Schedule115AD.LTCGBeforelowerB1B2115AD	integer	True	type=integer, minimum=0, maximum=99999999999999, REQUIRED	
ITR.ITR2.Schedule115AD.FairMktValueCapAst115AD	integer	True	type=integer, minimum=0, maximum=99999999999999, REQUIRED	
ITR.ITR2.Schedule115AD.ExpExclCnctTransfer115AD	integer	True	type=integer, minimum=0, maximum=99999999999999, REQUIRED	
ITR.ITR2.Schedule115AD.Deductions115AD	integer	True	type=integer, minimum=0, maximum=99999999999999, REQUIRED	
ITR.ITR2.Schedule115AD.Balance115AD	integer	True	type=integer, minimum=-99999999999999, maximum=99999999999999, REQUIRED	
ITR.ITR2.Schedule115AD.Balance115ADBE	integer	True	type=integer, minimum=-99999999999999, maximum=99999999999999, REQUIRED	
ITR.ITR2.Schedule115AD.Balance115ADAE	integer	True	type=integer, minimum=-99999999999999, maximum=99999999999999, REQUIRED	
ITR.ITR2.Schedule115AD.TotalBalance115AD	integer	True	type=integer, minimum=-99999999999999, maximum=99999999999999, REQUIRED	
ITR.ITR2.ScheduleVDA.ScheduleVDADtls[].DateofAcquisition	string	True	type=string, pattern=([12]\d{3}-(0[1-9]|1[0-2])-(0[1-9]|[12]\d|3[01])), REQUIRED	Date in YYYY-MM-DD format
ITR.ITR2.ScheduleVDA.ScheduleVDADtls[].DateofTransfer	string	True	type=string, pattern=([12]\d{3}-(0[1-9]|1[0-2])-(0[1-9]|[12]\d|3[01])), REQUIRED	Date in YYYY-MM-DD format
ITR.ITR2.ScheduleVDA.ScheduleVDADtls[].HeadUndIncTaxed	string	True	type=string, pattern=|(\s*([\w\d_=!@#$%\^*\(\){}\[\]\|\\:;',\.\?/~`\-\+<>&][\s\w\d_=!@#$%\^*\(\){}\[\]\|\\:;',\.\?/~`\-\+<>&]*)\s*), enum=['CG'], REQUIRED	CG : Capital Gain
ITR.ITR2.ScheduleVDA.ScheduleVDADtls[].AcquisitionCost	integer	True	type=integer, minimum=0, maximum=99999999999999, REQUIRED	
ITR.ITR2.ScheduleVDA.ScheduleVDADtls[].ConsidReceived	integer	True	type=integer, minimum=0, maximum=99999999999999, REQUIRED	
ITR.ITR2.ScheduleVDA.ScheduleVDADtls[].IncomeFromVDA	integer	True	type=integer, minimum=0, maximum=99999999999999, REQUIRED	
ITR.ITR2.ScheduleVDA.TotIncCapGain	integer	True	type=integer, minimum=0, maximum=99999999999999, REQUIRED	
ITR.ITR2.ScheduleOS.IncOthThanOwnRaceHorse.GrossIncChrgblTaxAtAppRate	integer	True	type=integer, minimum=-99999999999999, maximum=99999999999999, REQUIRED	
ITR.ITR2.ScheduleOS.IncOthThanOwnRaceHorse.DividendGross	integer	True	type=integer, minimum=0, maximum=99999999999999, REQUIRED	
ITR.ITR2.ScheduleOS.IncOthThanOwnRaceHorse.DividendOthThan22e	integer	False	type=integer, minimum=0, maximum=99999999999999	
ITR.ITR2.ScheduleOS.IncOthThanOwnRaceHorse.Dividend22e	integer	False	type=integer, minimum=0, maximum=99999999999999	
ITR.ITR2.ScheduleOS.IncOthThanOwnRaceHorse.Dividend22f	integer	False	type=integer, minimum=0, maximum=99999999999999	
ITR.ITR2.ScheduleOS.IncOthThanOwnRaceHorse.InterestGross	integer	True	type=integer, minimum=-99999999999999, maximum=99999999999999, REQUIRED	
ITR.ITR2.ScheduleOS.IncOthThanOwnRaceHorse.IntrstFrmSavingBank	integer	True	type=integer, minimum=0, maximum=99999999999999, REQUIRED	
ITR.ITR2.ScheduleOS.IncOthThanOwnRaceHorse.IntrstFrmTermDeposit	integer	True	type=integer, minimum=0, maximum=99999999999999, REQUIRED	
ITR.ITR2.ScheduleOS.IncOthThanOwnRaceHorse.IntrstFrmIncmTaxRefund	integer	True	type=integer, minimum=0, maximum=99999999999999, REQUIRED	
ITR.ITR2.ScheduleOS.IncOthThanOwnRaceHorse.NatofPassThrghIncome	integer	True	type=integer, minimum=-99999999999999, maximum=99999999999999, REQUIRED	
ITR.ITR2.ScheduleOS.IncOthThanOwnRaceHorse.IntrstSec10XIFirstProviso	integer	False	type=integer, minimum=0, maximum=99999999999999	
ITR.ITR2.ScheduleOS.IncOthThanOwnRaceHorse.IntrstSec10XISecondProviso	integer	False	type=integer, minimum=0, maximum=99999999999999	
ITR.ITR2.ScheduleOS.IncOthThanOwnRaceHorse.IntrstSec10XIIFirstProviso	integer	False	type=integer, minimum=0, maximum=99999999999999	
ITR.ITR2.ScheduleOS.IncOthThanOwnRaceHorse.IntrstSec10XIISecondProviso	integer	False	type=integer, minimum=0, maximum=99999999999999	
ITR.ITR2.ScheduleOS.IncOthThanOwnRaceHorse.IntrstFrmOthers	integer	True	type=integer, minimum=0, maximum=99999999999999, REQUIRED	
ITR.ITR2.ScheduleOS.IncOthThanOwnRaceHorse.RentFromMachPlantBldgs	integer	True	type=integer, minimum=0, maximum=99999999999999, REQUIRED	
ITR.ITR2.ScheduleOS.IncOthThanOwnRaceHorse.Tot562x	integer	True	type=integer, minimum=0, maximum=99999999999999, REQUIRED	
ITR.ITR2.ScheduleOS.IncOthThanOwnRaceHorse.Aggrtvaluewithoutcons562x	integer	True	type=integer, minimum=0, maximum=99999999999999, REQUIRED	
ITR.ITR2.ScheduleOS.IncOthThanOwnRaceHorse.Immovpropwithoutcons562x	integer	True	type=integer, minimum=0, maximum=99999999999999, REQUIRED	
ITR.ITR2.ScheduleOS.IncOthThanOwnRaceHorse.Immovpropinadeqcons562x	integer	True	type=integer, minimum=0, maximum=99999999999999, REQUIRED	
ITR.ITR2.ScheduleOS.IncOthThanOwnRaceHorse.Anyotherpropwithoutcons562x	integer	True	type=integer, minimum=0, maximum=99999999999999, REQUIRED	
ITR.ITR2.ScheduleOS.IncOthThanOwnRaceHorse.Anyotherpropinadeqcons562x	integer	True	type=integer, minimum=0, maximum=99999999999999, REQUIRED	
ITR.ITR2.ScheduleOS.IncOthThanOwnRaceHorse.FamilyPension	integer	True	type=integer, minimum=0, maximum=99999999999999, REQUIRED	
ITR.ITR2.ScheduleOS.IncOthThanOwnRaceHorse.IncomeNotified89AOS	integer	True	type=integer, minimum=0, maximum=99999999999999, REQUIRED	
ITR.ITR2.ScheduleOS.IncOthThanOwnRaceHorse.IncomeNotified89ATypeOS[].NOT89ACountrycode	string	True	type=string, enum=['US', 'UK', 'CA'], REQUIRED	US - United States; UK - United Kingdom; CA - Canada
ITR.ITR2.ScheduleOS.IncOthThanOwnRaceHorse.IncomeNotified89ATypeOS[].NOT89AAmount	integer	True	type=integer, minimum=0, maximum=99999999999999, REQUIRED	
ITR.ITR2.ScheduleOS.IncOthThanOwnRaceHorse.IncomeNotifiedOther89AOS	integer	False	type=integer, minimum=0, maximum=99999999999999	
ITR.ITR2.ScheduleOS.IncOthThanOwnRaceHorse.IncomeNotifiedPrYr89AOS	integer	False	type=integer, minimum=0, maximum=99999999999999	
ITR.ITR2.ScheduleOS.IncOthThanOwnRaceHorse.AnyOtherIncome	integer	True	type=integer, minimum=0, maximum=99999999999999, REQUIRED	
ITR.ITR2.ScheduleOS.IncOthThanOwnRaceHorse.OthersInc.OthersIncDtls[].OthNatOfInc	string	True	type=string, minLength=1, maxLength=50, pattern=|(\s*([\w\d_=!@#$%\^*\(\){}\[\]\|\\:;',\.\?/~`\-\+<>&][\s\w\d_=!@#$%\^*\(\){}\[\]\|\\:;',\.\?/~`\-\+<>&]*)\s*), REQUIRED	
ITR.ITR2.ScheduleOS.IncOthThanOwnRaceHorse.OthersInc.OthersIncDtls[].OthAmount	integer	True	type=integer, minimum=0, maximum=99999999999999, REQUIRED	
ITR.ITR2.ScheduleOS.IncOthThanOwnRaceHorse.IncChargeableSpecialRates	integer	True	type=integer, minimum=0, maximum=99999999999999, REQUIRED	
ITR.ITR2.ScheduleOS.IncOthThanOwnRaceHorse.LtryPzzlChrgblUs115BB	integer	True	type=integer, minimum=0, maximum=99999999999999, REQUIRED	
ITR.ITR2.ScheduleOS.IncOthThanOwnRaceHorse.IncChrgblUs115BBJ	integer	False	type=integer, minimum=0, maximum=99999999999999	
ITR.ITR2.ScheduleOS.IncOthThanOwnRaceHorse.IncChrgblUs115BBE	integer	True	type=integer, minimum=0, maximum=99999999999999, REQUIRED	
ITR.ITR2.ScheduleOS.IncOthThanOwnRaceHorse.CashCreditsUs68	integer	True	type=integer, minimum=0, maximum=99999999999999, REQUIRED	
ITR.ITR2.ScheduleOS.IncOthThanOwnRaceHorse.UnExplndInvstmntsUs69	integer	True	type=integer, minimum=0, maximum=99999999999999, REQUIRED	
ITR.ITR2.ScheduleOS.IncOthThanOwnRaceHorse.SumRecdPrYrBusTRU562xii	integer	False	type=integer, minimum=0, maximum=99999999999999	
ITR.ITR2.ScheduleOS.IncOthThanOwnRaceHorse.SumRecdPrYrLifIns562xiii	integer	False	type=integer, minimum=0, maximum=99999999999999	
ITR.ITR2.ScheduleOS.IncOthThanOwnRaceHorse.UnExplndMoneyUs69A	integer	True	type=integer, minimum=0, maximum=99999999999999, REQUIRED	
ITR.ITR2.ScheduleOS.IncOthThanOwnRaceHorse.UnDsclsdInvstmntsUs69B	integer	True	type=integer, minimum=0, maximum=99999999999999, REQUIRED	
ITR.ITR2.ScheduleOS.IncOthThanOwnRaceHorse.UnExplndExpndtrUs69C	integer	True	type=integer, minimum=0, maximum=99999999999999, REQUIRED	
ITR.ITR2.ScheduleOS.IncOthThanOwnRaceHorse.AmtBrwdRepaidOnHundiUs69D	integer	True	type=integer, minimum=0, maximum=99999999999999, REQUIRED	
ITR.ITR2.ScheduleOS.IncOthThanOwnRaceHorse.TaxAccumulatedBalRecPF.TaxAccmltdBalRecPFDtls[].AssessmentYear	string	True	type=string, pattern=|(\s*([\w\d_=!@#$%\^*\(\){}\[\]\|\\:;',\.\?/~`\-\+<>&][\s\w\d_=!@#$%\^*\(\){}\[\]\|\\:;',\.\?/~`\-\+<>&]*)\s*), enum=['2000-01', '2001-02', '2002-03', '2003-04', '2004-05', '2005-06', '2006-07', '2007-08', '2008-09', '2009-10', '2010-11', '2011-12', '2012-13', '2013-14', '2014…], REQUIRED	
ITR.ITR2.ScheduleOS.IncOthThanOwnRaceHorse.TaxAccumulatedBalRecPF.TaxAccmltdBalRecPFDtls[].IncomeBenefit	integer	True	type=integer, minimum=0, maximum=99999999999999, REQUIRED	
ITR.ITR2.ScheduleOS.IncOthThanOwnRaceHorse.TaxAccumulatedBalRecPF.TaxAccmltdBalRecPFDtls[].TaxBenefit	integer	True	type=integer, minimum=0, maximum=99999999999999, REQUIRED	
ITR.ITR2.ScheduleOS.IncOthThanOwnRaceHorse.TaxAccumulatedBalRecPF.TotalIncomeBenefit	integer	True	type=integer, minimum=0, maximum=99999999999999, REQUIRED	
ITR.ITR2.ScheduleOS.IncOthThanOwnRaceHorse.TaxAccumulatedBalRecPF.TotalTaxBenefit	integer	True	type=integer, minimum=0, maximum=99999999999999, REQUIRED	
ITR.ITR2.ScheduleOS.IncOthThanOwnRaceHorse.OthersGross	integer	True	type=integer, minimum=0, maximum=99999999999999, REQUIRED	
ITR.ITR2.ScheduleOS.IncOthThanOwnRaceHorse.OthersGrossDtls[].SourceDescription	string	True	type=string, pattern=|(\s*([\w\d_=!@#$%\^*\(\){}\[\]\|\\:;',\.\?/~`\-\+<>&][\s\w\d_=!@#$%\^*\(\){}\[\]\|\\:;',\.\?/~`\-\+<>&]*)\s*), enum=['5A1ai', '5A1aA', '5A1aii', '5A1aiia', '5A1aiiaa', '5A1aiiab', '5A1aiiac', '5A1aiii', '5A1bA', '5AC1ab', '5AC1abD', '5ACA1a', '5AD1i', '5AD1iP', '5BBA', '5BBF'…], REQUIRED	5A1ai - 115A(1)(a)(i)- Dividends interest and income from units purchase in foreign currency; 5A1aA - 115A(1)(a)(A)- Dividend in the case of non-resident received from a unit in an International Financial Services Centre; 5A1aii - 115A(1)(a)(ii)- Interest received from govt/Indian Concerns received in Foreign Currency; 5A1aiia - 115A(1) (a)(iia) -Interest from Infrastructure Debt Fund; 5A1aiiaa - 115A(1) (a)(iiaa) -Interest as per Sec. 194LC(1); 5A1aiiab - 115A(1) (a)(iiab) -Interest as per Sec. 194LD; 5A1aiiac - 115A(1) (a)(iiac) -Interest as per Sec. 194LBA; 5A1aiii - 115A(1) (a)(iii) -Income received in respect of units of UTI purchased in foreign currency; 5A1bA - 115A(1)(b)(A) & 115A(1)(b)(B)- Income from royalty & technical services; 5AC1ab - 115AC(1)(a) - Income by way of interest on bonds purchased in foreign currency - non-resident; 5AC1abD - 115AC(1)(b) - Income by way of Dividend on GDRs purchased in foreign currency - non-resident; 5ACA1a - 115ACA(1)(a) - Income from GDR purchased in foreign currency -resident; 5AD1i - 115AD(1)(i) -Income (other than Dividend) received by an FII in respect of securities (other than units as per Sec 115AB); 5AD1iP - 115AD(1)(i) -Income received by an FII in respect of bonds or government securities as per Sec 194LD; 5BBA - 115BBA - Tax on non-residents sportsmen or sports associations; 5A1aiiaaP - 115A(1) (a)(iiaa) -Interest as referred in proviso to section 194LC(1); 5BBF - 115BBF - Tax on income from patent; 5BBG - 115BBG - Tax on income from transfer of carbon credits; 5Ea - 115E(a) - Investment income; 5AD1iDiv - 115AD(1)(i) - Income (being dividend) received by an FII in respect of securities (other than units referred to in section 115AB)
ITR.ITR2.ScheduleOS.IncOthThanOwnRaceHorse.OthersGrossDtls[].SourceAmount	integer	False	type=integer, minimum=0, maximum=99999999999999	
ITR.ITR2.ScheduleOS.IncOthThanOwnRaceHorse.PassThrIncOSChrgblSplRate	integer	True	type=integer, minimum=0, maximum=99999999999999, REQUIRED	
ITR.ITR2.ScheduleOS.IncOthThanOwnRaceHorse.PTIOthersGrossDtls[].SourceDescription	string	True	type=string, pattern=|(\s*([\w\d_=!@#$%\^*\(\){}\[\]\|\\:;',\.\?/~`\-\+<>&][\s\w\d_=!@#$%\^*\(\){}\[\]\|\\:;',\.\?/~`\-\+<>&]*)\s*), enum=['PTI_5A1ai', 'PTI_5A1aA', 'PTI_5A1aii', 'PTI_5A1aiia', 'PTI_5A1aiiaa', 'PTI_5A1aiiab', 'PTI_5A1aiiac', 'PTI_5A1aiii', 'PTI_5A1bA', 'PTI_5AC1ab', 'PTI_5AC1abD',…], REQUIRED	PTI_5A1ai - PTI-115A(1)(a)(i)- Dividends interest and income from units purchase in foreign currency; PTI_5A1aA - PTI-115A(1)(a)(A)- PTI-Dividends in the case of non-residents received from a unit in an International Financial Services Centre; PTI_5A1aii - PTI-115A(1)(a)(ii)- Interest received from govt/Indian Concerns received in Foreign Currency; PTI_5A1aiia - PTI-115A(1) (a)(iia) -Interest from Infrastructure Debt Fund; PTI_5A1aiiaa - PTI-115A(1) (a)(iiaa) -Interest as per Sec. 194LC(1); PTI_5A1aiiab - PTI-115A(1) (a)(iiab) -Interest as per Sec. 194LD; PTI_5A1aiiac - PTI-115A(1) (a)(iiac) -Interest as per Sec. 194LBA; PTI_5A1aiii - PTI-115A(1) (a)(iii) -Income received in respect of units of UTI purchased in foreign currency; PTI_5A1bA - PTI-115A(1)(b)(A) & PTI-115A(1)(b)(B)- Income from royalty & technical services; PTI_5AC1ab - PTI-115AC(1)(a) - Income by way of interest on bonds purchased in foreign currency - non-resident; PTI_5AC1abD - PTI-115AC(1)(b) - Income by way of Dividend on GDRs purchased in foreign currency - non-resident; PTI_5ACA1a - PTI-115ACA(1)(a) - Income from GDR purchased in foreign currency - resident; PTI_5AD1i - PTI-115AD(1)(i) -Income (other than dividend) received by an FII in respect of securities (other than units as per Sec 115AB); PTI_5AD1iP - PTI-115AD(1)(i) -Income received by an FII in respect of bonds or government securities as per Sec 194LD; PTI_5BBA - PTI-115BBA - Tax on non-residents sportsmen or sports associations; PTI_5BBF - PTI-115BBF - Tax on income from patent; PTI_5BBG - PTI-115BBG - Tax on income from transfer of carbon credits; PTI_5A1aiiaaP - PTI-115A(1) (a)(iiaa) - Interest as referred in proviso to section 194LC(1); PTI_5AD1iDiv - PTI-115AD(1)(i) - Income (being dividend) received by an FII in respect of securities (other than units referred to in section 115AB)
ITR.ITR2.ScheduleOS.IncOthThanOwnRaceHorse.PTIOthersGrossDtls[].SourceAmount	integer	False	type=integer, minimum=0, maximum=99999999999999	
ITR.ITR2.ScheduleOS.IncOthThanOwnRaceHorse.IncChargblSplRateOS.TotalAmtTaxUsDTAASchOs	integer	True	type=integer, minimum=0, maximum=99999999999999, REQUIRED	
ITR.ITR2.ScheduleOS.IncOthThanOwnRaceHorse.IncChargblSplRateOS.NRIOsDTAA.NRIDTAADtlsSchOS[].DTAAamt	integer	True	type=integer, minimum=-99999999999999, maximum=99999999999999, REQUIRED	
ITR.ITR2.ScheduleOS.IncOthThanOwnRaceHorse.IncChargblSplRateOS.NRIOsDTAA.NRIDTAADtlsSchOS[].NatureOfIncome	string	True	type=string, enum=['1ai', '1aiii', '1b', '1c', '1d', '2ai', '2aii', '2d', '2e'], REQUIRED	
ITR.ITR2.ScheduleOS.IncOthThanOwnRaceHorse.IncChargblSplRateOS.NRIOsDTAA.NRIDTAADtlsSchOS[].CountryName	string	True	type=string, minLength=1, maxLength=55, pattern=|(\s*([\w\d_=!@#$%\^*\(\){}\[\]\|\\:;',\.\?/~`\-\+<>&][\s\w\d_=!@#$%\^*\(\){}\[\]\|\\:;',\.\?/~`\-\+<>&]*)\s*), REQUIRED	
ITR.ITR2.ScheduleOS.IncOthThanOwnRaceHorse.IncChargblSplRateOS.NRIOsDTAA.NRIDTAADtlsSchOS[].CountryCodeExcludingIndia	string	True	type=string, pattern=|(\s*([\w\d_=!@#$%\^*\(\){}\[\]\|\\:;',\.\?/~`\-\+<>&][\s\w\d_=!@#$%\^*\(\){}\[\]\|\\:;',\.\?/~`\-\+<>&]*)\s*), enum=['93', '1001', '355', '213', '684', '376', '244', '1264', '1010', '1268', '54', '374', '297', '61', '43', '994', '1242', '973', '880', '1246', '375', '32', '501…], REQUIRED	93:AFGHANISTAN; 1001:ÅLAND ISLANDS; 355:ALBANIA; 213:ALGERIA; 684:AMERICAN SAMOA; 376:ANDORRA; 244:ANGOLA; 1264:ANGUILLA; 1010:ANTARCTICA; 1268:ANTIGUA AND BARBUDA; 54:ARGENTINA; 374:ARMENIA; 297:ARUBA; 61:AUSTRALIA; 43:AUSTRIA; 994:AZERBAIJAN; 1242:BAHAMAS; 973:BAHRAIN; 880:BANGLADESH; 1246:BARBADOS; 375:BELARUS; 32:BELGIUM; 501:BELIZE; 229:BENIN; 1441:BERMUDA; 975:BHUTAN; 591:BOLIVIA (PLURINATIONAL STATE OF); 1002:BONAIRE, SINT EUSTATIUS AND SABA; 387:BOSNIA AND HERZEGOVINA; 267:BOTSWANA; 1003:BOUVET ISLAND; 55:BRAZIL; 1014:BRITISH INDIAN OCEAN TERRITORY; 673:BRUNEI DARUSSALAM; 359:BULGARIA; 226: BURKINA FASO; 257:BURUNDI; 238:CABO VERDE; 855:CAMBODIA; 237:CAMEROON; 1:CANADA; 1345:CAYMAN ISLANDS; 236:CENTRAL AFRICAN REPUBLIC; 235:CHAD; 56:CHILE; 86:CHINA; 9:CHRISTMAS ISLAND; 672:COCOS (KEELING) ISLANDS; 57:COLOMBIA; 270:COMOROS; 242:CONGO; 243:CONGO (DEMOCRATIC REPUBLIC OF THE); 682:COOK ISLANDS; 506:COSTA RICA; 225:CÔTE D'IVOIRE; 385:CROATIA; 53:CUBA; 1015:CURAÇAO; 357:CYPRUS; 420:CZECHIA; 45:DENMARK; 253:DJIBOUTI; 1767:DOMINICA; 1809:DOMINICAN REPUBLIC; 593:ECUADOR; 20:EGYPT; 503:EL SALVADOR; 240:EQUATORIAL GUINEA; 291:ERITREA; 372:ESTONIA; 251:ETHIOPIA; 500:FALKLAND ISLANDS (MALVINAS); 298:FAROE ISLANDS; 679:FIJI; 358:FINLAND; 33:FRANCE; 594:FRENCH GUIANA; 689:FRENCH POLYNESIA; 1004:FRENCH SOUTHERN TERRITORIES; 241:GABON; 220:GAMBIA; 995:GEORGIA; 49:GERMANY; 233:GHANA; 350:GIBRALTAR; 30:GREECE; 299:GREENLAND; 1473:GRENADA; 590:GUADELOUPE; 1671:GUAM; 502:GUATEMALA; 1481:GUERNSEY; 224:GUINEA; 245:GUINEA-BISSAU; 592:GUYANA; 509:HAITI; 1005:HEARD ISLAND AND MCDONALD ISLANDS; 6:HOLY SEE; 504:HONDURAS; 852:HONG KONG; 36:HUNGARY; 354:ICELAND; 62:INDONESIA; 98:IRAN (ISLAMIC REPUBLIC OF); 964:IRAQ; 353:IRELAND; 1624:ISLE OF MAN; 972:ISRAEL; 5:ITALY; 1876:JAMAICA; 81:JAPAN; 1534:JERSEY; 962:JORDAN; 7:KAZAKHSTAN; 254:KENYA; 686:KIRIBATI; 850:KOREA(DEMOCRATIC PEOPLE'S REPUBLIC OF); 82:KOREA (REPUBLIC OF); 965:KUWAIT; 996:KYRGYZSTAN; 856:LAO PEOPLE'S DEMOCRATIC REPUBLIC; 371:LATVIA; 961:LEBANON; 266:LESOTHO; 231:LIBERIA; 218:LIBYA; 423:LIECHTENSTEIN; 370:LITHUANIA; 352:LUXEMBOURG; 853:MACAO; 389:MACEDONIA(THE FORMER YUGOSLAV REPUBLIC OF); 261:MADAGASCAR; 265:MALAWI; 60:MALAYSIA; 960:MALDIVES; 223:MALI; 356:MALTA; 692:MARSHALL ISLANDS; 596:MARTINIQUE; 222:MAURITANIA; 230:MAURITIUS; 269:MAYOTTE; 52:MEXICO; 691:MICRONESIA (FEDERATED STATES OF); 373:MOLDOVA (REPUBLIC OF); 377:MONACO; 976:MONGOLIA; 382:MONTENEGRO; 1664:MONTSERRAT; 212:MOROCCO; 258:MOZAMBIQUE; 95:MYANMAR; 264:NAMIBIA; 674:NAURU; 977:NEPAL; 31:NETHERLANDS; 687:NEW CALEDONIA; 64:NEW ZEALAND; 505:NICARAGUA; 227:NIGER; 234:NIGERIA; 683:NIUE; 15:NORFOLK ISLAND; 1670:NORTHERN MARIANA ISLANDS; 47:NORWAY; 968:OMAN; 92:PAKISTAN; 680:PALAU; 970:PALESTINE, STATE OF; 507:PANAMA; 675:PAPUA NEW GUINEA; 595:PARAGUAY; 51:PERU; 63:PHILIPPINES; 1011:PITCAIRN; 48:POLAND; 14:PORTUGAL; 1787:PUERTO RICO; 974:QATAR; 262:RÉUNION; 40:ROMANIA; 8:RUSSIAN FEDERATION; 250:RWANDA; 1006:SAINT BARTHÉLEMY; 290: SAINT HELENA, ASCENSION AND TRISTAN DA CUNHA; 1869:SAINT KITTS AND NEVIS; 1758:SAINT LUCIA; 1007:SAINT MARTIN (FRENCH PART); 508:SAINT PIERRE AND MIQUELON; 1784:SAINT VINCENT AND THE GRENADINES; 685:SAMOA; 378:SAN MARINO; 239:SAO TOME AND PRINCIPE; 966:SAUDI ARABIA; 221:SENEGAL; 381:SERBIA; 248:SEYCHELLES; 232:SIERRA LEONE; 65:SINGAPORE; 1721:SINT MAARTEN (DUTCH PART); 421:SLOVAKIA; 386:SLOVENIA; 677:SOLOMON ISLANDS; 252:SOMALIA; 28:SOUTH AFRICA; 1008:SOUTH GEORGIA AND THE SOUTH SANDWICH ISLANDS; 211:SOUTH SUDAN; 35:SPAIN; 94:SRI LANKA; 249:SUDAN; 597:SURINAME; 1012:SVALBARD AND JAN MAYEN; 268:SWAZILAND; 46:SWEDEN; 41:SWITZERLAND; 963:SYRIAN ARAB REPUBLIC; 886:TAIWAN; 992:TAJIKISTAN; 255:TANZANIA, UNITED REPUBLIC OF; 66:THAILAND; 670:TIMOR-LESTE (EAST TIMOR); 228:TOGO; 690:TOKELAU; 676:TONGA; 1868:TRINIDAD AND TOBAGO; 216:TUNISIA; 90:TURKEY; 993:TURKMENISTAN; 1649:TURKS AND CAICOS ISLANDS; 688:TUVALU; 256:UGANDA; 380:UKRAINE; 971:UNITED ARAB EMIRATES; 44:UNITED KINGDOM OF GREAT BRITAIN AND NORTHERN IRELAND; 2:UNITED STATES OF AMERICA; 1009:UNITED STATES MINOR OUTLYING ISLANDS; 598:URUGUAY; 998:UZBEKISTAN; 678:VANUATU; 58:VENEZUELA (BOLIVARIAN REPUBLIC OF); 84:VIET NAM; 1284:VIRGIN ISLANDS (BRITISH); 1340:VIRGIN ISLANDS (U.S.); 681:WALLIS AND FUTUNA; 1013:WESTERN SAHARA; 967:YEMEN; 260:ZAMBIA; 263:ZIMBABWE; 9999:OTHERS
ITR.ITR2.ScheduleOS.IncOthThanOwnRaceHorse.IncChargblSplRateOS.NRIOsDTAA.NRIDTAADtlsSchOS[].DTAAarticle	string	True	type=string, minLength=1, maxLength=16, pattern=|(\s*([\w\d_=!@#$%\^*\(\){}\[\]\|\\:;',\.\?/~`\-\+<>&][\s\w\d_=!@#$%\^*\(\){}\[\]\|\\:;',\.\?/~`\-\+<>&]*)\s*), REQUIRED	
ITR.ITR2.ScheduleOS.IncOthThanOwnRaceHorse.IncChargblSplRateOS.NRIOsDTAA.NRIDTAADtlsSchOS[].RateAsPerTreaty	number	True	type=number, minimum=0, maximum=100, REQUIRED	
ITR.ITR2.ScheduleOS.IncOthThanOwnRaceHorse.IncChargblSplRateOS.NRIOsDTAA.NRIDTAADtlsSchOS[].TaxRescertifiedFlag	string	False	type=string, pattern=|(\s*([\w\d_=!@#$%\^*\(\){}\[\]\|\\:;',\.\?/~`\-\+<>&][\s\w\d_=!@#$%\^*\(\){}\[\]\|\\:;',\.\?/~`\-\+<>&]*)\s*), enum=['Y', 'N']	Y - Yes; N - No
ITR.ITR2.ScheduleOS.IncOthThanOwnRaceHorse.IncChargblSplRateOS.NRIOsDTAA.NRIDTAADtlsSchOS[].ItemNoincl	string	True	type=string, pattern=|(\s*([\w\d_=!@#$%\^*\(\){}\[\]\|\\:;',\.\?/~`\-\+<>&][\s\w\d_=!@#$%\^*\(\){}\[\]\|\\:;',\.\?/~`\-\+<>&]*)\s*), enum=['56i', '56i_f', '56', '562iii', '562x', '5A1ai', '5A1aA', '5A1aii', '5A1aiia', '5A1aiiaa', '5A1aiiab', '5A1aiiac', '5A1aiii', '5A1bA', '5AD1i', '5AD1iDiv', '5A…], REQUIRED	56i:56(2)(i)- Dividends; 56i_f: 56(2)(i)- Dividends u/s 2(22)(f); 56:56(2)-Interest; 562iii : 56(2)(iii)-Rental income from machinery, plants, buildings etc.; 562x : 56(2)(x) - Income under section 56(2)(x); 5A1ai:115A(1)(a)(i)- Dividends interest and income from units purchase in foreign currency; 5A1aA:115A(1)(a)(A)- Dividend in the case of non-resident received from a unit in an International Financial Services Centre; 5A1aii:115A(1)(a)(ii)- Interest received from govt/Indian Concerns received in Foreign Currency; 5A1aiia:115A(1) (a)(iia) -Interest from Infrastructure Debt Fund; 5A1aiiaa:115A(1) (a)(iiaa) -Interest as per Sec. 194LC; 5A1aiiab:115A(1) (a)(iiab) -Interest as per Sec. 194LD; 5A1aiiac: 115A(1) (a)(iiac) -Interest as per Sec. 194LBA; 5A1aiii:115A(1) (a)(iii) -Income received in respect of units of UTI purchased in foreign currency; 5A1bA:115A(1)(b)(A)- Income from royalty or fees for technical services received from Government or Indian concern; 5AD1i:115AD(1)(i) -Income (other than Dividend) received by an FII in respect of securities (other than units as per Sec 115AB); 5AD1iDiv - 115AD(1)(i) - Income (being dividend) received by an FII in respect of securities (other than units referred to in section 115AB); 5AC1ab:115AC(1)(a) - Income by way of interest on bonds purchased in foreign currency - non-resident; 5AC1abD - 115AC(1)(b) - Income by way of Dividend on GDRs purchased in foreign currency - non-resident; 5AD1iP:115AD(1)(i) -Income received by an FII in respect of bonds or government securities as per Sec 194LD; 5BBA:115BBA - Tax on non-residents sportsmen or sports associations; 5BB:115BB (Winnings from lotteries, puzzles, races, games etc.); 5BBJ: 115BBJ - Winnings from online games; 5BBG:115BBG - Tax on income from transfer of carbon credits.; 5BBF:115BBF - Tax on income from transfer of carbon credits.; 5Ea:115E(a) -Investment income; 5ACA1a:115ACA(1)(a) - Income from GDR purchased in foreign currency -resident; PTI_5AD1i - PTI - Income received by an FII in respect of securities (other than units referred to in section115AB); PTI_5AD1iP - PTI - Income received by an FII in respect of bonds or government securities referred to in section 194LD; PTI_5BBF - PTI-Tax on income from patent; PTI_5BBG - PTI - Tax on income from transfer of carbon credits; PTI_5Ea - PTI - Investment income of a non-resident Indian; PTI_5ACA1a - PTI-Income from GDR purchased in foreign currency in case of a resident employee of an Indian company, engaged in knowledge based industry or service; PTI_5A1ai - PTI - Dividends in the case of non-residents; PTI_5A1aA - PTI- Proviso to 115A(1)(a)(A) -Dividends in the case of non-residents received from a unit in an International Financial Services Centre; PTI_5A1aii - PTI - Interest received in the case of non-residents; PTI_5A1aiia - PTI - Interest received by non-resident from infrastructure debt fund; PTI_5A1aiiaa -PTI - Income received by non-resident as referred in section 194LC; PTI_5A1aiiab -PTI - Income received by non-resident as referred in section 194LD; PTI_5A1aiiac -PTI - Income received by non-resident as referred in section 194LBA; PTI_5A1aiii - PTI - Income from units purchased in foreign currency in the case of non-residents; PTI_5A1bA - PTI - Income from royalty or fees for technical services received from Government or Indian concern; PTI_5AC1ab - PTI-115AC(1)(a) -Income by way of interest on bonds purchased in foreign currency - non-resident; PTI_5AC1abD - PTI-115AC(1)(b) - Income by way of Dividend on GDRs purchased in foreign currency - non-resident; PTI_5BBA - PTI - Tax on non-resident sportsmen or sports associations or entertainer; 5A1aiiaaP - 115A(1) (a)(iiaa) -Interest as referred in proviso to section 194LC(1); PTI_5A1aiiaaP - PTI-115A(1) (a)(iiaa) - Interest as referred in proviso to section 194LC(1); PTI_5AD1iDiv - PTI-115AD(1)(i) - Income (being dividend) received by an FII in respect of securities (other than units referred to in section 115AB)
ITR.ITR2.ScheduleOS.IncOthThanOwnRaceHorse.IncChargblSplRateOS.NRIOsDTAA.NRIDTAADtlsSchOS[].RateAsPerITAct	number	True	type=number, minimum=0, maximum=100, REQUIRED	
ITR.ITR2.ScheduleOS.IncOthThanOwnRaceHorse.IncChargblSplRateOS.NRIOsDTAA.NRIDTAADtlsSchOS[].ApplicableRate	number	False	type=number, minimum=0, maximum=100	
ITR.ITR2.ScheduleOS.IncOthThanOwnRaceHorse.Deductions.Expenses	integer	True	type=integer, minimum=0, maximum=99999999999999, REQUIRED	
ITR.ITR2.ScheduleOS.IncOthThanOwnRaceHorse.Deductions.UsrIntExp57	integer	False	type=integer, minimum=0, maximum=99999999999999	
ITR.ITR2.ScheduleOS.IncOthThanOwnRaceHorse.Deductions.IntExp57	integer	False	type=integer, minimum=0, maximum=99999999999999	
ITR.ITR2.ScheduleOS.IncOthThanOwnRaceHorse.Deductions.DeductionUs57iia	integer	True	type=integer, minimum=0, maximum=25000, REQUIRED	
ITR.ITR2.ScheduleOS.IncOthThanOwnRaceHorse.Deductions.Depreciation	integer	True	type=integer, minimum=0, maximum=99999999999999, REQUIRED	
ITR.ITR2.ScheduleOS.IncOthThanOwnRaceHorse.Deductions.TotDeductions	integer	True	type=integer, minimum=0, maximum=99999999999999, REQUIRED	
ITR.ITR2.ScheduleOS.IncOthThanOwnRaceHorse.AmtNotDeductibleUs58	integer	False	type=integer, minimum=-99999999999999, maximum=99999999999999	
ITR.ITR2.ScheduleOS.IncOthThanOwnRaceHorse.ProfitChargTaxUs59	integer	False	type=integer, minimum=-99999999999999, maximum=99999999999999	
ITR.ITR2.ScheduleOS.IncOthThanOwnRaceHorse.Increliefus89AOS	integer	False	type=integer, minimum=0, maximum=99999999999999	
ITR.ITR2.ScheduleOS.IncOthThanOwnRaceHorse.BalanceNoRaceHorse	integer	True	type=integer, minimum=-99999999999999, maximum=99999999999999, REQUIRED	
ITR.ITR2.ScheduleOS.TotOthSrcNoRaceHorse	integer	False	type=integer, minimum=0, maximum=99999999999999	
ITR.ITR2.ScheduleOS.IncFromOwnHorse.Receipts	integer	True	type=integer, minimum=0, maximum=99999999999999, REQUIRED	
ITR.ITR2.ScheduleOS.IncFromOwnHorse.DeductSec57	integer	True	type=integer, minimum=0, maximum=99999999999999, REQUIRED	
ITR.ITR2.ScheduleOS.IncFromOwnHorse.AmtNotDeductibleUs58	integer	False	type=integer, minimum=-99999999999999, maximum=99999999999999	
ITR.ITR2.ScheduleOS.IncFromOwnHorse.ProfitChargTaxUs59	integer	False	type=integer, minimum=-99999999999999, maximum=99999999999999	
ITR.ITR2.ScheduleOS.IncFromOwnHorse.BalanceOwnRaceHorse	integer	True	type=integer, minimum=-99999999999999, maximum=99999999999999, REQUIRED	
ITR.ITR2.ScheduleOS.IncChargeable	integer	True	type=integer, minimum=0, maximum=99999999999999, REQUIRED	Income from other sources
ITR.ITR2.ScheduleOS.IncFrmLottery.DateRange.Upto15Of6	integer	True	type=integer, minimum=0, maximum=99999999999999, REQUIRED	
ITR.ITR2.ScheduleOS.IncFrmLottery.DateRange.Upto15Of9	integer	True	type=integer, minimum=0, maximum=99999999999999, REQUIRED	
ITR.ITR2.ScheduleOS.IncFrmLottery.DateRange.Up16Of9To15Of12	integer	True	type=integer, minimum=0, maximum=99999999999999, REQUIRED	
ITR.ITR2.ScheduleOS.IncFrmLottery.DateRange.Up16Of12To15Of3	integer	True	type=integer, minimum=0, maximum=99999999999999, REQUIRED	
ITR.ITR2.ScheduleOS.IncFrmLottery.DateRange.Up16Of3To31Of3	integer	True	type=integer, minimum=0, maximum=99999999999999, REQUIRED	
ITR.ITR2.ScheduleOS.IncFrmOnGames.DateRange.Upto15Of6	integer	True	type=integer, minimum=0, maximum=99999999999999, REQUIRED	
ITR.ITR2.ScheduleOS.IncFrmOnGames.DateRange.Upto15Of9	integer	True	type=integer, minimum=0, maximum=99999999999999, REQUIRED	
ITR.ITR2.ScheduleOS.IncFrmOnGames.DateRange.Up16Of9To15Of12	integer	True	type=integer, minimum=0, maximum=99999999999999, REQUIRED	
ITR.ITR2.ScheduleOS.IncFrmOnGames.DateRange.Up16Of12To15Of3	integer	True	type=integer, minimum=0, maximum=99999999999999, REQUIRED	
ITR.ITR2.ScheduleOS.IncFrmOnGames.DateRange.Up16Of3To31Of3	integer	True	type=integer, minimum=0, maximum=99999999999999, REQUIRED	
ITR.ITR2.ScheduleOS.DividendIncUs115BBDA.DateRange.Upto15Of6	integer	True	type=integer, minimum=0, maximum=99999999999999, REQUIRED	
ITR.ITR2.ScheduleOS.DividendIncUs115BBDA.DateRange.Upto15Of9	integer	True	type=integer, minimum=0, maximum=99999999999999, REQUIRED	
ITR.ITR2.ScheduleOS.DividendIncUs115BBDA.DateRange.Up16Of9To15Of12	integer	True	type=integer, minimum=0, maximum=99999999999999, REQUIRED	
ITR.ITR2.ScheduleOS.DividendIncUs115BBDA.DateRange.Up16Of12To15Of3	integer	True	type=integer, minimum=0, maximum=99999999999999, REQUIRED	
ITR.ITR2.ScheduleOS.DividendIncUs115BBDA.DateRange.Up16Of3To31Of3	integer	True	type=integer, minimum=0, maximum=99999999999999, REQUIRED	
ITR.ITR2.ScheduleOS.DividendIncUs115BBDAaiii.DateRange.Upto15Of6	integer	True	type=integer, minimum=0, maximum=99999999999999, REQUIRED	
ITR.ITR2.ScheduleOS.DividendIncUs115BBDAaiii.DateRange.Upto15Of9	integer	True	type=integer, minimum=0, maximum=99999999999999, REQUIRED	
ITR.ITR2.ScheduleOS.DividendIncUs115BBDAaiii.DateRange.Up16Of9To15Of12	integer	True	type=integer, minimum=0, maximum=99999999999999, REQUIRED	
ITR.ITR2.ScheduleOS.DividendIncUs115BBDAaiii.DateRange.Up16Of12To15Of3	integer	True	type=integer, minimum=0, maximum=99999999999999, REQUIRED	
ITR.ITR2.ScheduleOS.DividendIncUs115BBDAaiii.DateRange.Up16Of3To31Of3	integer	True	type=integer, minimum=0, maximum=99999999999999, REQUIRED	
ITR.ITR2.ScheduleOS.DividendIncUs115A1ai.DateRange.Upto15Of6	integer	True	type=integer, minimum=0, maximum=99999999999999, REQUIRED	
ITR.ITR2.ScheduleOS.DividendIncUs115A1ai.DateRange.Upto15Of9	integer	True	type=integer, minimum=0, maximum=99999999999999, REQUIRED	
ITR.ITR2.ScheduleOS.DividendIncUs115A1ai.DateRange.Up16Of9To15Of12	integer	True	type=integer, minimum=0, maximum=99999999999999, REQUIRED	
ITR.ITR2.ScheduleOS.DividendIncUs115A1ai.DateRange.Up16Of12To15Of3	integer	True	type=integer, minimum=0, maximum=99999999999999, REQUIRED	
ITR.ITR2.ScheduleOS.DividendIncUs115A1ai.DateRange.Up16Of3To31Of3	integer	True	type=integer, minimum=0, maximum=99999999999999, REQUIRED	
ITR.ITR2.ScheduleOS.DividendIncUs115A1aA.DateRange.Upto15Of6	integer	True	type=integer, minimum=0, maximum=99999999999999, REQUIRED	
ITR.ITR2.ScheduleOS.DividendIncUs115A1aA.DateRange.Upto15Of9	integer	True	type=integer, minimum=0, maximum=99999999999999, REQUIRED	
ITR.ITR2.ScheduleOS.DividendIncUs115A1aA.DateRange.Up16Of9To15Of12	integer	True	type=integer, minimum=0, maximum=99999999999999, REQUIRED	
ITR.ITR2.ScheduleOS.DividendIncUs115A1aA.DateRange.Up16Of12To15Of3	integer	True	type=integer, minimum=0, maximum=99999999999999, REQUIRED	
ITR.ITR2.ScheduleOS.DividendIncUs115A1aA.DateRange.Up16Of3To31Of3	integer	True	type=integer, minimum=0, maximum=99999999999999, REQUIRED	
ITR.ITR2.ScheduleOS.DividendIncUs115AC.DateRange.Upto15Of6	integer	True	type=integer, minimum=0, maximum=99999999999999, REQUIRED	
ITR.ITR2.ScheduleOS.DividendIncUs115AC.DateRange.Upto15Of9	integer	True	type=integer, minimum=0, maximum=99999999999999, REQUIRED	
ITR.ITR2.ScheduleOS.DividendIncUs115AC.DateRange.Up16Of9To15Of12	integer	True	type=integer, minimum=0, maximum=99999999999999, REQUIRED	
ITR.ITR2.ScheduleOS.DividendIncUs115AC.DateRange.Up16Of12To15Of3	integer	True	type=integer, minimum=0, maximum=99999999999999, REQUIRED	
ITR.ITR2.ScheduleOS.DividendIncUs115AC.DateRange.Up16Of3To31Of3	integer	True	type=integer, minimum=0, maximum=99999999999999, REQUIRED	
ITR.ITR2.ScheduleOS.DividendIncUs115ACA.DateRange.Upto15Of6	integer	True	type=integer, minimum=0, maximum=99999999999999, REQUIRED	
ITR.ITR2.ScheduleOS.DividendIncUs115ACA.DateRange.Upto15Of9	integer	True	type=integer, minimum=0, maximum=99999999999999, REQUIRED	
ITR.ITR2.ScheduleOS.DividendIncUs115ACA.DateRange.Up16Of9To15Of12	integer	True	type=integer, minimum=0, maximum=99999999999999, REQUIRED	
ITR.ITR2.ScheduleOS.DividendIncUs115ACA.DateRange.Up16Of12To15Of3	integer	True	type=integer, minimum=0, maximum=99999999999999, REQUIRED	
ITR.ITR2.ScheduleOS.DividendIncUs115ACA.DateRange.Up16Of3To31Of3	integer	True	type=integer, minimum=0, maximum=99999999999999, REQUIRED	
ITR.ITR2.ScheduleOS.DividendIncUs115AD1i.DateRange.Upto15Of6	integer	True	type=integer, minimum=0, maximum=99999999999999, REQUIRED	
ITR.ITR2.ScheduleOS.DividendIncUs115AD1i.DateRange.Upto15Of9	integer	True	type=integer, minimum=0, maximum=99999999999999, REQUIRED	
ITR.ITR2.ScheduleOS.DividendIncUs115AD1i.DateRange.Up16Of9To15Of12	integer	True	type=integer, minimum=0, maximum=99999999999999, REQUIRED	
ITR.ITR2.ScheduleOS.DividendIncUs115AD1i.DateRange.Up16Of12To15Of3	integer	True	type=integer, minimum=0, maximum=99999999999999, REQUIRED	
ITR.ITR2.ScheduleOS.DividendIncUs115AD1i.DateRange.Up16Of3To31Of3	integer	True	type=integer, minimum=0, maximum=99999999999999, REQUIRED	
ITR.ITR2.ScheduleOS.DividendDTAA.DateRange.Upto15Of6	integer	True	type=integer, minimum=0, maximum=99999999999999, REQUIRED	
ITR.ITR2.ScheduleOS.DividendDTAA.DateRange.Upto15Of9	integer	True	type=integer, minimum=0, maximum=99999999999999, REQUIRED	
ITR.ITR2.ScheduleOS.DividendDTAA.DateRange.Up16Of9To15Of12	integer	True	type=integer, minimum=0, maximum=99999999999999, REQUIRED	
ITR.ITR2.ScheduleOS.DividendDTAA.DateRange.Up16Of12To15Of3	integer	True	type=integer, minimum=0, maximum=99999999999999, REQUIRED	
ITR.ITR2.ScheduleOS.DividendDTAA.DateRange.Up16Of3To31Of3	integer	True	type=integer, minimum=0, maximum=99999999999999, REQUIRED	
ITR.ITR2.ScheduleOS.NOT89A.DateRange.Upto15Of6	integer	True	type=integer, minimum=0, maximum=99999999999999, REQUIRED	
ITR.ITR2.ScheduleOS.NOT89A.DateRange.Upto15Of9	integer	True	type=integer, minimum=0, maximum=99999999999999, REQUIRED	
ITR.ITR2.ScheduleOS.NOT89A.DateRange.Up16Of9To15Of12	integer	True	type=integer, minimum=0, maximum=99999999999999, REQUIRED	
ITR.ITR2.ScheduleOS.NOT89A.DateRange.Up16Of12To15Of3	integer	True	type=integer, minimum=0, maximum=99999999999999, REQUIRED	
ITR.ITR2.ScheduleOS.NOT89A.DateRange.Up16Of3To31Of3	integer	True	type=integer, minimum=0, maximum=99999999999999, REQUIRED	
ITR.ITR2.ScheduleCYLA.Salary.IncCYLA.IncOfCurYrUnderThatHead	integer	True	type=integer, minimum=0, maximum=99999999999999, REQUIRED	Income of current year (Fill this column only if income is zero or positive)
ITR.ITR2.ScheduleCYLA.Salary.IncCYLA.HPlossCurYrSetoff	integer	False	type=integer, minimum=0, maximum=99999999999999	
ITR.ITR2.ScheduleCYLA.Salary.IncCYLA.OthSrcLossNoRaceHorseSetoff	integer	False	type=integer, minimum=0, maximum=99999999999999	
ITR.ITR2.ScheduleCYLA.Salary.IncCYLA.IncOfCurYrAfterSetOff	integer	True	type=integer, minimum=0, maximum=99999999999999, REQUIRED	
ITR.ITR2.ScheduleCYLA.HP.IncCYLA.IncOfCurYrUnderThatHead	integer	True	type=integer, minimum=0, maximum=99999999999999, REQUIRED	Fill positive or zero value only
ITR.ITR2.ScheduleCYLA.HP.IncCYLA.OthSrcLossNoRaceHorseSetoff	integer	False	type=integer, minimum=0, maximum=99999999999999	
ITR.ITR2.ScheduleCYLA.HP.IncCYLA.IncOfCurYrAfterSetOff	integer	True	type=integer, minimum=0, maximum=99999999999999, REQUIRED	
ITR.ITR2.ScheduleCYLA.STCG15Per.IncCYLA.IncOfCurYrUnderThatHead	integer	True	type=integer, minimum=0, maximum=99999999999999, REQUIRED	Income of current year (Fill this column only if income is zero or positive)
ITR.ITR2.ScheduleCYLA.STCG15Per.IncCYLA.HPlossCurYrSetoff	integer	False	type=integer, minimum=0, maximum=99999999999999	
ITR.ITR2.ScheduleCYLA.STCG15Per.IncCYLA.OthSrcLossNoRaceHorseSetoff	integer	False	type=integer, minimum=0, maximum=99999999999999	
ITR.ITR2.ScheduleCYLA.STCG15Per.IncCYLA.IncOfCurYrAfterSetOff	integer	True	type=integer, minimum=0, maximum=99999999999999, REQUIRED	
ITR.ITR2.ScheduleCYLA.STCG20Per.IncCYLA.IncOfCurYrUnderThatHead	integer	True	type=integer, minimum=0, maximum=99999999999999, REQUIRED	Income of current year (Fill this column only if income is zero or positive)
ITR.ITR2.ScheduleCYLA.STCG20Per.IncCYLA.HPlossCurYrSetoff	integer	False	type=integer, minimum=0, maximum=99999999999999	
ITR.ITR2.ScheduleCYLA.STCG20Per.IncCYLA.OthSrcLossNoRaceHorseSetoff	integer	False	type=integer, minimum=0, maximum=99999999999999	
ITR.ITR2.ScheduleCYLA.STCG20Per.IncCYLA.IncOfCurYrAfterSetOff	integer	True	type=integer, minimum=0, maximum=99999999999999, REQUIRED	
ITR.ITR2.ScheduleCYLA.STCG30Per.IncCYLA.IncOfCurYrUnderThatHead	integer	True	type=integer, minimum=0, maximum=99999999999999, REQUIRED	Income of current year (Fill this column only if income is zero or positive)
ITR.ITR2.ScheduleCYLA.STCG30Per.IncCYLA.HPlossCurYrSetoff	integer	False	type=integer, minimum=0, maximum=99999999999999	
ITR.ITR2.ScheduleCYLA.STCG30Per.IncCYLA.OthSrcLossNoRaceHorseSetoff	integer	False	type=integer, minimum=0, maximum=99999999999999	
ITR.ITR2.ScheduleCYLA.STCG30Per.IncCYLA.IncOfCurYrAfterSetOff	integer	True	type=integer, minimum=0, maximum=99999999999999, REQUIRED	
ITR.ITR2.ScheduleCYLA.STCGAppRate.IncCYLA.IncOfCurYrUnderThatHead	integer	True	type=integer, minimum=0, maximum=99999999999999, REQUIRED	Income of current year (Fill this column only if income is zero or positive)
ITR.ITR2.ScheduleCYLA.STCGAppRate.IncCYLA.HPlossCurYrSetoff	integer	False	type=integer, minimum=0, maximum=99999999999999	
ITR.ITR2.ScheduleCYLA.STCGAppRate.IncCYLA.OthSrcLossNoRaceHorseSetoff	integer	False	type=integer, minimum=0, maximum=99999999999999	
ITR.ITR2.ScheduleCYLA.STCGAppRate.IncCYLA.IncOfCurYrAfterSetOff	integer	True	type=integer, minimum=0, maximum=99999999999999, REQUIRED	
ITR.ITR2.ScheduleCYLA.STCGDTAARate.IncCYLA.IncOfCurYrUnderThatHead	integer	True	type=integer, minimum=0, maximum=99999999999999, REQUIRED	Income of current year (Fill this column only if income is zero or positive)
ITR.ITR2.ScheduleCYLA.STCGDTAARate.IncCYLA.HPlossCurYrSetoff	integer	False	type=integer, minimum=0, maximum=99999999999999	
ITR.ITR2.ScheduleCYLA.STCGDTAARate.IncCYLA.OthSrcLossNoRaceHorseSetoff	integer	False	type=integer, minimum=0, maximum=99999999999999	
ITR.ITR2.ScheduleCYLA.STCGDTAARate.IncCYLA.IncOfCurYrAfterSetOff	integer	True	type=integer, minimum=0, maximum=99999999999999, REQUIRED	
ITR.ITR2.ScheduleCYLA.LTCG10Per.IncCYLA.IncOfCurYrUnderThatHead	integer	True	type=integer, minimum=0, maximum=99999999999999, REQUIRED	Income of current year (Fill this column only if income is zero or positive)
ITR.ITR2.ScheduleCYLA.LTCG10Per.IncCYLA.HPlossCurYrSetoff	integer	False	type=integer, minimum=0, maximum=99999999999999	
ITR.ITR2.ScheduleCYLA.LTCG10Per.IncCYLA.OthSrcLossNoRaceHorseSetoff	integer	False	type=integer, minimum=0, maximum=99999999999999	
ITR.ITR2.ScheduleCYLA.LTCG10Per.IncCYLA.IncOfCurYrAfterSetOff	integer	True	type=integer, minimum=0, maximum=99999999999999, REQUIRED	
ITR.ITR2.ScheduleCYLA.LTCG12_5Per.IncCYLA.IncOfCurYrUnderThatHead	integer	True	type=integer, minimum=0, maximum=99999999999999, REQUIRED	Income of current year (Fill this column only if income is zero or positive)
ITR.ITR2.ScheduleCYLA.LTCG12_5Per.IncCYLA.HPlossCurYrSetoff	integer	False	type=integer, minimum=0, maximum=99999999999999	
ITR.ITR2.ScheduleCYLA.LTCG12_5Per.IncCYLA.OthSrcLossNoRaceHorseSetoff	integer	False	type=integer, minimum=0, maximum=99999999999999	
ITR.ITR2.ScheduleCYLA.LTCG12_5Per.IncCYLA.IncOfCurYrAfterSetOff	integer	True	type=integer, minimum=0, maximum=99999999999999, REQUIRED	
ITR.ITR2.ScheduleCYLA.LTCG20Per.IncCYLA.IncOfCurYrUnderThatHead	integer	True	type=integer, minimum=0, maximum=99999999999999, REQUIRED	Income of current year (Fill this column only if income is zero or positive)
ITR.ITR2.ScheduleCYLA.LTCG20Per.IncCYLA.HPlossCurYrSetoff	integer	False	type=integer, minimum=0, maximum=99999999999999	
ITR.ITR2.ScheduleCYLA.LTCG20Per.IncCYLA.OthSrcLossNoRaceHorseSetoff	integer	False	type=integer, minimum=0, maximum=99999999999999	
ITR.ITR2.ScheduleCYLA.LTCG20Per.IncCYLA.IncOfCurYrAfterSetOff	integer	True	type=integer, minimum=0, maximum=99999999999999, REQUIRED	
ITR.ITR2.ScheduleCYLA.LTCGDTAARate.IncCYLA.IncOfCurYrUnderThatHead	integer	True	type=integer, minimum=0, maximum=99999999999999, REQUIRED	Income of current year (Fill this column only if income is zero or positive)
ITR.ITR2.ScheduleCYLA.LTCGDTAARate.IncCYLA.HPlossCurYrSetoff	integer	False	type=integer, minimum=0, maximum=99999999999999	
ITR.ITR2.ScheduleCYLA.LTCGDTAARate.IncCYLA.OthSrcLossNoRaceHorseSetoff	integer	False	type=integer, minimum=0, maximum=99999999999999	
ITR.ITR2.ScheduleCYLA.LTCGDTAARate.IncCYLA.IncOfCurYrAfterSetOff	integer	True	type=integer, minimum=0, maximum=99999999999999, REQUIRED	
ITR.ITR2.ScheduleCYLA.OthSrcExclRaceHorse.IncCYLA.IncOfCurYrUnderThatHead	integer	True	type=integer, minimum=0, maximum=99999999999999, REQUIRED	Fill positive or zero value only
ITR.ITR2.ScheduleCYLA.OthSrcExclRaceHorse.IncCYLA.HPlossCurYrSetoff	integer	False	type=integer, minimum=0, maximum=99999999999999	
ITR.ITR2.ScheduleCYLA.OthSrcExclRaceHorse.IncCYLA.IncOfCurYrAfterSetOff	integer	True	type=integer, minimum=0, maximum=99999999999999, REQUIRED	
ITR.ITR2.ScheduleCYLA.OthSrcRaceHorse.IncCYLA.IncOfCurYrUnderThatHead	integer	True	type=integer, minimum=0, maximum=99999999999999, REQUIRED	Income of current year (Fill this column only if income is zero or positive)
ITR.ITR2.ScheduleCYLA.OthSrcRaceHorse.IncCYLA.HPlossCurYrSetoff	integer	False	type=integer, minimum=0, maximum=99999999999999	
ITR.ITR2.ScheduleCYLA.OthSrcRaceHorse.IncCYLA.OthSrcLossNoRaceHorseSetoff	integer	False	type=integer, minimum=0, maximum=99999999999999	
ITR.ITR2.ScheduleCYLA.OthSrcRaceHorse.IncCYLA.IncOfCurYrAfterSetOff	integer	True	type=integer, minimum=0, maximum=99999999999999, REQUIRED	
ITR.ITR2.ScheduleCYLA.IncOSDTAA.IncCYLA.IncOfCurYrUnderThatHead	integer	True	type=integer, minimum=0, maximum=99999999999999, REQUIRED	Income of current year (Fill this column only if income is zero or positive)
ITR.ITR2.ScheduleCYLA.IncOSDTAA.IncCYLA.HPlossCurYrSetoff	integer	False	type=integer, minimum=0, maximum=99999999999999	
ITR.ITR2.ScheduleCYLA.IncOSDTAA.IncCYLA.OthSrcLossNoRaceHorseSetoff	integer	False	type=integer, minimum=0, maximum=99999999999999	
ITR.ITR2.ScheduleCYLA.IncOSDTAA.IncCYLA.IncOfCurYrAfterSetOff	integer	True	type=integer, minimum=0, maximum=99999999999999, REQUIRED	
ITR.ITR2.ScheduleCYLA.TotalCurYr.TotHPlossCurYr	integer	True	type=integer, minimum=0, maximum=99999999999999, REQUIRED	
ITR.ITR2.ScheduleCYLA.TotalCurYr.TotOthSrcLossNoRaceHorse	integer	True	type=integer, minimum=0, maximum=99999999999999, REQUIRED	
ITR.ITR2.ScheduleCYLA.TotalLossSetOff.TotHPlossCurYrSetoff	integer	True	type=integer, minimum=0, maximum=200000, REQUIRED	
ITR.ITR2.ScheduleCYLA.TotalLossSetOff.TotOthSrcLossNoRaceHorseSetoff	integer	True	type=integer, minimum=0, maximum=99999999999999, REQUIRED	
ITR.ITR2.ScheduleCYLA.LossRemAftSetOff.BalHPlossCurYrAftSetoff	integer	True	type=integer, minimum=0, maximum=99999999999999, REQUIRED	
ITR.ITR2.ScheduleCYLA.LossRemAftSetOff.BalOthSrcLossNoRaceHorseAftSetoff	integer	True	type=integer, minimum=0, maximum=99999999999999, REQUIRED	
ITR.ITR2.ScheduleBFLA.Salary.IncBFLA.IncOfCurYrUndHeadFromCYLA	integer	True	type=integer, minimum=0, maximum=99999999999999, REQUIRED	Fill positive or zero value only
ITR.ITR2.ScheduleBFLA.Salary.IncBFLA.IncOfCurYrAfterSetOffBFLosses	integer	True	type=integer, minimum=0, maximum=99999999999999, REQUIRED	
ITR.ITR2.ScheduleBFLA.HP.IncBFLA.IncOfCurYrUndHeadFromCYLA	integer	True	type=integer, minimum=0, maximum=99999999999999, REQUIRED	Income after set-off, if any, of current year’s losses
ITR.ITR2.ScheduleBFLA.HP.IncBFLA.BFlossPrevYrUndSameHeadSetoff	integer	True	type=integer, minimum=0, maximum=99999999999999, REQUIRED	
ITR.ITR2.ScheduleBFLA.HP.IncBFLA.IncOfCurYrAfterSetOffBFLosses	integer	True	type=integer, minimum=0, maximum=99999999999999, REQUIRED	
ITR.ITR2.ScheduleBFLA.STCG15Per.IncBFLA.IncOfCurYrUndHeadFromCYLA	integer	True	type=integer, minimum=0, maximum=99999999999999, REQUIRED	Income after set-off, if any, of current year’s losses
ITR.ITR2.ScheduleBFLA.STCG15Per.IncBFLA.BFlossPrevYrUndSameHeadSetoff	integer	True	type=integer, minimum=0, maximum=99999999999999, REQUIRED	
ITR.ITR2.ScheduleBFLA.STCG15Per.IncBFLA.IncOfCurYrAfterSetOffBFLosses	integer	True	type=integer, minimum=0, maximum=99999999999999, REQUIRED	
ITR.ITR2.ScheduleBFLA.STCG20Per.IncBFLA.IncOfCurYrUndHeadFromCYLA	integer	True	type=integer, minimum=0, maximum=99999999999999, REQUIRED	Income after set-off, if any, of current year’s losses
ITR.ITR2.ScheduleBFLA.STCG20Per.IncBFLA.BFlossPrevYrUndSameHeadSetoff	integer	True	type=integer, minimum=0, maximum=99999999999999, REQUIRED	
ITR.ITR2.ScheduleBFLA.STCG20Per.IncBFLA.IncOfCurYrAfterSetOffBFLosses	integer	True	type=integer, minimum=0, maximum=99999999999999, REQUIRED	
ITR.ITR2.ScheduleBFLA.STCG30Per.IncBFLA.IncOfCurYrUndHeadFromCYLA	integer	True	type=integer, minimum=0, maximum=99999999999999, REQUIRED	Income after set-off, if any, of current year’s losses
ITR.ITR2.ScheduleBFLA.STCG30Per.IncBFLA.BFlossPrevYrUndSameHeadSetoff	integer	True	type=integer, minimum=0, maximum=99999999999999, REQUIRED	
ITR.ITR2.ScheduleBFLA.STCG30Per.IncBFLA.IncOfCurYrAfterSetOffBFLosses	integer	True	type=integer, minimum=0, maximum=99999999999999, REQUIRED	
ITR.ITR2.ScheduleBFLA.STCGAppRate.IncBFLA.IncOfCurYrUndHeadFromCYLA	integer	True	type=integer, minimum=0, maximum=99999999999999, REQUIRED	Income after set-off, if any, of current year’s losses
ITR.ITR2.ScheduleBFLA.STCGAppRate.IncBFLA.BFlossPrevYrUndSameHeadSetoff	integer	True	type=integer, minimum=0, maximum=99999999999999, REQUIRED	
ITR.ITR2.ScheduleBFLA.STCGAppRate.IncBFLA.IncOfCurYrAfterSetOffBFLosses	integer	True	type=integer, minimum=0, maximum=99999999999999, REQUIRED	
ITR.ITR2.ScheduleBFLA.STCGDTAARate.IncBFLA.IncOfCurYrUndHeadFromCYLA	integer	True	type=integer, minimum=0, maximum=99999999999999, REQUIRED	Income after set-off, if any, of current year’s losses
ITR.ITR2.ScheduleBFLA.STCGDTAARate.IncBFLA.BFlossPrevYrUndSameHeadSetoff	integer	True	type=integer, minimum=0, maximum=99999999999999, REQUIRED	
ITR.ITR2.ScheduleBFLA.STCGDTAARate.IncBFLA.IncOfCurYrAfterSetOffBFLosses	integer	True	type=integer, minimum=0, maximum=99999999999999, REQUIRED	
ITR.ITR2.ScheduleBFLA.LTCG10Per.IncBFLA.IncOfCurYrUndHeadFromCYLA	integer	True	type=integer, minimum=0, maximum=99999999999999, REQUIRED	Income after set-off, if any, of current year’s losses
ITR.ITR2.ScheduleBFLA.LTCG10Per.IncBFLA.BFlossPrevYrUndSameHeadSetoff	integer	True	type=integer, minimum=0, maximum=99999999999999, REQUIRED	
ITR.ITR2.ScheduleBFLA.LTCG10Per.IncBFLA.IncOfCurYrAfterSetOffBFLosses	integer	True	type=integer, minimum=0, maximum=99999999999999, REQUIRED	
ITR.ITR2.ScheduleBFLA.LTCG12_5Per.IncBFLA.IncOfCurYrUndHeadFromCYLA	integer	True	type=integer, minimum=0, maximum=99999999999999, REQUIRED	Income after set-off, if any, of current year’s losses
ITR.ITR2.ScheduleBFLA.LTCG12_5Per.IncBFLA.BFlossPrevYrUndSameHeadSetoff	integer	True	type=integer, minimum=0, maximum=99999999999999, REQUIRED	
ITR.ITR2.ScheduleBFLA.LTCG12_5Per.IncBFLA.IncOfCurYrAfterSetOffBFLosses	integer	True	type=integer, minimum=0, maximum=99999999999999, REQUIRED	
ITR.ITR2.ScheduleBFLA.LTCG20Per.IncBFLA.IncOfCurYrUndHeadFromCYLA	integer	True	type=integer, minimum=0, maximum=99999999999999, REQUIRED	Income after set-off, if any, of current year’s losses
ITR.ITR2.ScheduleBFLA.LTCG20Per.IncBFLA.BFlossPrevYrUndSameHeadSetoff	integer	True	type=integer, minimum=0, maximum=99999999999999, REQUIRED	
ITR.ITR2.ScheduleBFLA.LTCG20Per.IncBFLA.IncOfCurYrAfterSetOffBFLosses	integer	True	type=integer, minimum=0, maximum=99999999999999, REQUIRED	
ITR.ITR2.ScheduleBFLA.LTCGDTAARate.IncBFLA.IncOfCurYrUndHeadFromCYLA	integer	True	type=integer, minimum=0, maximum=99999999999999, REQUIRED	Income after set-off, if any, of current year’s losses
ITR.ITR2.ScheduleBFLA.LTCGDTAARate.IncBFLA.BFlossPrevYrUndSameHeadSetoff	integer	True	type=integer, minimum=0, maximum=99999999999999, REQUIRED	
ITR.ITR2.ScheduleBFLA.LTCGDTAARate.IncBFLA.IncOfCurYrAfterSetOffBFLosses	integer	True	type=integer, minimum=0, maximum=99999999999999, REQUIRED	
ITR.ITR2.ScheduleBFLA.OthSrcExclRaceHorse.IncBFLA.IncOfCurYrUndHeadFromCYLA	integer	True	type=integer, minimum=0, maximum=99999999999999, REQUIRED	Fill positive or zero value only
ITR.ITR2.ScheduleBFLA.OthSrcExclRaceHorse.IncBFLA.IncOfCurYrAfterSetOffBFLosses	integer	True	type=integer, minimum=0, maximum=99999999999999, REQUIRED	
ITR.ITR2.ScheduleBFLA.OthSrcRaceHorse.IncBFLA.IncOfCurYrUndHeadFromCYLA	integer	True	type=integer, minimum=0, maximum=99999999999999, REQUIRED	Income after set-off, if any, of current year’s losses
ITR.ITR2.ScheduleBFLA.OthSrcRaceHorse.IncBFLA.BFlossPrevYrUndSameHeadSetoff	integer	True	type=integer, minimum=0, maximum=99999999999999, REQUIRED	
ITR.ITR2.ScheduleBFLA.OthSrcRaceHorse.IncBFLA.IncOfCurYrAfterSetOffBFLosses	integer	True	type=integer, minimum=0, maximum=99999999999999, REQUIRED	
ITR.ITR2.ScheduleBFLA.IncOSDTAA.IncBFLA.IncOfCurYrUndHeadFromCYLA	integer	True	type=integer, minimum=0, maximum=99999999999999, REQUIRED	Fill positive or zero value only
ITR.ITR2.ScheduleBFLA.IncOSDTAA.IncBFLA.IncOfCurYrAfterSetOffBFLosses	integer	True	type=integer, minimum=0, maximum=99999999999999, REQUIRED	
ITR.ITR2.ScheduleBFLA.TotalBFLossSetOff.TotBFLossSetoff	integer	True	type=integer, minimum=0, maximum=99999999999999, REQUIRED	
ITR.ITR2.ScheduleBFLA.IncomeOfCurrYrAftCYLABFLA	integer	True	type=integer, minimum=0, maximum=99999999999999, REQUIRED	
ITR.ITR2.ScheduleCFL.LossCFFromPrev8thYearFromAY.CarryFwdLossDetail.DateOfFiling	string	True	type=string, pattern=([12]\d{3}-(0[1-9]|1[0-2])-(0[1-9]|[12]\d|3[01])), REQUIRED	Date in YYYY-MM-DD format on or after 2013-04-01
ITR.ITR2.ScheduleCFL.LossCFFromPrev8thYearFromAY.CarryFwdLossDetail.TotalSTCGPTILossCF	integer	False	type=integer, minimum=0, maximum=99999999999999	
ITR.ITR2.ScheduleCFL.LossCFFromPrev8thYearFromAY.CarryFwdLossDetail.TotalLTCGPTILossCF	integer	False	type=integer, minimum=0, maximum=99999999999999	
ITR.ITR2.ScheduleCFL.LossCFFromPrev8thYearFromAY.CarryFwdLossDetail.TotalHPPTILossCF	integer	False	type=integer, minimum=0, maximum=99999999999999	
ITR.ITR2.ScheduleCFL.LossCFFromPrev7thYearFromAY.CarryFwdLossDetail.DateOfFiling	string	True	type=string, pattern=([12]\d{3}-(0[1-9]|1[0-2])-(0[1-9]|[12]\d|3[01])), REQUIRED	Date in YYYY-MM-DD format on or after 2013-04-01
ITR.ITR2.ScheduleCFL.LossCFFromPrev7thYearFromAY.CarryFwdLossDetail.TotalSTCGPTILossCF	integer	False	type=integer, minimum=0, maximum=99999999999999	
ITR.ITR2.ScheduleCFL.LossCFFromPrev7thYearFromAY.CarryFwdLossDetail.TotalLTCGPTILossCF	integer	False	type=integer, minimum=0, maximum=99999999999999	
ITR.ITR2.ScheduleCFL.LossCFFromPrev7thYearFromAY.CarryFwdLossDetail.TotalHPPTILossCF	integer	False	type=integer, minimum=0, maximum=99999999999999	
ITR.ITR2.ScheduleCFL.LossCFFromPrev6thYearFromAY.CarryFwdLossDetail.DateOfFiling	string	True	type=string, pattern=([12]\d{3}-(0[1-9]|1[0-2])-(0[1-9]|[12]\d|3[01])), REQUIRED	Date in YYYY-MM-DD format on or after 2013-04-01
ITR.ITR2.ScheduleCFL.LossCFFromPrev6thYearFromAY.CarryFwdLossDetail.TotalSTCGPTILossCF	integer	False	type=integer, minimum=0, maximum=99999999999999	
ITR.ITR2.ScheduleCFL.LossCFFromPrev6thYearFromAY.CarryFwdLossDetail.TotalLTCGPTILossCF	integer	False	type=integer, minimum=0, maximum=99999999999999	
ITR.ITR2.ScheduleCFL.LossCFFromPrev6thYearFromAY.CarryFwdLossDetail.TotalHPPTILossCF	integer	False	type=integer, minimum=0, maximum=99999999999999	
ITR.ITR2.ScheduleCFL.LossCFFromPrev5thYearFromAY.CarryFwdLossDetail.DateOfFiling	string	True	type=string, pattern=([12]\d{3}-(0[1-9]|1[0-2])-(0[1-9]|[12]\d|3[01])), REQUIRED	Date in YYYY-MM-DD format on or after 2013-04-01
ITR.ITR2.ScheduleCFL.LossCFFromPrev5thYearFromAY.CarryFwdLossDetail.TotalSTCGPTILossCF	integer	False	type=integer, minimum=0, maximum=99999999999999	
ITR.ITR2.ScheduleCFL.LossCFFromPrev5thYearFromAY.CarryFwdLossDetail.TotalLTCGPTILossCF	integer	False	type=integer, minimum=0, maximum=99999999999999	
ITR.ITR2.ScheduleCFL.LossCFFromPrev5thYearFromAY.CarryFwdLossDetail.TotalHPPTILossCF	integer	False	type=integer, minimum=0, maximum=99999999999999	
ITR.ITR2.ScheduleCFL.LossCFFromPrev4thYearFromAY.CarryFwdLossDetail.DateOfFiling	string	True	type=string, pattern=([12]\d{3}-(0[1-9]|1[0-2])-(0[1-9]|[12]\d|3[01])), REQUIRED	Date in YYYY-MM-DD format on or after 2021-04-01
ITR.ITR2.ScheduleCFL.LossCFFromPrev4thYearFromAY.CarryFwdLossDetail.TotalSTCGPTILossCF	integer	True	type=integer, minimum=0, maximum=99999999999999, REQUIRED	
ITR.ITR2.ScheduleCFL.LossCFFromPrev4thYearFromAY.CarryFwdLossDetail.TotalLTCGPTILossCF	integer	True	type=integer, minimum=0, maximum=99999999999999, REQUIRED	
ITR.ITR2.ScheduleCFL.LossCFFromPrev4thYearFromAY.CarryFwdLossDetail.TotalHPPTILossCF	integer	True	type=integer, minimum=0, maximum=99999999999999, REQUIRED	
ITR.ITR2.ScheduleCFL.LossCFFromPrev4thYearFromAY.CarryFwdLossDetail.OthSrcLossRaceHorseCF	integer	False	type=integer, minimum=0, maximum=99999999999999	
ITR.ITR2.ScheduleCFL.LossCFFromPrev3rdYearFromAY.CarryFwdLossDetail.DateOfFiling	string	True	type=string, pattern=([12]\d{3}-(0[1-9]|1[0-2])-(0[1-9]|[12]\d|3[01])), REQUIRED	Date in YYYY-MM-DD format on or after 2021-04-01
ITR.ITR2.ScheduleCFL.LossCFFromPrev3rdYearFromAY.CarryFwdLossDetail.TotalSTCGPTILossCF	integer	True	type=integer, minimum=0, maximum=99999999999999, REQUIRED	
ITR.ITR2.ScheduleCFL.LossCFFromPrev3rdYearFromAY.CarryFwdLossDetail.TotalLTCGPTILossCF	integer	True	type=integer, minimum=0, maximum=99999999999999, REQUIRED	
ITR.ITR2.ScheduleCFL.LossCFFromPrev3rdYearFromAY.CarryFwdLossDetail.TotalHPPTILossCF	integer	True	type=integer, minimum=0, maximum=99999999999999, REQUIRED	
ITR.ITR2.ScheduleCFL.LossCFFromPrev3rdYearFromAY.CarryFwdLossDetail.OthSrcLossRaceHorseCF	integer	False	type=integer, minimum=0, maximum=99999999999999	
ITR.ITR2.ScheduleCFL.LossCFFromPrev2ndYearFromAY.CarryFwdLossDetail.DateOfFiling	string	True	type=string, pattern=([12]\d{3}-(0[1-9]|1[0-2])-(0[1-9]|[12]\d|3[01])), REQUIRED	Date in YYYY-MM-DD format on or after 2021-04-01
ITR.ITR2.ScheduleCFL.LossCFFromPrev2ndYearFromAY.CarryFwdLossDetail.TotalSTCGPTILossCF	integer	True	type=integer, minimum=0, maximum=99999999999999, REQUIRED	
ITR.ITR2.ScheduleCFL.LossCFFromPrev2ndYearFromAY.CarryFwdLossDetail.TotalLTCGPTILossCF	integer	True	type=integer, minimum=0, maximum=99999999999999, REQUIRED	
ITR.ITR2.ScheduleCFL.LossCFFromPrev2ndYearFromAY.CarryFwdLossDetail.TotalHPPTILossCF	integer	True	type=integer, minimum=0, maximum=99999999999999, REQUIRED	
ITR.ITR2.ScheduleCFL.LossCFFromPrev2ndYearFromAY.CarryFwdLossDetail.OthSrcLossRaceHorseCF	integer	False	type=integer, minimum=0, maximum=99999999999999	
ITR.ITR2.ScheduleCFL.LossCFFromPrevYrToAY.CarryFwdLossDetail.DateOfFiling	string	True	type=string, pattern=([12]\d{3}-(0[1-9]|1[0-2])-(0[1-9]|[12]\d|3[01])), REQUIRED	Date in YYYY-MM-DD format on or after 2021-04-01
ITR.ITR2.ScheduleCFL.LossCFFromPrevYrToAY.CarryFwdLossDetail.TotalSTCGPTILossCF	integer	True	type=integer, minimum=0, maximum=99999999999999, REQUIRED	
ITR.ITR2.ScheduleCFL.LossCFFromPrevYrToAY.CarryFwdLossDetail.TotalLTCGPTILossCF	integer	True	type=integer, minimum=0, maximum=99999999999999, REQUIRED	
ITR.ITR2.ScheduleCFL.LossCFFromPrevYrToAY.CarryFwdLossDetail.TotalHPPTILossCF	integer	True	type=integer, minimum=0, maximum=99999999999999, REQUIRED	
ITR.ITR2.ScheduleCFL.LossCFFromPrevYrToAY.CarryFwdLossDetail.OthSrcLossRaceHorseCF	integer	False	type=integer, minimum=0, maximum=99999999999999	
ITR.ITR2.ScheduleCFL.TotalOfBFLossesEarlierYrs.LossSummaryDetail.TotalHPPTILossCF	integer	True	type=integer, minimum=0, maximum=99999999999999, REQUIRED	
ITR.ITR2.ScheduleCFL.TotalOfBFLossesEarlierYrs.LossSummaryDetail.TotalSTCGPTILossCF	integer	True	type=integer, minimum=0, maximum=99999999999999, REQUIRED	
ITR.ITR2.ScheduleCFL.TotalOfBFLossesEarlierYrs.LossSummaryDetail.TotalLTCGPTILossCF	integer	True	type=integer, minimum=0, maximum=99999999999999, REQUIRED	
ITR.ITR2.ScheduleCFL.TotalOfBFLossesEarlierYrs.LossSummaryDetail.OthSrcLossRaceHorseCF	integer	False	type=integer, minimum=0, maximum=99999999999999	
ITR.ITR2.ScheduleCFL.AdjTotBFLossInBFLA.LossSummaryDetail.TotalHPPTILossCF	integer	True	type=integer, minimum=0, maximum=99999999999999, REQUIRED	
ITR.ITR2.ScheduleCFL.AdjTotBFLossInBFLA.LossSummaryDetail.TotalSTCGPTILossCF	integer	True	type=integer, minimum=0, maximum=99999999999999, REQUIRED	
ITR.ITR2.ScheduleCFL.AdjTotBFLossInBFLA.LossSummaryDetail.TotalLTCGPTILossCF	integer	True	type=integer, minimum=0, maximum=99999999999999, REQUIRED	
ITR.ITR2.ScheduleCFL.AdjTotBFLossInBFLA.LossSummaryDetail.OthSrcLossRaceHorseCF	integer	False	type=integer, minimum=0, maximum=99999999999999	
ITR.ITR2.ScheduleCFL.CurrentAYloss.LossSummaryDetail.TotalHPPTILossCF	integer	True	type=integer, minimum=0, maximum=99999999999999, REQUIRED	
ITR.ITR2.ScheduleCFL.CurrentAYloss.LossSummaryDetail.TotalSTCGPTILossCF	integer	True	type=integer, minimum=0, maximum=99999999999999, REQUIRED	
ITR.ITR2.ScheduleCFL.CurrentAYloss.LossSummaryDetail.TotalLTCGPTILossCF	integer	True	type=integer, minimum=0, maximum=99999999999999, REQUIRED	
ITR.ITR2.ScheduleCFL.CurrentAYloss.LossSummaryDetail.OthSrcLossRaceHorseCF	integer	False	type=integer, minimum=0, maximum=99999999999999	
ITR.ITR2.ScheduleCFL.TotalLossCFSummary.LossSummaryDetail.TotalHPPTILossCF	integer	True	type=integer, minimum=0, maximum=99999999999999, REQUIRED	
ITR.ITR2.ScheduleCFL.TotalLossCFSummary.LossSummaryDetail.TotalSTCGPTILossCF	integer	True	type=integer, minimum=0, maximum=99999999999999, REQUIRED	
ITR.ITR2.ScheduleCFL.TotalLossCFSummary.LossSummaryDetail.TotalLTCGPTILossCF	integer	True	type=integer, minimum=0, maximum=99999999999999, REQUIRED	
ITR.ITR2.ScheduleCFL.TotalLossCFSummary.LossSummaryDetail.OthSrcLossRaceHorseCF	integer	False	type=integer, minimum=0, maximum=99999999999999	
ITR.ITR2.ScheduleVIA.UsrDeductUndChapVIA.Section80C	integer	False	type=integer, minimum=0, maximum=99999999999999	
ITR.ITR2.ScheduleVIA.UsrDeductUndChapVIA.Section80CCC	integer	False	type=integer, minimum=0, maximum=99999999999999	
ITR.ITR2.ScheduleVIA.UsrDeductUndChapVIA.PRANNum	string	False	type=string, minLength=1, maxLength=125	
ITR.ITR2.ScheduleVIA.UsrDeductUndChapVIA.Section80CCDEmployeeOrSE	integer	False	type=integer, minimum=0, maximum=99999999999999	For Employee/SelfEmployed
ITR.ITR2.ScheduleVIA.UsrDeductUndChapVIA.Section80CCD1B	integer	False	type=integer, minimum=0, maximum=99999999999999	
ITR.ITR2.ScheduleVIA.UsrDeductUndChapVIA.Section80CCDEmployer	integer	False	type=integer, minimum=0, maximum=99999999999999	
ITR.ITR2.ScheduleVIA.UsrDeductUndChapVIA.Section80D	integer	False	type=integer, minimum=0, maximum=99999999999999	
ITR.ITR2.ScheduleVIA.UsrDeductUndChapVIA.Section80DD	integer	False	type=integer, minimum=0, maximum=99999999999999	
ITR.ITR2.ScheduleVIA.UsrDeductUndChapVIA.Section80DDBUsrType	string	False	type=string, pattern=|(\s*([\w\d_=!@#$%\^*\(\){}\[\]\|\\:;',\.\?/~`\-\+<>&][\s\w\d_=!@#$%\^*\(\){}\[\]\|\\:;',\.\?/~`\-\+<>&]*)\s*), enum=['1', '2']	1 : Self or dependent; 2 : Self or Dependent (Senior Citizen)
ITR.ITR2.ScheduleVIA.UsrDeductUndChapVIA.Section80DDB	integer	False	type=integer, minimum=0, maximum=99999999999999	
ITR.ITR2.ScheduleVIA.UsrDeductUndChapVIA.NameOfSpecDisease80DDB	string	False	type=string, pattern=|(\s*([\w\d_=!@#$%\^*\(\){}\[\]\|\\:;',\.\?/~`\-\+<>&][\s\w\d_=!@#$%\^*\(\){}\[\]\|\\:;',\.\?/~`\-\+<>&]*)\s*), enum=['a', 'b', 'c', 'd', 'e', 'f', 'g', 'h', 'i', 'j', 'k', 'l', 'm', 'n']	a : Dementia; b : Dystonia Musculorum Deformans; c : Motor Neuron Disease; d : Ataxia; e : Chorea; f : Hemiballismus; g : Aphasia; h: Parkinsons Disease; i : Malignant Cancers; j : Full Blown Acquired Immuno-Deficiency Syndrome (AIDS); k:Chronic Renal failure; l:Hematological disorders; m: Hemophilia; n:Thalassaemia
ITR.ITR2.ScheduleVIA.UsrDeductUndChapVIA.Section80E	integer	False	type=integer, minimum=0, maximum=99999999999999	
ITR.ITR2.ScheduleVIA.UsrDeductUndChapVIA.Section80EE	integer	False	type=integer, minimum=0, maximum=99999999999999	
ITR.ITR2.ScheduleVIA.UsrDeductUndChapVIA.Section80EEA	integer	False	type=integer, minimum=0, maximum=99999999999999	
ITR.ITR2.ScheduleVIA.UsrDeductUndChapVIA.Section80EEB	integer	False	type=integer, minimum=0, maximum=99999999999999	
ITR.ITR2.ScheduleVIA.UsrDeductUndChapVIA.Section80G	integer	False	type=integer, minimum=0, maximum=99999999999999	
ITR.ITR2.ScheduleVIA.UsrDeductUndChapVIA.Section80GG	integer	False	type=integer, minimum=0, maximum=99999999999999	
ITR.ITR2.ScheduleVIA.UsrDeductUndChapVIA.Form10BAAckNum	string	False	type=string, maxLength=15	
ITR.ITR2.ScheduleVIA.UsrDeductUndChapVIA.Section80GGA	integer	False	type=integer, minimum=0, maximum=99999999999999	
ITR.ITR2.ScheduleVIA.UsrDeductUndChapVIA.Section80GGC	integer	False	type=integer, minimum=0, maximum=99999999999999	
ITR.ITR2.ScheduleVIA.UsrDeductUndChapVIA.Section80U	integer	False	type=integer, minimum=0, maximum=99999999999999	
ITR.ITR2.ScheduleVIA.UsrDeductUndChapVIA.Section80QQB	integer	False	type=integer, minimum=0, maximum=99999999999999	
ITR.ITR2.ScheduleVIA.UsrDeductUndChapVIA.Form10CCDAckNum	string	False	type=string, maxLength=15	
ITR.ITR2.ScheduleVIA.UsrDeductUndChapVIA.Section80RRB	integer	False	type=integer, minimum=0, maximum=99999999999999	
ITR.ITR2.ScheduleVIA.UsrDeductUndChapVIA.Form10CCEAckNum	string	False	type=string, maxLength=15	
ITR.ITR2.ScheduleVIA.UsrDeductUndChapVIA.Section80TTA	integer	False	type=integer, minimum=0, maximum=99999999999999	
ITR.ITR2.ScheduleVIA.UsrDeductUndChapVIA.Section80TTB	integer	False	type=integer, minimum=0, maximum=99999999999999	
ITR.ITR2.ScheduleVIA.UsrDeductUndChapVIA.AnyOthSec80CCH	integer	False	type=integer, minimum=0, maximum=99999999999999	
ITR.ITR2.ScheduleVIA.UsrDeductUndChapVIA.TotalChapVIADeductions	integer	False	type=integer, minimum=0, maximum=99999999999999	
ITR.ITR2.ScheduleVIA.DeductUndChapVIA.Section80C	integer	False	type=integer, minimum=0, maximum=99999999999999	
ITR.ITR2.ScheduleVIA.DeductUndChapVIA.Section80CCC	integer	False	type=integer, minimum=0, maximum=99999999999999	
ITR.ITR2.ScheduleVIA.DeductUndChapVIA.Section80CCDEmployeeOrSE	integer	False	type=integer, minimum=0, maximum=99999999999999	For Employee/SelfEmployed
ITR.ITR2.ScheduleVIA.DeductUndChapVIA.Section80CCD1B	integer	False	type=integer, minimum=0, maximum=50000	
ITR.ITR2.ScheduleVIA.DeductUndChapVIA.Section80CCDEmployer	integer	False	type=integer, minimum=0, maximum=99999999999999	
ITR.ITR2.ScheduleVIA.DeductUndChapVIA.Section80D	integer	True	type=integer, minimum=0, maximum=100000, REQUIRED	
ITR.ITR2.ScheduleVIA.DeductUndChapVIA.Section80DD	integer	False	type=integer, minimum=0, maximum=125000	
ITR.ITR2.ScheduleVIA.DeductUndChapVIA.Section80DDB	integer	False	type=integer, minimum=0, maximum=100000	
ITR.ITR2.ScheduleVIA.DeductUndChapVIA.Section80E	integer	False	type=integer, minimum=0, maximum=99999999999999	
ITR.ITR2.ScheduleVIA.DeductUndChapVIA.Section80EE	integer	False	type=integer, minimum=0, maximum=50000	
ITR.ITR2.ScheduleVIA.DeductUndChapVIA.Section80EEA	integer	False	type=integer, minimum=0, maximum=150000	
ITR.ITR2.ScheduleVIA.DeductUndChapVIA.Section80EEB	integer	False	type=integer, minimum=0, maximum=150000	
ITR.ITR2.ScheduleVIA.DeductUndChapVIA.Section80G	integer	True	type=integer, minimum=0, maximum=99999999999999, REQUIRED	
ITR.ITR2.ScheduleVIA.DeductUndChapVIA.Section80GG	integer	False	type=integer, minimum=0, maximum=60000	
ITR.ITR2.ScheduleVIA.DeductUndChapVIA.Section80GGA	integer	True	type=integer, minimum=0, maximum=99999999999999, REQUIRED	
ITR.ITR2.ScheduleVIA.DeductUndChapVIA.Section80GGC	integer	False	type=integer, minimum=0, maximum=99999999999999	
ITR.ITR2.ScheduleVIA.DeductUndChapVIA.Section80U	integer	False	type=integer, minimum=0, maximum=125000	
ITR.ITR2.ScheduleVIA.DeductUndChapVIA.Section80RRB	integer	False	type=integer, minimum=0, maximum=300000	
ITR.ITR2.ScheduleVIA.DeductUndChapVIA.Section80QQB	integer	False	type=integer, minimum=0, maximum=300000	
ITR.ITR2.ScheduleVIA.DeductUndChapVIA.Section80TTA	integer	False	type=integer, minimum=0, maximum=10000	
ITR.ITR2.ScheduleVIA.DeductUndChapVIA.Section80TTB	integer	False	type=integer, minimum=0, maximum=50000	
ITR.ITR2.ScheduleVIA.DeductUndChapVIA.AnyOthSec80CCH	integer	False	type=integer, minimum=0, maximum=288000	
ITR.ITR2.ScheduleVIA.DeductUndChapVIA.TotalChapVIADeductions	integer	True	type=integer, minimum=0, maximum=99999999999999, REQUIRED	
ITR.ITR2.Schedule80C.Schedule80CDtls[].Amount	integer	True	type=integer, minimum=0, maximum=99999999999999, REQUIRED	
ITR.ITR2.Schedule80C.Schedule80CDtls[].IdentificationNo	string	True	type=string, maxLength=50, REQUIRED	
ITR.ITR2.Schedule80C.TotalAmt	integer	True	type=integer, minimum=0, maximum=99999999999999, REQUIRED	
ITR.ITR2.Schedule80D.Sec80DSelfFamSrCtznHealth.SeniorCitizenFlag	string	False	type=string, pattern=Y|N|S	Y - Yes; N - No; S - Not claiming for Self/ Family
ITR.ITR2.Schedule80D.Sec80DSelfFamSrCtznHealth.SelfAndFamily	integer	True	type=integer, minimum=0, maximum=25000, REQUIRED	
ITR.ITR2.Schedule80D.Sec80DSelfFamSrCtznHealth.HealthInsPremSlfFam	integer	False	type=integer, minimum=0, maximum=99999999999999	
ITR.ITR2.Schedule80D.Sec80DSelfFamSrCtznHealth.Sec80DSelfFamHIDtls.Sch80DInsDtls[].InsurerName	string	True	type=string, maxLength=125, REQUIRED	
ITR.ITR2.Schedule80D.Sec80DSelfFamSrCtznHealth.Sec80DSelfFamHIDtls.Sch80DInsDtls[].PolicyNo	string	True	type=string, maxLength=75, REQUIRED	
ITR.ITR2.Schedule80D.Sec80DSelfFamSrCtznHealth.Sec80DSelfFamHIDtls.Sch80DInsDtls[].HealthInsAmt	integer	True	type=integer, minimum=0, maximum=99999999999999, REQUIRED	
ITR.ITR2.Schedule80D.Sec80DSelfFamSrCtznHealth.Sec80DSelfFamHIDtls.TotalPayments	integer	True	type=integer, minimum=0, maximum=99999999999999, REQUIRED	
ITR.ITR2.Schedule80D.Sec80DSelfFamSrCtznHealth.PrevHlthChckUpSlfFam	integer	False	type=integer, minimum=0, maximum=5000	
ITR.ITR2.Schedule80D.Sec80DSelfFamSrCtznHealth.SelfAndFamilySeniorCitizen	integer	True	type=integer, minimum=0, maximum=50000, REQUIRED	
ITR.ITR2.Schedule80D.Sec80DSelfFamSrCtznHealth.HlthInsPremSlfFamSrCtzn	integer	False	type=integer, minimum=0, maximum=99999999999999	
ITR.ITR2.Schedule80D.Sec80DSelfFamSrCtznHealth.Sec80DSelfFamSrCtznHIDtls.Sch80DInsDtls[].InsurerName	string	True	type=string, maxLength=125, REQUIRED	
ITR.ITR2.Schedule80D.Sec80DSelfFamSrCtznHealth.Sec80DSelfFamSrCtznHIDtls.Sch80DInsDtls[].PolicyNo	string	True	type=string, maxLength=75, REQUIRED	
ITR.ITR2.Schedule80D.Sec80DSelfFamSrCtznHealth.Sec80DSelfFamSrCtznHIDtls.Sch80DInsDtls[].HealthInsAmt	integer	True	type=integer, minimum=0, maximum=99999999999999, REQUIRED	
ITR.ITR2.Schedule80D.Sec80DSelfFamSrCtznHealth.Sec80DSelfFamSrCtznHIDtls.TotalPayments	integer	True	type=integer, minimum=0, maximum=99999999999999, REQUIRED	
ITR.ITR2.Schedule80D.Sec80DSelfFamSrCtznHealth.PrevHlthChckUpSlfFamSrCtzn	integer	False	type=integer, minimum=0, maximum=5000	
ITR.ITR2.Schedule80D.Sec80DSelfFamSrCtznHealth.MedicalExpSlfFamSrCtzn	integer	False	type=integer, minimum=0, maximum=99999999999999	
ITR.ITR2.Schedule80D.Sec80DSelfFamSrCtznHealth.ParentsSeniorCitizenFlag	string	False	type=string, pattern=Y|N|P	Y - Yes; N - No; P - Not claiming for Parents
ITR.ITR2.Schedule80D.Sec80DSelfFamSrCtznHealth.Parents	integer	True	type=integer, minimum=0, maximum=25000, REQUIRED	
ITR.ITR2.Schedule80D.Sec80DSelfFamSrCtznHealth.HlthInsPremParents	integer	False	type=integer, minimum=0, maximum=99999999999999	
ITR.ITR2.Schedule80D.Sec80DSelfFamSrCtznHealth.Sec80DParentsHIDtls.Sch80DInsDtls[].InsurerName	string	True	type=string, maxLength=125, REQUIRED	
ITR.ITR2.Schedule80D.Sec80DSelfFamSrCtznHealth.Sec80DParentsHIDtls.Sch80DInsDtls[].PolicyNo	string	True	type=string, maxLength=75, REQUIRED	
ITR.ITR2.Schedule80D.Sec80DSelfFamSrCtznHealth.Sec80DParentsHIDtls.Sch80DInsDtls[].HealthInsAmt	integer	True	type=integer, minimum=0, maximum=99999999999999, REQUIRED	
ITR.ITR2.Schedule80D.Sec80DSelfFamSrCtznHealth.Sec80DParentsHIDtls.TotalPayments	integer	True	type=integer, minimum=0, maximum=99999999999999, REQUIRED	
ITR.ITR2.Schedule80D.Sec80DSelfFamSrCtznHealth.PrevHlthChckUpParents	integer	False	type=integer, minimum=0, maximum=5000	
ITR.ITR2.Schedule80D.Sec80DSelfFamSrCtznHealth.ParentsSeniorCitizen	integer	True	type=integer, minimum=0, maximum=50000, REQUIRED	
ITR.ITR2.Schedule80D.Sec80DSelfFamSrCtznHealth.HlthInsPremParentsSrCtzn	integer	False	type=integer, minimum=0, maximum=99999999999999	
ITR.ITR2.Schedule80D.Sec80DSelfFamSrCtznHealth.Sec80DParentsSrCtznHIDtls.Sch80DInsDtls[].InsurerName	string	True	type=string, maxLength=125, REQUIRED	
ITR.ITR2.Schedule80D.Sec80DSelfFamSrCtznHealth.Sec80DParentsSrCtznHIDtls.Sch80DInsDtls[].PolicyNo	string	True	type=string, maxLength=75, REQUIRED	
ITR.ITR2.Schedule80D.Sec80DSelfFamSrCtznHealth.Sec80DParentsSrCtznHIDtls.Sch80DInsDtls[].HealthInsAmt	integer	True	type=integer, minimum=0, maximum=99999999999999, REQUIRED	
ITR.ITR2.Schedule80D.Sec80DSelfFamSrCtznHealth.Sec80DParentsSrCtznHIDtls.TotalPayments	integer	True	type=integer, minimum=0, maximum=99999999999999, REQUIRED	
ITR.ITR2.Schedule80D.Sec80DSelfFamSrCtznHealth.PrevHlthChckUpParentsSrCtzn	integer	False	type=integer, minimum=0, maximum=5000	
ITR.ITR2.Schedule80D.Sec80DSelfFamSrCtznHealth.MedicalExpParentsSrCtzn	integer	False	type=integer, minimum=0, maximum=99999999999999	
ITR.ITR2.Schedule80D.Sec80DSelfFamSrCtznHealth.EligibleAmountOfDedn	integer	True	type=integer, minimum=0, maximum=100000, REQUIRED	
ITR.ITR2.Schedule80G.Don100Percent.DoneeWithPan[].DoneeWithPanName	string	True	type=string, minLength=1, maxLength=125, pattern=|(\s*([\w\d_=!@#$%\^*\(\){}\[\]\|\\:;',\.\?/~`\-\+<>&][\s\w\d_=!@#$%\^*\(\){}\[\]\|\\:;',\.\?/~`\-\+<>&]*)\s*), REQUIRED	
ITR.ITR2.Schedule80G.Don100Percent.DoneeWithPan[].DoneePAN	string	True	type=string, pattern=[A-Z]{5}[0-9]{4}[A-Z], REQUIRED	
ITR.ITR2.Schedule80G.Don100Percent.DoneeWithPan[].ArnNbr	string	False	type=string, maxLength=25, pattern=|(\s*([\w\d_=!@#$%\^*\(\){}\[\]\|\\:;',\.\?/~`\-\+<>&][\s\w\d_=!@#$%\^*\(\){}\[\]\|\\:;',\.\?/~`\-\+<>&]*)\s*)	Please enter ARN (Donation reference Number)
ITR.ITR2.Schedule80G.Don100Percent.DoneeWithPan[].AddressDetail.AddrDetail	string	True	type=string, minLength=1, maxLength=200, pattern=|(\s*([\w\d_=!@#$%\^*\(\){}\[\]\|\\:;',\.\?/~`\-\+<>&][\s\w\d_=!@#$%\^*\(\){}\[\]\|\\:;',\.\?/~`\-\+<>&]*)\s*), REQUIRED	
ITR.ITR2.Schedule80G.Don100Percent.DoneeWithPan[].AddressDetail.CityOrTownOrDistrict	string	True	type=string, minLength=1, maxLength=50, pattern=|(\s*([\w\d_=!@#$%\^*\(\){}\[\]\|\\:;',\.\?/~`\-\+<>&][\s\w\d_=!@#$%\^*\(\){}\[\]\|\\:;',\.\?/~`\-\+<>&]*)\s*), REQUIRED	
ITR.ITR2.Schedule80G.Don100Percent.DoneeWithPan[].AddressDetail.StateCode	string	True	type=string, pattern=|(\s*([\w\d_=!@#$%\^*\(\){}\[\]\|\\:;',\.\?/~`\-\+<>&][\s\w\d_=!@#$%\^*\(\){}\[\]\|\\:;',\.\?/~`\-\+<>&]*)\s*), enum=['01', '02', '03', '04', '05', '06', '07', '08', '09', '10', '11', '12', '13', '14', '15', '16', '17', '18', '19', '20', '21', '22', '23', '24', '25', '26', '27…], REQUIRED	01-Andaman and Nicobar islands; 02-Andhra Pradesh; 03-Arunachal Pradesh; 04-Assam; 05-Bihar; 06-Chandigarh; 07-Dadra Nagar and Haveli; 08-Daman and Diu; 09- Delhi; 10- Goa; 11-Gujarat; 12- Haryana; 13- Himachal Pradesh; 14-Jammu and Kashmir; 15- Karnataka; 16- Kerala; 17- Lakshadweep; 18-Madhya Pradesh; 19-Maharashtra; 20-Manipur; 21-meghalaya; 22-Mizoram; 23-Nagaland; 24- Odisha; 25- Puducherry; 26- Punjab; 27-Rajasthan; 28- Sikkim; 29-Tamil Nadu; 30- Tripura; 31-Uttar Pradesh; 32- West Bengal; 33- Chhattisgarh; 34- Uttarakhand; 35- Jharkhand; 36- Telangana; 37- Ladakh
ITR.ITR2.Schedule80G.Don100Percent.DoneeWithPan[].AddressDetail.PinCode	integer	True	type=integer, minimum=100000, maximum=999999, pattern=[1-9]{1}[0-9]{5}, REQUIRED	
ITR.ITR2.Schedule80G.Don100Percent.DoneeWithPan[].DonationAmtCash	integer	True	type=integer, minimum=0, maximum=99999999999999, REQUIRED	
ITR.ITR2.Schedule80G.Don100Percent.DoneeWithPan[].DonationAmtOtherMode	integer	True	type=integer, minimum=0, maximum=99999999999999, REQUIRED	
ITR.ITR2.Schedule80G.Don100Percent.DoneeWithPan[].DonationAmt	integer	True	type=integer, minimum=0, maximum=99999999999999, REQUIRED	
ITR.ITR2.Schedule80G.Don100Percent.DoneeWithPan[].EligibleDonationAmt	integer	True	type=integer, minimum=0, maximum=99999999999999, REQUIRED	
ITR.ITR2.Schedule80G.Don100Percent.TotDon100PercentCash	integer	True	type=integer, minimum=0, maximum=99999999999999, REQUIRED	
ITR.ITR2.Schedule80G.Don100Percent.TotDon100PercentOtherMode	integer	True	type=integer, minimum=0, maximum=99999999999999, REQUIRED	
ITR.ITR2.Schedule80G.Don100Percent.TotDon100Percent	integer	True	type=integer, minimum=0, maximum=99999999999999, REQUIRED	
ITR.ITR2.Schedule80G.Don100Percent.TotEligibleDon100Percent	integer	True	type=integer, minimum=0, maximum=99999999999999, REQUIRED	
ITR.ITR2.Schedule80G.Don50PercentNoApprReqd.DoneeWithPan[].DoneeWithPanName	string	True	type=string, minLength=1, maxLength=125, pattern=|(\s*([\w\d_=!@#$%\^*\(\){}\[\]\|\\:;',\.\?/~`\-\+<>&][\s\w\d_=!@#$%\^*\(\){}\[\]\|\\:;',\.\?/~`\-\+<>&]*)\s*), REQUIRED	
ITR.ITR2.Schedule80G.Don50PercentNoApprReqd.DoneeWithPan[].DoneePAN	string	True	type=string, pattern=[A-Z]{5}[0-9]{4}[A-Z], REQUIRED	
ITR.ITR2.Schedule80G.Don50PercentNoApprReqd.DoneeWithPan[].ArnNbr	string	False	type=string, maxLength=25, pattern=|(\s*([\w\d_=!@#$%\^*\(\){}\[\]\|\\:;',\.\?/~`\-\+<>&][\s\w\d_=!@#$%\^*\(\){}\[\]\|\\:;',\.\?/~`\-\+<>&]*)\s*)	Please enter ARN (Donation reference Number)
ITR.ITR2.Schedule80G.Don50PercentNoApprReqd.DoneeWithPan[].AddressDetail.AddrDetail	string	True	type=string, minLength=1, maxLength=200, pattern=|(\s*([\w\d_=!@#$%\^*\(\){}\[\]\|\\:;',\.\?/~`\-\+<>&][\s\w\d_=!@#$%\^*\(\){}\[\]\|\\:;',\.\?/~`\-\+<>&]*)\s*), REQUIRED	
ITR.ITR2.Schedule80G.Don50PercentNoApprReqd.DoneeWithPan[].AddressDetail.CityOrTownOrDistrict	string	True	type=string, minLength=1, maxLength=50, pattern=|(\s*([\w\d_=!@#$%\^*\(\){}\[\]\|\\:;',\.\?/~`\-\+<>&][\s\w\d_=!@#$%\^*\(\){}\[\]\|\\:;',\.\?/~`\-\+<>&]*)\s*), REQUIRED	
ITR.ITR2.Schedule80G.Don50PercentNoApprReqd.DoneeWithPan[].AddressDetail.StateCode	string	True	type=string, pattern=|(\s*([\w\d_=!@#$%\^*\(\){}\[\]\|\\:;',\.\?/~`\-\+<>&][\s\w\d_=!@#$%\^*\(\){}\[\]\|\\:;',\.\?/~`\-\+<>&]*)\s*), enum=['01', '02', '03', '04', '05', '06', '07', '08', '09', '10', '11', '12', '13', '14', '15', '16', '17', '18', '19', '20', '21', '22', '23', '24', '25', '26', '27…], REQUIRED	01-Andaman and Nicobar islands; 02-Andhra Pradesh; 03-Arunachal Pradesh; 04-Assam; 05-Bihar; 06-Chandigarh; 07-Dadra Nagar and Haveli; 08-Daman and Diu; 09- Delhi; 10- Goa; 11-Gujarat; 12- Haryana; 13- Himachal Pradesh; 14-Jammu and Kashmir; 15- Karnataka; 16- Kerala; 17- Lakshadweep; 18-Madhya Pradesh; 19-Maharashtra; 20-Manipur; 21-meghalaya; 22-Mizoram; 23-Nagaland; 24- Odisha; 25- Puducherry; 26- Punjab; 27-Rajasthan; 28- Sikkim; 29-Tamil Nadu; 30- Tripura; 31-Uttar Pradesh; 32- West Bengal; 33- Chhattisgarh; 34- Uttarakhand; 35- Jharkhand; 36- Telangana; 37- Ladakh
ITR.ITR2.Schedule80G.Don50PercentNoApprReqd.DoneeWithPan[].AddressDetail.PinCode	integer	True	type=integer, minimum=100000, maximum=999999, pattern=[1-9]{1}[0-9]{5}, REQUIRED	
ITR.ITR2.Schedule80G.Don50PercentNoApprReqd.DoneeWithPan[].DonationAmtCash	integer	True	type=integer, minimum=0, maximum=99999999999999, REQUIRED	
ITR.ITR2.Schedule80G.Don50PercentNoApprReqd.DoneeWithPan[].DonationAmtOtherMode	integer	True	type=integer, minimum=0, maximum=99999999999999, REQUIRED	
ITR.ITR2.Schedule80G.Don50PercentNoApprReqd.DoneeWithPan[].DonationAmt	integer	True	type=integer, minimum=0, maximum=99999999999999, REQUIRED	
ITR.ITR2.Schedule80G.Don50PercentNoApprReqd.DoneeWithPan[].EligibleDonationAmt	integer	True	type=integer, minimum=0, maximum=99999999999999, REQUIRED	
ITR.ITR2.Schedule80G.Don50PercentNoApprReqd.TotDon50PercentNoApprReqdCash	integer	True	type=integer, minimum=0, maximum=99999999999999, REQUIRED	
ITR.ITR2.Schedule80G.Don50PercentNoApprReqd.TotDon50PercentNoApprReqdOtherMode	integer	True	type=integer, minimum=0, maximum=99999999999999, REQUIRED	
ITR.ITR2.Schedule80G.Don50PercentNoApprReqd.TotDon50PercentNoApprReqd	integer	True	type=integer, minimum=0, maximum=99999999999999, REQUIRED	
ITR.ITR2.Schedule80G.Don50PercentNoApprReqd.TotEligibleDon50Percent	integer	True	type=integer, minimum=0, maximum=99999999999999, REQUIRED	
ITR.ITR2.Schedule80G.Don100PercentApprReqd.DoneeWithPan[].DoneeWithPanName	string	True	type=string, minLength=1, maxLength=125, pattern=|(\s*([\w\d_=!@#$%\^*\(\){}\[\]\|\\:;',\.\?/~`\-\+<>&][\s\w\d_=!@#$%\^*\(\){}\[\]\|\\:;',\.\?/~`\-\+<>&]*)\s*), REQUIRED	
ITR.ITR2.Schedule80G.Don100PercentApprReqd.DoneeWithPan[].DoneePAN	string	True	type=string, pattern=[A-Z]{5}[0-9]{4}[A-Z], REQUIRED	
ITR.ITR2.Schedule80G.Don100PercentApprReqd.DoneeWithPan[].ArnNbr	string	False	type=string, maxLength=25, pattern=|(\s*([\w\d_=!@#$%\^*\(\){}\[\]\|\\:;',\.\?/~`\-\+<>&][\s\w\d_=!@#$%\^*\(\){}\[\]\|\\:;',\.\?/~`\-\+<>&]*)\s*)	Please enter ARN (Donation reference Number)
ITR.ITR2.Schedule80G.Don100PercentApprReqd.DoneeWithPan[].AddressDetail.AddrDetail	string	True	type=string, minLength=1, maxLength=200, pattern=|(\s*([\w\d_=!@#$%\^*\(\){}\[\]\|\\:;',\.\?/~`\-\+<>&][\s\w\d_=!@#$%\^*\(\){}\[\]\|\\:;',\.\?/~`\-\+<>&]*)\s*), REQUIRED	
ITR.ITR2.Schedule80G.Don100PercentApprReqd.DoneeWithPan[].AddressDetail.CityOrTownOrDistrict	string	True	type=string, minLength=1, maxLength=50, pattern=|(\s*([\w\d_=!@#$%\^*\(\){}\[\]\|\\:;',\.\?/~`\-\+<>&][\s\w\d_=!@#$%\^*\(\){}\[\]\|\\:;',\.\?/~`\-\+<>&]*)\s*), REQUIRED	
ITR.ITR2.Schedule80G.Don100PercentApprReqd.DoneeWithPan[].AddressDetail.StateCode	string	True	type=string, pattern=|(\s*([\w\d_=!@#$%\^*\(\){}\[\]\|\\:;',\.\?/~`\-\+<>&][\s\w\d_=!@#$%\^*\(\){}\[\]\|\\:;',\.\?/~`\-\+<>&]*)\s*), enum=['01', '02', '03', '04', '05', '06', '07', '08', '09', '10', '11', '12', '13', '14', '15', '16', '17', '18', '19', '20', '21', '22', '23', '24', '25', '26', '27…], REQUIRED	01-Andaman and Nicobar islands; 02-Andhra Pradesh; 03-Arunachal Pradesh; 04-Assam; 05-Bihar; 06-Chandigarh; 07-Dadra Nagar and Haveli; 08-Daman and Diu; 09- Delhi; 10- Goa; 11-Gujarat; 12- Haryana; 13- Himachal Pradesh; 14-Jammu and Kashmir; 15- Karnataka; 16- Kerala; 17- Lakshadweep; 18-Madhya Pradesh; 19-Maharashtra; 20-Manipur; 21-meghalaya; 22-Mizoram; 23-Nagaland; 24- Odisha; 25- Puducherry; 26- Punjab; 27-Rajasthan; 28- Sikkim; 29-Tamil Nadu; 30- Tripura; 31-Uttar Pradesh; 32- West Bengal; 33- Chhattisgarh; 34- Uttarakhand; 35- Jharkhand; 36- Telangana; 37- Ladakh
ITR.ITR2.Schedule80G.Don100PercentApprReqd.DoneeWithPan[].AddressDetail.PinCode	integer	True	type=integer, minimum=100000, maximum=999999, pattern=[1-9]{1}[0-9]{5}, REQUIRED	
ITR.ITR2.Schedule80G.Don100PercentApprReqd.DoneeWithPan[].DonationAmtCash	integer	True	type=integer, minimum=0, maximum=99999999999999, REQUIRED	
ITR.ITR2.Schedule80G.Don100PercentApprReqd.DoneeWithPan[].DonationAmtOtherMode	integer	True	type=integer, minimum=0, maximum=99999999999999, REQUIRED	
ITR.ITR2.Schedule80G.Don100PercentApprReqd.DoneeWithPan[].DonationAmt	integer	True	type=integer, minimum=0, maximum=99999999999999, REQUIRED	
ITR.ITR2.Schedule80G.Don100PercentApprReqd.DoneeWithPan[].EligibleDonationAmt	integer	True	type=integer, minimum=0, maximum=99999999999999, REQUIRED	
ITR.ITR2.Schedule80G.Don100PercentApprReqd.TotDon100PercentApprReqdCash	integer	True	type=integer, minimum=0, maximum=99999999999999, REQUIRED	
ITR.ITR2.Schedule80G.Don100PercentApprReqd.TotDon100PercentApprReqdOtherMode	integer	True	type=integer, minimum=0, maximum=99999999999999, REQUIRED	
ITR.ITR2.Schedule80G.Don100PercentApprReqd.TotDon100PercentApprReqd	integer	True	type=integer, minimum=0, maximum=99999999999999, REQUIRED	
ITR.ITR2.Schedule80G.Don100PercentApprReqd.TotEligibleDon100PercentApprReqd	integer	True	type=integer, minimum=0, maximum=99999999999999, REQUIRED	
ITR.ITR2.Schedule80G.Don50PercentApprReqd.DoneeWithPan[].DoneeWithPanName	string	True	type=string, minLength=1, maxLength=125, pattern=|(\s*([\w\d_=!@#$%\^*\(\){}\[\]\|\\:;',\.\?/~`\-\+<>&][\s\w\d_=!@#$%\^*\(\){}\[\]\|\\:;',\.\?/~`\-\+<>&]*)\s*), REQUIRED	
ITR.ITR2.Schedule80G.Don50PercentApprReqd.DoneeWithPan[].DoneePAN	string	True	type=string, pattern=[A-Z]{5}[0-9]{4}[A-Z], REQUIRED	
ITR.ITR2.Schedule80G.Don50PercentApprReqd.DoneeWithPan[].ArnNbr	string	False	type=string, maxLength=25, pattern=|(\s*([\w\d_=!@#$%\^*\(\){}\[\]\|\\:;',\.\?/~`\-\+<>&][\s\w\d_=!@#$%\^*\(\){}\[\]\|\\:;',\.\?/~`\-\+<>&]*)\s*)	Please enter ARN (Donation reference Number)
ITR.ITR2.Schedule80G.Don50PercentApprReqd.DoneeWithPan[].AddressDetail.AddrDetail	string	True	type=string, minLength=1, maxLength=200, pattern=|(\s*([\w\d_=!@#$%\^*\(\){}\[\]\|\\:;',\.\?/~`\-\+<>&][\s\w\d_=!@#$%\^*\(\){}\[\]\|\\:;',\.\?/~`\-\+<>&]*)\s*), REQUIRED	
ITR.ITR2.Schedule80G.Don50PercentApprReqd.DoneeWithPan[].AddressDetail.CityOrTownOrDistrict	string	True	type=string, minLength=1, maxLength=50, pattern=|(\s*([\w\d_=!@#$%\^*\(\){}\[\]\|\\:;',\.\?/~`\-\+<>&][\s\w\d_=!@#$%\^*\(\){}\[\]\|\\:;',\.\?/~`\-\+<>&]*)\s*), REQUIRED	
ITR.ITR2.Schedule80G.Don50PercentApprReqd.DoneeWithPan[].AddressDetail.StateCode	string	True	type=string, pattern=|(\s*([\w\d_=!@#$%\^*\(\){}\[\]\|\\:;',\.\?/~`\-\+<>&][\s\w\d_=!@#$%\^*\(\){}\[\]\|\\:;',\.\?/~`\-\+<>&]*)\s*), enum=['01', '02', '03', '04', '05', '06', '07', '08', '09', '10', '11', '12', '13', '14', '15', '16', '17', '18', '19', '20', '21', '22', '23', '24', '25', '26', '27…], REQUIRED	01-Andaman and Nicobar islands; 02-Andhra Pradesh; 03-Arunachal Pradesh; 04-Assam; 05-Bihar; 06-Chandigarh; 07-Dadra Nagar and Haveli; 08-Daman and Diu; 09- Delhi; 10- Goa; 11-Gujarat; 12- Haryana; 13- Himachal Pradesh; 14-Jammu and Kashmir; 15- Karnataka; 16- Kerala; 17- Lakshadweep; 18-Madhya Pradesh; 19-Maharashtra; 20-Manipur; 21-meghalaya; 22-Mizoram; 23-Nagaland; 24- Odisha; 25- Puducherry; 26- Punjab; 27-Rajasthan; 28- Sikkim; 29-Tamil Nadu; 30- Tripura; 31-Uttar Pradesh; 32- West Bengal; 33- Chhattisgarh; 34- Uttarakhand; 35- Jharkhand; 36- Telangana; 37- Ladakh
ITR.ITR2.Schedule80G.Don50PercentApprReqd.DoneeWithPan[].AddressDetail.PinCode	integer	True	type=integer, minimum=100000, maximum=999999, pattern=[1-9]{1}[0-9]{5}, REQUIRED	
ITR.ITR2.Schedule80G.Don50PercentApprReqd.DoneeWithPan[].DonationAmtCash	integer	True	type=integer, minimum=0, maximum=99999999999999, REQUIRED	
ITR.ITR2.Schedule80G.Don50PercentApprReqd.DoneeWithPan[].DonationAmtOtherMode	integer	True	type=integer, minimum=0, maximum=99999999999999, REQUIRED	
ITR.ITR2.Schedule80G.Don50PercentApprReqd.DoneeWithPan[].DonationAmt	integer	True	type=integer, minimum=0, maximum=99999999999999, REQUIRED	
ITR.ITR2.Schedule80G.Don50PercentApprReqd.DoneeWithPan[].EligibleDonationAmt	integer	True	type=integer, minimum=0, maximum=99999999999999, REQUIRED	
ITR.ITR2.Schedule80G.Don50PercentApprReqd.TotDon50PercentApprReqdCash	integer	True	type=integer, minimum=0, maximum=99999999999999, REQUIRED	
ITR.ITR2.Schedule80G.Don50PercentApprReqd.TotDon50PercentApprReqdOtherMode	integer	True	type=integer, minimum=0, maximum=99999999999999, REQUIRED	
ITR.ITR2.Schedule80G.Don50PercentApprReqd.TotDon50PercentApprReqd	integer	True	type=integer, minimum=0, maximum=99999999999999, REQUIRED	
ITR.ITR2.Schedule80G.Don50PercentApprReqd.TotEligibleDon50PercentApprReqd	integer	True	type=integer, minimum=0, maximum=99999999999999, REQUIRED	
ITR.ITR2.Schedule80G.TotalDonationsUs80GCash	integer	True	type=integer, minimum=0, maximum=99999999999999, REQUIRED	
ITR.ITR2.Schedule80G.TotalDonationsUs80GOtherMode	integer	True	type=integer, minimum=0, maximum=99999999999999, REQUIRED	
ITR.ITR2.Schedule80G.TotalDonationsUs80G	integer	True	type=integer, minimum=0, maximum=99999999999999, REQUIRED	
ITR.ITR2.Schedule80G.TotalEligibleDonationsUs80G	integer	True	type=integer, minimum=0, maximum=99999999999999, REQUIRED	
ITR.ITR2.Schedule80GGC.Schedule80GGCDetails[].DonationDate	string	True	type=string, pattern=([12]\d{3}-(0[1-9]|1[0-2])-(0[1-9]|[12]\d|3[01])), REQUIRED	Date of Donation in YYYY-MM-DD format
ITR.ITR2.Schedule80GGC.Schedule80GGCDetails[].DonationAmtCash	integer	True	type=integer, minimum=0, maximum=99999999999999, REQUIRED	
ITR.ITR2.Schedule80GGC.Schedule80GGCDetails[].DonationAmtOtherMode	integer	True	type=integer, minimum=0, maximum=99999999999999, REQUIRED	
ITR.ITR2.Schedule80GGC.Schedule80GGCDetails[].TransactionRefNum	string	False	type=string, maxLength=50	
ITR.ITR2.Schedule80GGC.Schedule80GGCDetails[].IFSCCode	string	False	type=string, maxLength=11, pattern=[A-Z]{4}[0][A-Z0-9]{6}	
ITR.ITR2.Schedule80GGC.Schedule80GGCDetails[].DonationAmt	integer	True	type=integer, minimum=0, maximum=99999999999999, REQUIRED	
ITR.ITR2.Schedule80GGC.Schedule80GGCDetails[].EligibleDonationAmt	integer	True	type=integer, minimum=0, maximum=99999999999999, REQUIRED	
ITR.ITR2.Schedule80GGC.TotalDonationAmtCash80GGC	integer	True	type=integer, minimum=0, maximum=99999999999999, REQUIRED	
ITR.ITR2.Schedule80GGC.TotalDonationAmtOtherMode80GGC	integer	True	type=integer, minimum=0, maximum=99999999999999, REQUIRED	
ITR.ITR2.Schedule80GGC.TotalDonationsUs80GGC	integer	True	type=integer, minimum=0, maximum=99999999999999, REQUIRED	
ITR.ITR2.Schedule80GGC.TotalEligibleDonationAmt80GGC	integer	True	type=integer, minimum=0, maximum=99999999999999, REQUIRED	
ITR.ITR2.Schedule80DD.NatureOfDisability	string	True	type=string, pattern=|(\s*([\w\d_=!@#$%\^*\(\){}\[\]\|\\:;',\.\?/~`\-\+<>&][\s\w\d_=!@#$%\^*\(\){}\[\]\|\\:;',\.\?/~`\-\+<>&]*)\s*), enum=['1', '2'], REQUIRED	1 : Dependent person with disability ; 2 : Dependent person with severe disability
ITR.ITR2.Schedule80DD.TypeOfDisability	string	True	type=string, pattern=|(\s*([\w\d_=!@#$%\^*\(\){}\[\]\|\\:;',\.\?/~`\-\+<>&][\s\w\d_=!@#$%\^*\(\){}\[\]\|\\:;',\.\?/~`\-\+<>&]*)\s*), enum=['1', '2'], REQUIRED	1 : autism, cerebral palsy, or multiple disabilities; 2 : others;
ITR.ITR2.Schedule80DD.DeductionAmount	integer	True	type=integer, maxLength=14, REQUIRED	
ITR.ITR2.Schedule80DD.DependentType	string	True	type=string, pattern=|(\s*([\w\d_=!@#$%\^*\(\){}\[\]\|\\:;',\.\?/~`\-\+<>&][\s\w\d_=!@#$%\^*\(\){}\[\]\|\\:;',\.\?/~`\-\+<>&]*)\s*), enum=['1', '2', '3', '4', '5', '6', '7', '8'], REQUIRED	1. Spouse; 2. Son; 3. Daughter; 4. Father; 5. Mother; 6. Brother; 7. Sister; 8. Member of the HUF (in case of HUF)
ITR.ITR2.Schedule80DD.DependentPan	string	False	type=string, pattern=[A-Z]{5}[0-9]{4}[A-Z]	
ITR.ITR2.Schedule80DD.DependentAadhaar	string	False	type=string, pattern=[0-9]{12}	
ITR.ITR2.Schedule80DD.Form10IAFilingDate	string	False	type=string, pattern=([12]\d{3}-(0[1-9]|1[0-2])-(0[1-9]|[12]\d|3[01]))	
ITR.ITR2.Schedule80DD.Form10IAAckNum	string	False	type=string, maxLength=15	
ITR.ITR2.Schedule80DD.FormAckNum11A	string	False	type=string, maxLength=15	
ITR.ITR2.Schedule80DD.UDIDNum	string	False	type=string, maxLength=18	
ITR.ITR2.Schedule80U.NatureOfDisability	string	True	type=string, pattern=|(\s*([\w\d_=!@#$%\^*\(\){}\[\]\|\\:;',\.\?/~`\-\+<>&][\s\w\d_=!@#$%\^*\(\){}\[\]\|\\:;',\.\?/~`\-\+<>&]*)\s*), enum=['1', '2'], REQUIRED	1 : Self with disability; 2 : Self with severe disability
ITR.ITR2.Schedule80U.TypeOfDisability	string	True	type=string, pattern=|(\s*([\w\d_=!@#$%\^*\(\){}\[\]\|\\:;',\.\?/~`\-\+<>&][\s\w\d_=!@#$%\^*\(\){}\[\]\|\\:;',\.\?/~`\-\+<>&]*)\s*), enum=['1', '2'], REQUIRED	1 : autism, cerebral palsy, or multiple disabilities; 2 : others;
ITR.ITR2.Schedule80U.DeductionAmount	integer	True	type=integer, maxLength=14, REQUIRED	
ITR.ITR2.Schedule80U.Form10IAFilingDate	string	False	type=string, pattern=([12]\d{3}-(0[1-9]|1[0-2])-(0[1-9]|[12]\d|3[01]))	
ITR.ITR2.Schedule80U.Form10IAAckNum	string	False	type=string, maxLength=15	
ITR.ITR2.Schedule80U.FormAckNum11A	string	False	type=string, maxLength=15	
ITR.ITR2.Schedule80U.UDIDNum	string	False	type=string, maxLength=18	
ITR.ITR2.Schedule80E.Schedule80EDtls[].LoanTknFrom	string	True	type=string, enum=['B', 'I'], REQUIRED	B: Bank, I: Institution
ITR.ITR2.Schedule80E.Schedule80EDtls[].BankOrInstnName	string	True	type=string, minLength=1, maxLength=125, pattern=|(\s*([\w\d_=!@#$%\^*\(\){}\[\]\|\\:;',\.\?/~`\-\+<>&][\s\w\d_=!@#$%\^*\(\){}\[\]\|\\:;',\.\?/~`\-\+<>&]*)\s*), REQUIRED	
ITR.ITR2.Schedule80E.Schedule80EDtls[].LoanAccNoOfBankOrInstnRefNo	string	True	type=string, minLength=1, maxLength=20, pattern=[a-zA-Z0-9]([/-]?(((\d*[1-9]\d*)*[a-zA-Z/-])|(\d*[1-9]\d*[a-zA-Z]*))+)*[0-9]*, REQUIRED	
ITR.ITR2.Schedule80E.Schedule80EDtls[].DateofLoan	string	True	type=string, pattern=([12]\d{3}-(0[1-9]|1[0-2])-(0[1-9]|[12]\d|3[01])), REQUIRED	Date in YYYY-MM-DD format
ITR.ITR2.Schedule80E.Schedule80EDtls[].TotalLoanAmt	integer	True	type=integer, minimum=0, maximum=99999999999999, REQUIRED	
ITR.ITR2.Schedule80E.Schedule80EDtls[].LoanOutstndngAmt	integer	True	type=integer, minimum=0, maximum=99999999999999, REQUIRED	
ITR.ITR2.Schedule80E.Schedule80EDtls[].Interest80E	integer	True	type=integer, minimum=0, maximum=99999999999999, REQUIRED	
ITR.ITR2.Schedule80E.TotalInterest80E	integer	True	type=integer, minimum=0, maximum=99999999999999, REQUIRED	
ITR.ITR2.Schedule80EE.Schedule80EEDtls[].LoanTknFrom	string	True	type=string, enum=['B', 'I'], REQUIRED	B: Bank, I: Institution
ITR.ITR2.Schedule80EE.Schedule80EEDtls[].BankOrInstnName	string	True	type=string, minLength=1, maxLength=125, pattern=|(\s*([\w\d_=!@#$%\^*\(\){}\[\]\|\\:;',\.\?/~`\-\+<>&][\s\w\d_=!@#$%\^*\(\){}\[\]\|\\:;',\.\?/~`\-\+<>&]*)\s*), REQUIRED	
ITR.ITR2.Schedule80EE.Schedule80EEDtls[].LoanAccNoOfBankOrInstnRefNo	string	True	type=string, minLength=1, maxLength=20, pattern=[a-zA-Z0-9]([/-]?(((\d*[1-9]\d*)*[a-zA-Z/-])|(\d*[1-9]\d*[a-zA-Z]*))+)*[0-9]*, REQUIRED	
ITR.ITR2.Schedule80EE.Schedule80EEDtls[].DateofLoan	string	True	type=string, pattern=([12]\d{3}-(0[1-9]|1[0-2])-(0[1-9]|[12]\d|3[01])), REQUIRED	Date in YYYY-MM-DD format
ITR.ITR2.Schedule80EE.Schedule80EEDtls[].TotalLoanAmt	integer	True	type=integer, minimum=0, maximum=3500000, REQUIRED	
ITR.ITR2.Schedule80EE.Schedule80EEDtls[].LoanOutstndngAmt	integer	True	type=integer, minimum=0, maximum=99999999999999, REQUIRED	
ITR.ITR2.Schedule80EE.Schedule80EEDtls[].Interest80EE	integer	True	type=integer, minimum=0, maximum=99999999999999, REQUIRED	
ITR.ITR2.Schedule80EE.TotalInterest80EE	integer	True	type=integer, minimum=0, maximum=99999999999999, REQUIRED	
ITR.ITR2.Schedule80EEA.PropStmpDtyVal	integer	True	type=integer, minimum=0, maximum=4500000, REQUIRED	
ITR.ITR2.Schedule80EEA.Schedule80EEADtls[].LoanTknFrom	string	True	type=string, enum=['B', 'I'], REQUIRED	B: Bank, I: Institution
ITR.ITR2.Schedule80EEA.Schedule80EEADtls[].BankOrInstnName	string	True	type=string, minLength=1, maxLength=125, pattern=|(\s*([\w\d_=!@#$%\^*\(\){}\[\]\|\\:;',\.\?/~`\-\+<>&][\s\w\d_=!@#$%\^*\(\){}\[\]\|\\:;',\.\?/~`\-\+<>&]*)\s*), REQUIRED	
ITR.ITR2.Schedule80EEA.Schedule80EEADtls[].LoanAccNoOfBankOrInstnRefNo	string	True	type=string, minLength=1, maxLength=20, pattern=[a-zA-Z0-9]([/-]?(((\d*[1-9]\d*)*[a-zA-Z/-])|(\d*[1-9]\d*[a-zA-Z]*))+)*[0-9]*, REQUIRED	
ITR.ITR2.Schedule80EEA.Schedule80EEADtls[].DateofLoan	string	True	type=string, pattern=([12]\d{3}-(0[1-9]|1[0-2])-(0[1-9]|[12]\d|3[01])), REQUIRED	Date in YYYY-MM-DD format
ITR.ITR2.Schedule80EEA.Schedule80EEADtls[].TotalLoanAmt	integer	True	type=integer, minimum=0, maximum=99999999999999, REQUIRED	
ITR.ITR2.Schedule80EEA.Schedule80EEADtls[].LoanOutstndngAmt	integer	True	type=integer, minimum=0, maximum=99999999999999, REQUIRED	
ITR.ITR2.Schedule80EEA.Schedule80EEADtls[].Interest80EEA	integer	True	type=integer, minimum=0, maximum=99999999999999, REQUIRED	
ITR.ITR2.Schedule80EEA.TotalInterest80EEA	integer	True	type=integer, minimum=0, maximum=99999999999999, REQUIRED	
ITR.ITR2.Schedule80EEB.Schedule80EEBDtls[].LoanTknFrom	string	True	type=string, enum=['B', 'I'], REQUIRED	B: Bank, I: Institution
ITR.ITR2.Schedule80EEB.Schedule80EEBDtls[].BankOrInstnName	string	True	type=string, minLength=1, maxLength=125, pattern=|(\s*([\w\d_=!@#$%\^*\(\){}\[\]\|\\:;',\.\?/~`\-\+<>&][\s\w\d_=!@#$%\^*\(\){}\[\]\|\\:;',\.\?/~`\-\+<>&]*)\s*), REQUIRED	
ITR.ITR2.Schedule80EEB.Schedule80EEBDtls[].LoanAccNoOfBankOrInstnRefNo	string	True	type=string, minLength=1, maxLength=20, pattern=[a-zA-Z0-9]([/-]?(((\d*[1-9]\d*)*[a-zA-Z/-])|(\d*[1-9]\d*[a-zA-Z]*))+)*[0-9]*, REQUIRED	
ITR.ITR2.Schedule80EEB.Schedule80EEBDtls[].DateofLoan	string	True	type=string, pattern=([12]\d{3}-(0[1-9]|1[0-2])-(0[1-9]|[12]\d|3[01])), REQUIRED	Date in YYYY-MM-DD format
ITR.ITR2.Schedule80EEB.Schedule80EEBDtls[].TotalLoanAmt	integer	True	type=integer, minimum=0, maximum=99999999999999, REQUIRED	
ITR.ITR2.Schedule80EEB.Schedule80EEBDtls[].LoanOutstndngAmt	integer	True	type=integer, minimum=0, maximum=99999999999999, REQUIRED	
ITR.ITR2.Schedule80EEB.Schedule80EEBDtls[].VehicleRegNo	string	True	type=string, minLength=1, maxLength=11, pattern=|(\s*([\w\d_=!@#$%\^*\(\){}\[\]\|\\:;',\.\?/~`\-\+<>&][\s\w\d_=!@#$%\^*\(\){}\[\]\|\\:;',\.\?/~`\-\+<>&]*)\s*), REQUIRED	
ITR.ITR2.Schedule80EEB.Schedule80EEBDtls[].Interest80EEB	integer	True	type=integer, minimum=0, maximum=99999999999999, REQUIRED	
ITR.ITR2.Schedule80EEB.TotalInterest80EEB	integer	True	type=integer, minimum=0, maximum=99999999999999, REQUIRED	
ITR.ITR2.Schedule80GGA.DonationDtlsSciRsrchRuralDev[].RelevantClauseUndrDedClaimed	string	True	type=string, enum=['80GGA2a', '80GGA2aa', '80GGA2b', '80GGA2bb', '80GGA2c', '80GGA2cc', '80GGA2d', '80GGA2e'], REQUIRED	80GGA(2)(a) - Sum paid to Research Association or University, college or other institution for Scientific Research; 80GGA(2)(aa) - Sum paid to Research Association or University, college or other institution for Social science or Statistical Research; 80GGA(2)(b) - Sum paid to an association or institution for Rural Development; 80GGA(2)(bb) - Sum paid to PSU or Local Authority or an association or institution approved by the National Committee for carrying out any eligible project; 80GGA(2)(c) - Sum paid to an association or institution for Conservation of Natural Resources or for afforestation; 80GGA(2)(cc) - Sum paid for Afforestation, to the funds, which are; notified by Central Govt.; 80GGA(2)(d) - Sum paid for Rural Development to the funds, which are notified by Central Govt.; 80GGA(2)(e) - Sum paid to National Urban Poverty Eradication Fund as setup and notified by Central Govt.
ITR.ITR2.Schedule80GGA.DonationDtlsSciRsrchRuralDev[].NameOfDonee	string	True	type=string, minLength=1, maxLength=125, pattern=|(\s*([\w\d_=!@#$%\^*\(\){}\[\]\|\\:;',\.\?/~`\-\+<>&][\s\w\d_=!@#$%\^*\(\){}\[\]\|\\:;',\.\?/~`\-\+<>&]*)\s*), REQUIRED	
ITR.ITR2.Schedule80GGA.DonationDtlsSciRsrchRuralDev[].AddressDetail.AddrDetail	string	True	type=string, minLength=1, maxLength=200, pattern=|(\s*([\w\d_=!@#$%\^*\(\){}\[\]\|\\:;',\.\?/~`\-\+<>&][\s\w\d_=!@#$%\^*\(\){}\[\]\|\\:;',\.\?/~`\-\+<>&]*)\s*), REQUIRED	
ITR.ITR2.Schedule80GGA.DonationDtlsSciRsrchRuralDev[].AddressDetail.CityOrTownOrDistrict	string	True	type=string, minLength=1, maxLength=50, pattern=|(\s*([\w\d_=!@#$%\^*\(\){}\[\]\|\\:;',\.\?/~`\-\+<>&][\s\w\d_=!@#$%\^*\(\){}\[\]\|\\:;',\.\?/~`\-\+<>&]*)\s*), REQUIRED	
ITR.ITR2.Schedule80GGA.DonationDtlsSciRsrchRuralDev[].AddressDetail.StateCode	string	True	type=string, pattern=|(\s*([\w\d_=!@#$%\^*\(\){}\[\]\|\\:;',\.\?/~`\-\+<>&][\s\w\d_=!@#$%\^*\(\){}\[\]\|\\:;',\.\?/~`\-\+<>&]*)\s*), enum=['01', '02', '03', '04', '05', '06', '07', '08', '09', '10', '11', '12', '13', '14', '15', '16', '17', '18', '19', '20', '21', '22', '23', '24', '25', '26', '27…], REQUIRED	01-Andaman and Nicobar islands; 02-Andhra Pradesh; 03-Arunachal Pradesh; 04-Assam; 05-Bihar; 06-Chandigarh; 07-Dadra Nagar and Haveli; 08-Daman and Diu; 09- Delhi; 10- Goa; 11-Gujarat; 12- Haryana; 13- Himachal Pradesh; 14-Jammu and Kashmir; 15- Karnataka; 16- Kerala; 17- Lakshadweep; 18-Madhya Pradesh; 19-Maharashtra; 20-Manipur; 21-meghalaya; 22-Mizoram; 23-Nagaland; 24- Odisha; 25- Puducherry; 26- Punjab; 27-Rajasthan; 28- Sikkim; 29-Tamil Nadu; 30- Tripura; 31-Uttar Pradesh; 32- West Bengal; 33- Chhattisgarh; 34- Uttarakhand; 35- Jharkhand; 36- Telangana; 37- Ladakh
ITR.ITR2.Schedule80GGA.DonationDtlsSciRsrchRuralDev[].AddressDetail.PinCode	integer	True	type=integer, minimum=100000, maximum=999999, pattern=[1-9]{1}[0-9]{5}, REQUIRED	
ITR.ITR2.Schedule80GGA.DonationDtlsSciRsrchRuralDev[].DoneePAN	string	True	type=string, pattern=[A-Z]{5}[0-9]{4}[A-Z], REQUIRED	
ITR.ITR2.Schedule80GGA.DonationDtlsSciRsrchRuralDev[].DonationAmtCash	integer	True	type=integer, minimum=0, maximum=99999999999999, REQUIRED	
ITR.ITR2.Schedule80GGA.DonationDtlsSciRsrchRuralDev[].DonationAmtOtherMode	integer	True	type=integer, minimum=0, maximum=99999999999999, REQUIRED	
ITR.ITR2.Schedule80GGA.DonationDtlsSciRsrchRuralDev[].DonationAmt	integer	True	type=integer, minimum=0, maximum=99999999999999, REQUIRED	
ITR.ITR2.Schedule80GGA.DonationDtlsSciRsrchRuralDev[].EligibleDonationAmt	integer	True	type=integer, minimum=0, maximum=99999999999999, REQUIRED	
ITR.ITR2.Schedule80GGA.TotalDonationAmtCash80GGA	integer	True	type=integer, minimum=0, maximum=99999999999999, REQUIRED	
ITR.ITR2.Schedule80GGA.TotalDonationAmtOtherMode80GGA	integer	True	type=integer, minimum=0, maximum=99999999999999, REQUIRED	
ITR.ITR2.Schedule80GGA.TotalDonationsUs80GGA	integer	True	type=integer, minimum=0, maximum=99999999999999, REQUIRED	
ITR.ITR2.Schedule80GGA.TotalEligibleDonationAmt80GGA	integer	True	type=integer, minimum=0, maximum=99999999999999, REQUIRED	
ITR.ITR2.ScheduleAMT.TotalIncItemPartBTI	integer	True	type=integer, minimum=-99999999999999, maximum=99999999999999, REQUIRED	
ITR.ITR2.ScheduleAMT.DeductionClaimUndrAnySec	integer	True	type=integer, minimum=-99999999999999, maximum=99999999999999, REQUIRED	
ITR.ITR2.ScheduleAMT.AdjustedUnderSec115JC	integer	True	type=integer, minimum=0, maximum=99999999999999, REQUIRED	
ITR.ITR2.ScheduleAMT.TaxPayableUnderSec115JC	integer	True	type=integer, minimum=0, maximum=99999999999999, REQUIRED	
ITR.ITR2.ScheduleAMTC.TaxSection115JC	integer	True	type=integer, minimum=0, maximum=99999999999999, REQUIRED	
ITR.ITR2.ScheduleAMTC.TaxOthProvisions	integer	True	type=integer, minimum=0, maximum=99999999999999, REQUIRED	
ITR.ITR2.ScheduleAMTC.AmtTaxCreditAvailable	integer	True	type=integer, minimum=0, maximum=99999999999999, REQUIRED	
ITR.ITR2.ScheduleAMTC.ScheduleAMTCDtls[].AssYr	string	True	type=string, pattern=|(\s*([\w\d_=!@#$%\^*\(\){}\[\]\|\\:;',\.\?/~`\-\+<>&][\s\w\d_=!@#$%\^*\(\){}\[\]\|\\:;',\.\?/~`\-\+<>&]*)\s*), enum=['2013-14', '2014-15', '2015-16', '2016-17', '2017-18', '2018-19', '2019-20', '2020-21', '2021-22', '2022-23', '2023-24', '2024-25'], REQUIRED	
ITR.ITR2.ScheduleAMTC.ScheduleAMTCDtls[].Gross	integer	True	type=integer, minimum=0, maximum=99999999999999, REQUIRED	
ITR.ITR2.ScheduleAMTC.ScheduleAMTCDtls[].AmtCreditSetOfEy	integer	True	type=integer, minimum=0, maximum=99999999999999, REQUIRED	
ITR.ITR2.ScheduleAMTC.ScheduleAMTCDtls[].AmtCreditBalBroughtFwd	integer	True	type=integer, minimum=0, maximum=99999999999999, REQUIRED	
ITR.ITR2.ScheduleAMTC.ScheduleAMTCDtls[].AmtCreditUtilized	integer	True	type=integer, minimum=0, maximum=99999999999999, REQUIRED	
ITR.ITR2.ScheduleAMTC.ScheduleAMTCDtls[].BalAmtCreditCarryFwd	integer	True	type=integer, minimum=0, maximum=99999999999999, REQUIRED	
ITR.ITR2.ScheduleAMTC.CurrAssYr	string	False	type=string, pattern=|(\s*([\w\d_=!@#$%\^*\(\){}\[\]\|\\:;',\.\?/~`\-\+<>&][\s\w\d_=!@#$%\^*\(\){}\[\]\|\\:;',\.\?/~`\-\+<>&]*)\s*), enum=['2025-26']	
ITR.ITR2.ScheduleAMTC.CurrYrAmtCreditFwd	integer	True	type=integer, minimum=0, maximum=99999999999999, REQUIRED	
ITR.ITR2.ScheduleAMTC.CurrYrCreditCarryFwd	integer	True	type=integer, minimum=0, maximum=99999999999999, REQUIRED	
ITR.ITR2.ScheduleAMTC.TotAMTGross	integer	True	type=integer, minimum=0, maximum=99999999999999, REQUIRED	
ITR.ITR2.ScheduleAMTC.TotSetOffEys	integer	True	type=integer, minimum=0, maximum=99999999999999, REQUIRED	
ITR.ITR2.ScheduleAMTC.TotBalBF	integer	True	type=integer, minimum=0, maximum=99999999999999, REQUIRED	
ITR.ITR2.ScheduleAMTC.TotAmtCreditUtilisedCY	integer	False	type=integer, minimum=0, maximum=99999999999999	
ITR.ITR2.ScheduleAMTC.TotBalAMTCreditCF	integer	True	type=integer, minimum=0, maximum=99999999999999, REQUIRED	
ITR.ITR2.ScheduleAMTC.TaxSection115JD	integer	True	type=integer, minimum=0, maximum=99999999999999, REQUIRED	
ITR.ITR2.ScheduleAMTC.AmtLiabilityAvailable	integer	True	type=integer, minimum=0, maximum=99999999999999, REQUIRED	
ITR.ITR2.ScheduleSPI.SpecifiedPerson[].SpecifiedPersonName	string	True	type=string, minLength=1, maxLength=125, pattern=|(\s*([\w\d_=!@#$%\^*\(\){}\[\]\|\\:;',\.\?/~`\-\+<>&][\s\w\d_=!@#$%\^*\(\){}\[\]\|\\:;',\.\?/~`\-\+<>&]*)\s*), REQUIRED	
ITR.ITR2.ScheduleSPI.SpecifiedPerson[].PANofSpecPerson	string	False	type=string, pattern=[A-Z]{5}[0-9]{4}[A-Z]	
ITR.ITR2.ScheduleSPI.SpecifiedPerson[].AaadhaarOfSpecPerson	string	False	type=string, pattern=[0-9]{12}	
ITR.ITR2.ScheduleSPI.SpecifiedPerson[].ReltnShip	string	True	type=string, minLength=1, maxLength=50, pattern=|(\s*([\w\d_=!@#$%\^*\(\){}\[\]\|\\:;',\.\?/~`\-\+<>&][\s\w\d_=!@#$%\^*\(\){}\[\]\|\\:;',\.\?/~`\-\+<>&]*)\s*), REQUIRED	
ITR.ITR2.ScheduleSPI.SpecifiedPerson[].AmtIncluded	integer	True	type=integer, minimum=-99999999999999, maximum=99999999999999, REQUIRED	
ITR.ITR2.ScheduleSPI.SpecifiedPerson[].HeadIncIncluded	string	True	type=string, pattern=|(\s*([\w\d_=!@#$%\^*\(\){}\[\]\|\\:;',\.\?/~`\-\+<>&][\s\w\d_=!@#$%\^*\(\){}\[\]\|\\:;',\.\?/~`\-\+<>&]*)\s*), enum=['SA', 'HP', 'CG', 'OS', 'EI'], REQUIRED	SA - Salary; HP - House Property; CG - Capital Gain; OS - Other sources; EI - Exempt Income
ITR.ITR2.ScheduleSI.SplCodeRateTax[].SecCode	string	True	type=string, pattern=|(\s*([\w\d_=!@#$%\^*\(\){}\[\]\|\\:;',\.\?/~`\-\+<>&][\s\w\d_=!@#$%\^*\(\){}\[\]\|\\:;',\.\?/~`\-\+<>&]*)\s*), enum=['1', '1A_BE', '1A', '21_BE', '21', '22_BE', '22', '21ciii_BE', '21ciii', '2A_BE', '2A', '5A1ai', '5A1aA', '5A1aii', '5A1aiia', '5A1aiiaa', '5A1aiiaaP', '5A1aii…], REQUIRED	1:111 - Tax on accumulated balance of recognised PF; 1A_BE:111A (STCG on shares where STT paid) where transfer before 23rd july 2024; 1A:111A (STCG on shares where STT paid) where transfer on or after 23rd july 2024; 21_BE:112 Long term capital gains (with indexing) where transfer before 23rd july 2024; 21:112 Long term capital gains (with indexing) where transfer on or after 23rd july 2024;22_BE:Proviso To 112(1) Long term capital gains before 23rd July 2024 ; 22:112 Long term capital gains (without indexing) on or after 23rd July 2024 ; 21ciii_BE:112(1)(c)(iii)(Long term capital gains on transfer of unlisted securities in the case of non-residents) where transfer before 23rd July 2024; 21ciii:112(1)(c)(iii)(Long term capital gains on transfer of unlisted securities in the case of non-residents) where transfer on or after 23rd July 2024; 2A_BE:112A-LTCG on equity shares/units of equity oriented fund/units of business trust on which STT is paid where transfer before 23rd july 2024; 2A:112A-LTCG on equity shares/units of equity oriented fund/units of business trust on which STT is paid where transfer on or after 23rd july 2024; 5A1ai:115A(1)(a)(i)- Dividends interest and income from units purchase in foreign currency; 5A1aA:115A(1)(a)(A)- Dividend in the case of non-resident received from a unit in an International Financial Services Centre; 5A1aii:115A(1)(a)(ii)- Interest received from govt/Indian Concerns recived in Foreign Currency; 5A1aiia:115A(1) (a)(iia) -Interest from Infrastructure Debt Fund; 5A1aiiaa:115A(1) (a)(iiaa) -Interest as per Sec. 194LC(1); 5A1aiiaaP:115A(1) (a)(iiaa) -Income received by non-resident as referred in proviso to section 194LC(1); 5A1aiiab:115A(1) (a)(iiab) -Interest as per Sec. 194LD; 5A1aiiac: 115A(1)(a)(iiac) -Interest as per Sec. 194LBA; 5A1aiii:115A(1) (a)(iii) - Income received in respect of units of UTI purchased in Foreign Currency; 5A1bA:115A(1)(b)(A) & 115A(1)(b)(B)- Income from royalty & technical services; 5AC1ab:115AC(1)(a) - Income by way of interest on bonds purchased in foreign currency - non-resident; 5AC1abD - 115AC(1)(b) - Income by way of Dividend on GDRs purchased in foreign currency - non-resident; 5AC1c_BE:115AC(1)(c)_BE -LTCG arising from the transfer of bonds or GDR purchased in foreign currency - non-resident where transfer before 23rd july 2024; 5AC1c:115AC(1)(c) -LTCG arising from the transfer of bonds or GDR purchased in foreign currency - non-resident where transfer on or after 23rd july 2024; 5ACA1a:115ACA(1)(a) - Income from GDR purchased in foreign currency -resident; 5ACA1b_BE:115ACA(1)(b) - LTCG arising from the transfer of GDR purchased in foreign currency -resident where transfer before 23rd july 2024; 5ACA1b:115ACA(1)(b) - LTCG arising from the transfer of GDR purchased in foreign currency -resident where transfer on or after 23rd july 2024; 5AD1i:115AD(1)(i) -Income (other than Dividend) received by an FII in respect of securities (other than units as per Sec 115AB); 5AD1iDiv - 115AD(1)(i) - Income (being dividend) received by an FII in respect of securities (other than units referred to in section 115AB); 5AD1iP:115AD(1)(i) -Income received by an FII in respect of bonds or government securities as per Sec 194LD ; 5ADii:115AD(1)(ii) -STCG (other than on equity share or equity oriented mutual fund referred to in section 111A) by an FII; 5AD1biip_BE:115AD(1)(b)(ii)- Short term capital gains referred to in section 111A where transfer before 23rd july 2024; 5AD1biip:115AD(1)(b)(ii)- Short term capital gains referred to in section 111A where transfer on or after 23rd july 2024; 5ADiii:115AD(1)(iii)-Long term capital gains by an FII; 5ADiiiP_BE: 115AD(1)(b)(iii) Proviso- For NON-RESIDENTS from sale of equity share in a company or unit of equity oriented fund or unit of a business trust on which STT is paid under section 112A [where transfer was before 23rd July 2024 as applicable]; 5ADiiiP:115AD(1)(b)(iii) Proviso- For NON-RESIDENTS from sale of equity share in a company or unit of equity oriented fund or unit of a business trust on which STT is paid under section 112A [where transfer was on or after 23rd July 2024 as applicable]; 5BB:115BB (Winnings from lotteries, crosswords puzzles, races including horse races, card games and other games of any sort or gambling or betting of any form or nature whatsoever);5BBJ: 115BBJ - Winnings from online games; 5BBA:115BBA - Tax on non-residents sportsmen or sports associations; 5BBE:115BBE - Tax on income referred to in sections 68 or 69 or 69A or 69B or 69C or 69D; 5BBF:115BBF -Tax on income from patent; 5BBG - 115BBG -Tax on income from transfer of carbon credits; 5BBH - 115BBH - VDA; 5Ea:115E(a) - Investment income; 5Eb_BE:115E(b) - Long term capital gains of a non-resident Indian on any foreign exchange asset [where transfer was before 23rd July 2024 as applicable]; 5Eb:115E(b) - Long term capital gains of a non-resident Indian on any foreign exchange asset [where transfer was on or after 23rd July 2024 as applicable]; DTAASTCG:STCGDTAARate - STCG Chargeable at special rates in India as per DTAA; DTAALTCG:LTCGDTAARate - LTCG Chargeable at special rates in India as per DTAA; DTAAOS:OSDTAARate - Other source income chargeable under DTAA rates; PTI_STCG15P - Pass Through Income in the nature of Short Term Capital Gain chargeable @ 15% Under Section 111A; PTI_STCG20P - Pass Through Income in the nature of Short Term Capital Gain chargeable @ 20% Under Section 111A; PTI_STCG30P - Pass Through Income in the nature of Short Term Capital Gain chargeable @ 30%; PTI_LTCG10P112A - Pass Through Income in the nature of Long Term Capital Gain chargeable @ 10% u/s 112A; PTI_LTCG10P - Pass Through Income in the nature of Long Term Capital Gain chargeable @ 10% u/s other than u/s 112A; PTI_LTCG12_5P112A - Pass Through Income in the nature of Long Term Capital Gain chargeable @ 12.5% u/s 112A; PTI_LTCG12_5P - Pass Through Income in the nature of Long Term Capital Gain chargeable @ 12.5%; PTI_LTCG20P - Pass Through Income in the nature of Long Term Capital Gain chargeable @ 20%; PTI_5A1ai - PTI-115A(1)(a)(i)- Dividends interest and income from units purchase in foreign currency; PTI_5A1aA - PTI-115A(1)(a)(A)- PTI-Dividend in the case of non-residents received from a unit in an International Financial Services Centre; PTI_5A1aii - PTI-115A(1)(a)(ii)- Interest received from govt/Indian Concerns received in Foreign Currency; PTI_5A1aiia - PTI-115A(1) (a)(iia) -Interest from Infrastructure Debt Fund; PTI_5A1aiiaa - PTI-115A(1) (a)(iiaa) -Interest as per Sec. 194LC(1); PTI_5A1aiiaaP - PTI-115A(1)(a)(iiaa) -Income received by non-resident as referred in proviso to section 194LC(1); PTI_5A1aiiab - PTI-115A(1) (a)(iiab) -Interest as per Sec. 194LD; PTI_5A1aiiac - PTI-115A(1) (a)(iiac) -Interest as per Sec. 194LBA; PTI_5A1aiii - PTI-115A(1) (a)(iii) -Income received in respect of units of UTI purchased in foreign currency; PTI_5A1bA - PTI-115A(1)(b)(A) & PTI-115A(1)(b)(B)- Income from royalty & technical services; PTI_5AC1ab - PTI-115AC(1)(a) - Income by way of interest on bonds purchased in foreign currency - non-resident; PTI_5AC1abD - PTI-115AC(1)(b) - Income by way of Dividend on GDRs purchased in foreign currency - non-resident; PTI_5ACA1a - PTI-115ACA(1)(a) - Income from GDR purchased in foreign currency - resident; PTI_5AD1i - PTI-115AD(1)(i) -Income(other than Dividend) received by an FII in respect of securities (other than units as per Sec 115AB); PTI_5AD1iDiv - PTI-115AD(1)(i) - Income (being dividend) received by an FII in respect of securities (other than units referred to in section 115AB); PTI_5AD1iP - PTI-115AD(1)(i) -Income received by an FII in respect of bonds or government securities as per Sec 194LD; PTI_5BBA - PTI-115BBA - Tax on non-residents sportsmen or sports associations; PTI_5BBG - PTI-115BBG - Tax on income from transfer of carbon credits; PTI_5Ea - PTI-115E(a) - Investment income
ITR.ITR2.ScheduleSI.SplCodeRateTax[].SplRatePercent	number	True	type=number, enum=[1, 5, 10, 15, 12.5, 20, 25, 30, 50, 60, 4], REQUIRED	
ITR.ITR2.ScheduleSI.SplCodeRateTax[].SplRateInc	integer	True	type=integer, minimum=0, maximum=99999999999999, REQUIRED	
ITR.ITR2.ScheduleSI.SplCodeRateTax[].SplRateIncTax	integer	True	type=integer, minimum=0, maximum=99999999999999, REQUIRED	
ITR.ITR2.ScheduleSI.TotSplRateInc	integer	True	type=integer, minimum=0, maximum=99999999999999, REQUIRED	
ITR.ITR2.ScheduleSI.TotSplRateIncTax	integer	True	type=integer, minimum=0, maximum=99999999999999, REQUIRED	
ITR.ITR2.ScheduleEI.InterestInc	integer	False	type=integer, minimum=0, maximum=99999999999999	
ITR.ITR2.ScheduleEI.GrossAgriRecpt	integer	False	type=integer, minimum=0, maximum=99999999999999	
ITR.ITR2.ScheduleEI.ExpIncAgri	integer	False	type=integer, minimum=0, maximum=99999999999999	
ITR.ITR2.ScheduleEI.UnabAgriLossPrev8	integer	False	type=integer, minimum=0, maximum=99999999999999	
ITR.ITR2.ScheduleEI.NetAgriIncOrOthrIncRule7	integer	True	type=integer, minimum=0, maximum=99999999999999, REQUIRED	
ITR.ITR2.ScheduleEI.ExcNetAgriInc.ExcNetAgriIncDtls[].NameOfDistrict	string	True	type=string, minLength=1, maxLength=125, pattern=|(\s*([\w\d_=!@#$%\^*\(\){}\[\]\|\\:;',\.\?/~`\-\+<>&][\s\w\d_=!@#$%\^*\(\){}\[\]\|\\:;',\.\?/~`\-\+<>&]*)\s*), REQUIRED	
ITR.ITR2.ScheduleEI.ExcNetAgriInc.ExcNetAgriIncDtls[].PinCode	integer	True	type=integer, minimum=100000, maximum=999999, pattern=[1-9]{1}[0-9]{5}, REQUIRED	
ITR.ITR2.ScheduleEI.ExcNetAgriInc.ExcNetAgriIncDtls[].MeasurementOfLand	number	True	type=number, REQUIRED	
ITR.ITR2.ScheduleEI.ExcNetAgriInc.ExcNetAgriIncDtls[].AgriLandOwnedFlag	string	True	type=string, pattern=|(\s*([\w\d_=!@#$%\^*\(\){}\[\]\|\\:;',\.\?/~`\-\+<>&][\s\w\d_=!@#$%\^*\(\){}\[\]\|\\:;',\.\?/~`\-\+<>&]*)\s*), enum=['O', 'H'], REQUIRED	O - Owned; H - Held on lease
ITR.ITR2.ScheduleEI.ExcNetAgriInc.ExcNetAgriIncDtls[].AgriLandIrrigatedFlag	string	True	type=string, pattern=|(\s*([\w\d_=!@#$%\^*\(\){}\[\]\|\\:;',\.\?/~`\-\+<>&][\s\w\d_=!@#$%\^*\(\){}\[\]\|\\:;',\.\?/~`\-\+<>&]*)\s*), enum=['IRG', 'RF'], REQUIRED	IRG - Irrigated; RF - Rain-fed
ITR.ITR2.ScheduleEI.OthersInc.OthersIncDtls[].NatureDesc	string	True	type=string, pattern=|(\s*([\w\d_=!@#$%\^*\(\){}\[\]\|\\:;',\.\?/~`\-\+<>&][\s\w\d_=!@#$%\^*\(\){}\[\]\|\\:;',\.\?/~`\-\+<>&]*)\s*), enum=['10(10BC)', '10(10D)', '10(11)', '10(12)', '10(12C)', '10(13)', '10(16)', '10(17)', '10(17A)', '10(18)', 'DMDP', '10(19)', '10(26)', '10(26AAA)', 'OTH'], REQUIRED	10(10BC): Sec 10(10BC)-Any amount from the Central/State Govt./local authority by way of compensation on account of any disaster; 10(10D) : Sec 10(10D)- Any sum received under a life insurance policy except mentioned in sub-clause (a) to (d); 10(11) : Sec 10(11)-Statuory Provident Fund received; 10(12) : Sec 10(12)-Recognised Provident Fund received; 10(12C) : Sec 10(12C)-Any payment from the Agniveer Corpus Fund to a person enrolled under the Agnipath Scheme, or to his nominee.; 10(13) : Sec 10(13)-Approved superannuation fund received; 10(16) : Sec 10(16)-Scholarships granted to meet the cost of education; 10(17) : Sec 10(17)-Allownace MP/MLA/MLC; 10(17A) : Sec 10(17A)-Award instituted by Government; 10(18) : Sec 10(18)-Pension received by winner of Param Vir Chakra or Maha Vir Chakra or Vir Chakra or such other gallantry award; DMDP : Defense medical disability pension; 10(19) : Sec 10(19)-Armed Forces Family pension in case of death during operational duty; 10(26) : Sec 10(26)-Any income as referred to in section 10(26); 10(26AAA): Sec 10(26AAA)-Any income as referred to in section 10(26AAA); OTH : Any Other
ITR.ITR2.ScheduleEI.OthersInc.OthersIncDtls[].OthNatOfInc	string	False	type=string, maxLength=125, pattern=|(\s*([\w\d_=!@#$%\^*\(\){}\[\]\|\\:;',\.\?/~`\-\+<>&][\s\w\d_=!@#$%\^*\(\){}\[\]\|\\:;',\.\?/~`\-\+<>&]*)\s*)	
ITR.ITR2.ScheduleEI.OthersInc.OthersIncDtls[].OthAmount	integer	True	type=integer, minimum=0, maximum=99999999999999, REQUIRED	
ITR.ITR2.ScheduleEI.Others	integer	True	type=integer, minimum=0, maximum=99999999999999, REQUIRED	
ITR.ITR2.ScheduleEI.IncNotChrgblAsPerDTAA.IncNotChrgblAsPerDTAADtls[].AmountOfIncome	integer	True	type=integer, minimum=0, maximum=99999999999999, REQUIRED	
ITR.ITR2.ScheduleEI.IncNotChrgblAsPerDTAA.IncNotChrgblAsPerDTAADtls[].NatureOfIncome	string	True	type=string, minLength=1, maxLength=75, pattern=|(\s*([\w\d_=!@#$%\^*\(\){}\[\]\|\\:;',\.\?/~`\-\+<>&][\s\w\d_=!@#$%\^*\(\){}\[\]\|\\:;',\.\?/~`\-\+<>&]*)\s*), REQUIRED	
ITR.ITR2.ScheduleEI.IncNotChrgblAsPerDTAA.IncNotChrgblAsPerDTAADtls[].CountryName	string	True	type=string, minLength=1, maxLength=55, pattern=|(\s*([\w\d_=!@#$%\^*\(\){}\[\]\|\\:;',\.\?/~`\-\+<>&][\s\w\d_=!@#$%\^*\(\){}\[\]\|\\:;',\.\?/~`\-\+<>&]*)\s*), REQUIRED	
ITR.ITR2.ScheduleEI.IncNotChrgblAsPerDTAA.IncNotChrgblAsPerDTAADtls[].CountryCodeExcludingIndia	string	True	type=string, pattern=|(\s*([\w\d_=!@#$%\^*\(\){}\[\]\|\\:;',\.\?/~`\-\+<>&][\s\w\d_=!@#$%\^*\(\){}\[\]\|\\:;',\.\?/~`\-\+<>&]*)\s*), enum=['93', '1001', '355', '213', '684', '376', '244', '1264', '1010', '1268', '54', '374', '297', '61', '43', '994', '1242', '973', '880', '1246', '375', '32', '501…], REQUIRED	93:AFGHANISTAN; 1001:ÅLAND ISLANDS; 355:ALBANIA; 213:ALGERIA; 684:AMERICAN SAMOA; 376:ANDORRA; 244:ANGOLA; 1264:ANGUILLA; 1010:ANTARCTICA; 1268:ANTIGUA AND BARBUDA; 54:ARGENTINA; 374:ARMENIA; 297:ARUBA; 61:AUSTRALIA; 43:AUSTRIA; 994:AZERBAIJAN; 1242:BAHAMAS; 973:BAHRAIN; 880:BANGLADESH; 1246:BARBADOS; 375:BELARUS; 32:BELGIUM; 501:BELIZE; 229:BENIN; 1441:BERMUDA; 975:BHUTAN; 591:BOLIVIA (PLURINATIONAL STATE OF); 1002:BONAIRE, SINT EUSTATIUS AND SABA; 387:BOSNIA AND HERZEGOVINA; 267:BOTSWANA; 1003:BOUVET ISLAND; 55:BRAZIL; 1014:BRITISH INDIAN OCEAN TERRITORY; 673:BRUNEI DARUSSALAM; 359:BULGARIA; 226: BURKINA FASO; 257:BURUNDI; 238:CABO VERDE; 855:CAMBODIA; 237:CAMEROON; 1:CANADA; 1345:CAYMAN ISLANDS; 236:CENTRAL AFRICAN REPUBLIC; 235:CHAD; 56:CHILE; 86:CHINA; 9:CHRISTMAS ISLAND; 672:COCOS (KEELING) ISLANDS; 57:COLOMBIA; 270:COMOROS; 242:CONGO; 243:CONGO (DEMOCRATIC REPUBLIC OF THE); 682:COOK ISLANDS; 506:COSTA RICA; 225:CÔTE D'IVOIRE; 385:CROATIA; 53:CUBA; 1015:CURAÇAO; 357:CYPRUS; 420:CZECHIA; 45:DENMARK; 253:DJIBOUTI; 1767:DOMINICA; 1809:DOMINICAN REPUBLIC; 593:ECUADOR; 20:EGYPT; 503:EL SALVADOR; 240:EQUATORIAL GUINEA; 291:ERITREA; 372:ESTONIA; 251:ETHIOPIA; 500:FALKLAND ISLANDS (MALVINAS); 298:FAROE ISLANDS; 679:FIJI; 358:FINLAND; 33:FRANCE; 594:FRENCH GUIANA; 689:FRENCH POLYNESIA; 1004:FRENCH SOUTHERN TERRITORIES; 241:GABON; 220:GAMBIA; 995:GEORGIA; 49:GERMANY; 233:GHANA; 350:GIBRALTAR; 30:GREECE; 299:GREENLAND; 1473:GRENADA; 590:GUADELOUPE; 1671:GUAM; 502:GUATEMALA; 1481:GUERNSEY; 224:GUINEA; 245:GUINEA-BISSAU; 592:GUYANA; 509:HAITI; 1005:HEARD ISLAND AND MCDONALD ISLANDS; 6:HOLY SEE; 504:HONDURAS; 852:HONG KONG; 36:HUNGARY; 354:ICELAND; 62:INDONESIA; 98:IRAN (ISLAMIC REPUBLIC OF); 964:IRAQ; 353:IRELAND; 1624:ISLE OF MAN; 972:ISRAEL; 5:ITALY; 1876:JAMAICA; 81:JAPAN; 1534:JERSEY; 962:JORDAN; 7:KAZAKHSTAN; 254:KENYA; 686:KIRIBATI; 850:KOREA(DEMOCRATIC PEOPLE'S REPUBLIC OF); 82:KOREA (REPUBLIC OF); 965:KUWAIT; 996:KYRGYZSTAN; 856:LAO PEOPLE'S DEMOCRATIC REPUBLIC; 371:LATVIA; 961:LEBANON; 266:LESOTHO; 231:LIBERIA; 218:LIBYA; 423:LIECHTENSTEIN; 370:LITHUANIA; 352:LUXEMBOURG; 853:MACAO; 389:MACEDONIA(THE FORMER YUGOSLAV REPUBLIC OF); 261:MADAGASCAR; 265:MALAWI; 60:MALAYSIA; 960:MALDIVES; 223:MALI; 356:MALTA; 692:MARSHALL ISLANDS; 596:MARTINIQUE; 222:MAURITANIA; 230:MAURITIUS; 269:MAYOTTE; 52:MEXICO; 691:MICRONESIA (FEDERATED STATES OF); 373:MOLDOVA (REPUBLIC OF); 377:MONACO; 976:MONGOLIA; 382:MONTENEGRO; 1664:MONTSERRAT; 212:MOROCCO; 258:MOZAMBIQUE; 95:MYANMAR; 264:NAMIBIA; 674:NAURU; 977:NEPAL; 31:NETHERLANDS; 687:NEW CALEDONIA; 64:NEW ZEALAND; 505:NICARAGUA; 227:NIGER; 234:NIGERIA; 683:NIUE; 15:NORFOLK ISLAND; 1670:NORTHERN MARIANA ISLANDS; 47:NORWAY; 968:OMAN; 92:PAKISTAN; 680:PALAU; 970:PALESTINE, STATE OF; 507:PANAMA; 675:PAPUA NEW GUINEA; 595:PARAGUAY; 51:PERU; 63:PHILIPPINES; 1011:PITCAIRN; 48:POLAND; 14:PORTUGAL; 1787:PUERTO RICO; 974:QATAR; 262:RÉUNION; 40:ROMANIA; 8:RUSSIAN FEDERATION; 250:RWANDA; 1006:SAINT BARTHÉLEMY; 290: SAINT HELENA, ASCENSION AND TRISTAN DA CUNHA; 1869:SAINT KITTS AND NEVIS; 1758:SAINT LUCIA; 1007:SAINT MARTIN (FRENCH PART); 508:SAINT PIERRE AND MIQUELON; 1784:SAINT VINCENT AND THE GRENADINES; 685:SAMOA; 378:SAN MARINO; 239:SAO TOME AND PRINCIPE; 966:SAUDI ARABIA; 221:SENEGAL; 381:SERBIA; 248:SEYCHELLES; 232:SIERRA LEONE; 65:SINGAPORE; 1721:SINT MAARTEN (DUTCH PART); 421:SLOVAKIA; 386:SLOVENIA; 677:SOLOMON ISLANDS; 252:SOMALIA; 28:SOUTH AFRICA; 1008:SOUTH GEORGIA AND THE SOUTH SANDWICH ISLANDS; 211:SOUTH SUDAN; 35:SPAIN; 94:SRI LANKA; 249:SUDAN; 597:SURINAME; 1012:SVALBARD AND JAN MAYEN; 268:SWAZILAND; 46:SWEDEN; 41:SWITZERLAND; 963:SYRIAN ARAB REPUBLIC; 886:TAIWAN; 992:TAJIKISTAN; 255:TANZANIA, UNITED REPUBLIC OF; 66:THAILAND; 670:TIMOR-LESTE (EAST TIMOR); 228:TOGO; 690:TOKELAU; 676:TONGA; 1868:TRINIDAD AND TOBAGO; 216:TUNISIA; 90:TURKEY; 993:TURKMENISTAN; 1649:TURKS AND CAICOS ISLANDS; 688:TUVALU; 256:UGANDA; 380:UKRAINE; 971:UNITED ARAB EMIRATES; 44:UNITED KINGDOM OF GREAT BRITAIN AND NORTHERN IRELAND; 2:UNITED STATES OF AMERICA; 1009:UNITED STATES MINOR OUTLYING ISLANDS; 598:URUGUAY; 998:UZBEKISTAN; 678:VANUATU; 58:VENEZUELA (BOLIVARIAN REPUBLIC OF); 84:VIET NAM; 1284:VIRGIN ISLANDS (BRITISH); 1340:VIRGIN ISLANDS (U.S.); 681:WALLIS AND FUTUNA; 1013:WESTERN SAHARA; 967:YEMEN; 260:ZAMBIA; 263:ZIMBABWE; 9999:OTHERS
ITR.ITR2.ScheduleEI.IncNotChrgblAsPerDTAA.IncNotChrgblAsPerDTAADtls[].ArticleOfDTAA	string	True	type=string, minLength=1, maxLength=16, pattern=|(\s*([\w\d_=!@#$%\^*\(\){}\[\]\|\\:;',\.\?/~`\-\+<>&][\s\w\d_=!@#$%\^*\(\){}\[\]\|\\:;',\.\?/~`\-\+<>&]*)\s*), REQUIRED	
ITR.ITR2.ScheduleEI.IncNotChrgblAsPerDTAA.IncNotChrgblAsPerDTAADtls[].HeadOfIncome	string	True	type=string, pattern=|(\s*([\w\d_=!@#$%\^*\(\){}\[\]\|\\:;',\.\?/~`\-\+<>&][\s\w\d_=!@#$%\^*\(\){}\[\]\|\\:;',\.\?/~`\-\+<>&]*)\s*), enum=['SA', 'HP', 'CG', 'OS'], REQUIRED	SA - Salary; HP - House Property; CG - Capital Gain; OS - Other sources
ITR.ITR2.ScheduleEI.IncNotChrgblAsPerDTAA.IncNotChrgblAsPerDTAADtls[].TRCFlag	string	True	type=string, pattern=|(\s*([\w\d_=!@#$%\^*\(\){}\[\]\|\\:;',\.\?/~`\-\+<>&][\s\w\d_=!@#$%\^*\(\){}\[\]\|\\:;',\.\?/~`\-\+<>&]*)\s*), enum=['Y', 'N'], REQUIRED	Y - Yes; N - No
ITR.ITR2.ScheduleEI.IncNotChrgblToTax	integer	True	type=integer, minimum=0, maximum=99999999999999, REQUIRED	
ITR.ITR2.ScheduleEI.PassThrIncNotChrgblTax	integer	False	type=integer, minimum=0, maximum=99999999999999	
ITR.ITR2.ScheduleEI.TotalExemptInc	integer	True	type=integer, minimum=0, maximum=99999999999999, REQUIRED	
ITR.ITR2.SchedulePTI.SchedulePTIDtls[].InvstmntCvrdUs115UA115UB	string	True	type=string, pattern=A|B|C, REQUIRED	A - 115UA; B - 115UB; C - 115U
ITR.ITR2.SchedulePTI.SchedulePTIDtls[].BusinessName	string	True	type=string, minLength=1, maxLength=125, pattern=|(\s*([\w\d_=!@#$%\^*\(\){}\[\]\|\\:;',\.\?/~`\-\+<>&][\s\w\d_=!@#$%\^*\(\){}\[\]\|\\:;',\.\?/~`\-\+<>&]*)\s*), REQUIRED	
ITR.ITR2.SchedulePTI.SchedulePTIDtls[].BusinessPAN	string	True	type=string, pattern=[A-Z]{5}[0-9]{4}[A-Z], REQUIRED	
ITR.ITR2.SchedulePTI.SchedulePTIDtls[].IncFromHP.AmountOfInc	integer	True	type=integer, minimum=0, maximum=99999999999999, REQUIRED	
ITR.ITR2.SchedulePTI.SchedulePTIDtls[].IncFromHP.CurrYrLossShareByInvstFund	integer	True	type=integer, minimum=0, maximum=99999999999999, REQUIRED	
ITR.ITR2.SchedulePTI.SchedulePTIDtls[].IncFromHP.NetIncomeLoss	integer	True	type=integer, minimum=-99999999999999, maximum=99999999999999, REQUIRED	
ITR.ITR2.SchedulePTI.SchedulePTIDtls[].IncFromHP.TDSAmount	integer	True	type=integer, minimum=0, maximum=99999999999999, REQUIRED	
ITR.ITR2.SchedulePTI.SchedulePTIDtls[].CapitalGainsPTI.ShortTermCG.AmountOfInc	integer	True	type=integer, minimum=0, maximum=99999999999999, REQUIRED	
ITR.ITR2.SchedulePTI.SchedulePTIDtls[].CapitalGainsPTI.ShortTermCG.CurrYrLossShareByInvstFund	integer	True	type=integer, minimum=0, maximum=99999999999999, REQUIRED	
ITR.ITR2.SchedulePTI.SchedulePTIDtls[].CapitalGainsPTI.ShortTermCG.NetIncomeLoss	integer	True	type=integer, minimum=-99999999999999, maximum=99999999999999, REQUIRED	
ITR.ITR2.SchedulePTI.SchedulePTIDtls[].CapitalGainsPTI.ShortTermCG.TDSAmount	integer	True	type=integer, minimum=0, maximum=99999999999999, REQUIRED	
ITR.ITR2.SchedulePTI.SchedulePTIDtls[].CapitalGainsPTI.STCG_Sec111A.AmountOfInc	integer	True	type=integer, minimum=0, maximum=99999999999999, REQUIRED	
ITR.ITR2.SchedulePTI.SchedulePTIDtls[].CapitalGainsPTI.STCG_Sec111A.CurrYrLossShareByInvstFund	integer	True	type=integer, minimum=0, maximum=99999999999999, REQUIRED	
ITR.ITR2.SchedulePTI.SchedulePTIDtls[].CapitalGainsPTI.STCG_Sec111A.NetIncomeLoss	integer	True	type=integer, minimum=-99999999999999, maximum=99999999999999, REQUIRED	
ITR.ITR2.SchedulePTI.SchedulePTIDtls[].CapitalGainsPTI.STCG_Sec111A.TDSAmount	integer	True	type=integer, minimum=0, maximum=99999999999999, REQUIRED	
ITR.ITR2.SchedulePTI.SchedulePTIDtls[].CapitalGainsPTI.STCG_Others.AmountOfInc	integer	True	type=integer, minimum=0, maximum=99999999999999, REQUIRED	
ITR.ITR2.SchedulePTI.SchedulePTIDtls[].CapitalGainsPTI.STCG_Others.CurrYrLossShareByInvstFund	integer	True	type=integer, minimum=0, maximum=99999999999999, REQUIRED	
ITR.ITR2.SchedulePTI.SchedulePTIDtls[].CapitalGainsPTI.STCG_Others.NetIncomeLoss	integer	True	type=integer, minimum=-99999999999999, maximum=99999999999999, REQUIRED	
ITR.ITR2.SchedulePTI.SchedulePTIDtls[].CapitalGainsPTI.STCG_Others.TDSAmount	integer	True	type=integer, minimum=0, maximum=99999999999999, REQUIRED	
ITR.ITR2.SchedulePTI.SchedulePTIDtls[].CapitalGainsPTI.LongTermCG.AmountOfInc	integer	True	type=integer, minimum=0, maximum=99999999999999, REQUIRED	
ITR.ITR2.SchedulePTI.SchedulePTIDtls[].CapitalGainsPTI.LongTermCG.CurrYrLossShareByInvstFund	integer	True	type=integer, minimum=0, maximum=99999999999999, REQUIRED	
ITR.ITR2.SchedulePTI.SchedulePTIDtls[].CapitalGainsPTI.LongTermCG.NetIncomeLoss	integer	True	type=integer, minimum=-99999999999999, maximum=99999999999999, REQUIRED	
ITR.ITR2.SchedulePTI.SchedulePTIDtls[].CapitalGainsPTI.LongTermCG.TDSAmount	integer	True	type=integer, minimum=0, maximum=99999999999999, REQUIRED	
ITR.ITR2.SchedulePTI.SchedulePTIDtls[].CapitalGainsPTI.LTCG_Sec112A.AmountOfInc	integer	True	type=integer, minimum=0, maximum=99999999999999, REQUIRED	
ITR.ITR2.SchedulePTI.SchedulePTIDtls[].CapitalGainsPTI.LTCG_Sec112A.CurrYrLossShareByInvstFund	integer	True	type=integer, minimum=0, maximum=99999999999999, REQUIRED	
ITR.ITR2.SchedulePTI.SchedulePTIDtls[].CapitalGainsPTI.LTCG_Sec112A.NetIncomeLoss	integer	True	type=integer, minimum=-99999999999999, maximum=99999999999999, REQUIRED	
ITR.ITR2.SchedulePTI.SchedulePTIDtls[].CapitalGainsPTI.LTCG_Sec112A.TDSAmount	integer	True	type=integer, minimum=0, maximum=99999999999999, REQUIRED	
ITR.ITR2.SchedulePTI.SchedulePTIDtls[].CapitalGainsPTI.LTCG_Others.AmountOfInc	integer	True	type=integer, minimum=0, maximum=99999999999999, REQUIRED	
ITR.ITR2.SchedulePTI.SchedulePTIDtls[].CapitalGainsPTI.LTCG_Others.CurrYrLossShareByInvstFund	integer	True	type=integer, minimum=0, maximum=99999999999999, REQUIRED	
ITR.ITR2.SchedulePTI.SchedulePTIDtls[].CapitalGainsPTI.LTCG_Others.NetIncomeLoss	integer	True	type=integer, minimum=-99999999999999, maximum=99999999999999, REQUIRED	
ITR.ITR2.SchedulePTI.SchedulePTIDtls[].CapitalGainsPTI.LTCG_Others.TDSAmount	integer	True	type=integer, minimum=0, maximum=99999999999999, REQUIRED	
ITR.ITR2.SchedulePTI.SchedulePTIDtls[].IncClmdPTI.TotalSec23FBB.AmountOfInc	integer	True	type=integer, minimum=-99999999999999, maximum=99999999999999, REQUIRED	
ITR.ITR2.SchedulePTI.SchedulePTIDtls[].IncClmdPTI.TotalSec23FBB.NetIncomeLoss	integer	True	type=integer, minimum=-99999999999999, maximum=99999999999999, REQUIRED	
ITR.ITR2.SchedulePTI.SchedulePTIDtls[].IncClmdPTI.TotalSec23FBB.TDSAmount	integer	True	type=integer, minimum=0, maximum=99999999999999, REQUIRED	
ITR.ITR2.SchedulePTI.SchedulePTIDtls[].IncClmdPTI.Sec23FBB.AmountOfInc	integer	True	type=integer, minimum=-99999999999999, maximum=99999999999999, REQUIRED	
ITR.ITR2.SchedulePTI.SchedulePTIDtls[].IncClmdPTI.Sec23FBB.NetIncomeLoss	integer	True	type=integer, minimum=-99999999999999, maximum=99999999999999, REQUIRED	
ITR.ITR2.SchedulePTI.SchedulePTIDtls[].IncClmdPTI.Sec23FBB.TDSAmount	integer	True	type=integer, minimum=0, maximum=99999999999999, REQUIRED	
ITR.ITR2.SchedulePTI.SchedulePTIDtls[].IncClmdPTI.SecBIncExmptDtl.SectionCode	string	True	type=string, minLength=1, maxLength=10, pattern=|(\s*([\w\d_=!@#$%\^*\(\){}\[\]\|\\:;',\.\?/~`\-\+<>&][\s\w\d_=!@#$%\^*\(\){}\[\]\|\\:;',\.\?/~`\-\+<>&]*)\s*), REQUIRED	
ITR.ITR2.SchedulePTI.SchedulePTIDtls[].IncClmdPTI.SecBIncExmptDtl.SecBCIncExmptDtl.AmountOfInc	integer	True	type=integer, minimum=-99999999999999, maximum=99999999999999, REQUIRED	
ITR.ITR2.SchedulePTI.SchedulePTIDtls[].IncClmdPTI.SecBIncExmptDtl.SecBCIncExmptDtl.NetIncomeLoss	integer	True	type=integer, minimum=-99999999999999, maximum=99999999999999, REQUIRED	
ITR.ITR2.SchedulePTI.SchedulePTIDtls[].IncClmdPTI.SecBIncExmptDtl.SecBCIncExmptDtl.TDSAmount	integer	True	type=integer, minimum=0, maximum=99999999999999, REQUIRED	
ITR.ITR2.SchedulePTI.SchedulePTIDtls[].IncClmdPTI.SecCIncExmptDtl.SectionCode	string	True	type=string, minLength=1, maxLength=10, pattern=|(\s*([\w\d_=!@#$%\^*\(\){}\[\]\|\\:;',\.\?/~`\-\+<>&][\s\w\d_=!@#$%\^*\(\){}\[\]\|\\:;',\.\?/~`\-\+<>&]*)\s*), REQUIRED	
ITR.ITR2.SchedulePTI.SchedulePTIDtls[].IncClmdPTI.SecCIncExmptDtl.SecBCIncExmptDtl.AmountOfInc	integer	True	type=integer, minimum=-99999999999999, maximum=99999999999999, REQUIRED	
ITR.ITR2.SchedulePTI.SchedulePTIDtls[].IncClmdPTI.SecCIncExmptDtl.SecBCIncExmptDtl.NetIncomeLoss	integer	True	type=integer, minimum=-99999999999999, maximum=99999999999999, REQUIRED	
ITR.ITR2.SchedulePTI.SchedulePTIDtls[].IncClmdPTI.SecCIncExmptDtl.SecBCIncExmptDtl.TDSAmount	integer	True	type=integer, minimum=0, maximum=99999999999999, REQUIRED	
ITR.ITR2.SchedulePTI.SchedulePTIDtls[].IncOthSrc.AmountOfInc	integer	True	type=integer, minimum=-99999999999999, maximum=99999999999999, REQUIRED	
ITR.ITR2.SchedulePTI.SchedulePTIDtls[].IncOthSrc.NetIncomeLoss	integer	True	type=integer, minimum=-99999999999999, maximum=99999999999999, REQUIRED	
ITR.ITR2.SchedulePTI.SchedulePTIDtls[].IncOthSrc.TDSAmount	integer	True	type=integer, minimum=0, maximum=99999999999999, REQUIRED	
ITR.ITR2.SchedulePTI.SchedulePTIDtls[].OS_Dividend.AmountOfInc	integer	True	type=integer, minimum=-99999999999999, maximum=99999999999999, REQUIRED	
ITR.ITR2.SchedulePTI.SchedulePTIDtls[].OS_Dividend.NetIncomeLoss	integer	True	type=integer, minimum=-99999999999999, maximum=99999999999999, REQUIRED	
ITR.ITR2.SchedulePTI.SchedulePTIDtls[].OS_Dividend.TDSAmount	integer	True	type=integer, minimum=0, maximum=99999999999999, REQUIRED	
ITR.ITR2.SchedulePTI.SchedulePTIDtls[].OS_Others.AmountOfInc	integer	True	type=integer, minimum=-99999999999999, maximum=99999999999999, REQUIRED	
ITR.ITR2.SchedulePTI.SchedulePTIDtls[].OS_Others.NetIncomeLoss	integer	True	type=integer, minimum=-99999999999999, maximum=99999999999999, REQUIRED	
ITR.ITR2.SchedulePTI.SchedulePTIDtls[].OS_Others.TDSAmount	integer	True	type=integer, minimum=0, maximum=99999999999999, REQUIRED	
ITR.ITR2.ScheduleFSI.ScheduleFSIDtls[].CountryName	string	True	type=string, minLength=1, maxLength=55, pattern=|(\s*([\w\d_=!@#$%\^*\(\){}\[\]\|\\:;',\.\?/~`\-\+<>&][\s\w\d_=!@#$%\^*\(\){}\[\]\|\\:;',\.\?/~`\-\+<>&]*)\s*), REQUIRED	
ITR.ITR2.ScheduleFSI.ScheduleFSIDtls[].CountryCodeExcludingIndia	string	True	type=string, pattern=|(\s*([\w\d_=!@#$%\^*\(\){}\[\]\|\\:;',\.\?/~`\-\+<>&][\s\w\d_=!@#$%\^*\(\){}\[\]\|\\:;',\.\?/~`\-\+<>&]*)\s*), enum=['93', '1001', '355', '213', '684', '376', '244', '1264', '1010', '1268', '54', '374', '297', '61', '43', '994', '1242', '973', '880', '1246', '375', '32', '501…], REQUIRED	93:AFGHANISTAN; 1001:ÅLAND ISLANDS; 355:ALBANIA; 213:ALGERIA; 684:AMERICAN SAMOA; 376:ANDORRA; 244:ANGOLA; 1264:ANGUILLA; 1010:ANTARCTICA; 1268:ANTIGUA AND BARBUDA; 54:ARGENTINA; 374:ARMENIA; 297:ARUBA; 61:AUSTRALIA; 43:AUSTRIA; 994:AZERBAIJAN; 1242:BAHAMAS; 973:BAHRAIN; 880:BANGLADESH; 1246:BARBADOS; 375:BELARUS; 32:BELGIUM; 501:BELIZE; 229:BENIN; 1441:BERMUDA; 975:BHUTAN; 591:BOLIVIA (PLURINATIONAL STATE OF); 1002:BONAIRE, SINT EUSTATIUS AND SABA; 387:BOSNIA AND HERZEGOVINA; 267:BOTSWANA; 1003:BOUVET ISLAND; 55:BRAZIL; 1014:BRITISH INDIAN OCEAN TERRITORY; 673:BRUNEI DARUSSALAM; 359:BULGARIA; 226: BURKINA FASO; 257:BURUNDI; 238:CABO VERDE; 855:CAMBODIA; 237:CAMEROON; 1:CANADA; 1345:CAYMAN ISLANDS; 236:CENTRAL AFRICAN REPUBLIC; 235:CHAD; 56:CHILE; 86:CHINA; 9:CHRISTMAS ISLAND; 672:COCOS (KEELING) ISLANDS; 57:COLOMBIA; 270:COMOROS; 242:CONGO; 243:CONGO (DEMOCRATIC REPUBLIC OF THE); 682:COOK ISLANDS; 506:COSTA RICA; 225:CÔTE D'IVOIRE; 385:CROATIA; 53:CUBA; 1015:CURAÇAO; 357:CYPRUS; 420:CZECHIA; 45:DENMARK; 253:DJIBOUTI; 1767:DOMINICA; 1809:DOMINICAN REPUBLIC; 593:ECUADOR; 20:EGYPT; 503:EL SALVADOR; 240:EQUATORIAL GUINEA; 291:ERITREA; 372:ESTONIA; 251:ETHIOPIA; 500:FALKLAND ISLANDS (MALVINAS); 298:FAROE ISLANDS; 679:FIJI; 358:FINLAND; 33:FRANCE; 594:FRENCH GUIANA; 689:FRENCH POLYNESIA; 1004:FRENCH SOUTHERN TERRITORIES; 241:GABON; 220:GAMBIA; 995:GEORGIA; 49:GERMANY; 233:GHANA; 350:GIBRALTAR; 30:GREECE; 299:GREENLAND; 1473:GRENADA; 590:GUADELOUPE; 1671:GUAM; 502:GUATEMALA; 1481:GUERNSEY; 224:GUINEA; 245:GUINEA-BISSAU; 592:GUYANA; 509:HAITI; 1005:HEARD ISLAND AND MCDONALD ISLANDS; 6:HOLY SEE; 504:HONDURAS; 852:HONG KONG; 36:HUNGARY; 354:ICELAND; 62:INDONESIA; 98:IRAN (ISLAMIC REPUBLIC OF); 964:IRAQ; 353:IRELAND; 1624:ISLE OF MAN; 972:ISRAEL; 5:ITALY; 1876:JAMAICA; 81:JAPAN; 1534:JERSEY; 962:JORDAN; 7:KAZAKHSTAN; 254:KENYA; 686:KIRIBATI; 850:KOREA(DEMOCRATIC PEOPLE'S REPUBLIC OF); 82:KOREA (REPUBLIC OF); 965:KUWAIT; 996:KYRGYZSTAN; 856:LAO PEOPLE'S DEMOCRATIC REPUBLIC; 371:LATVIA; 961:LEBANON; 266:LESOTHO; 231:LIBERIA; 218:LIBYA; 423:LIECHTENSTEIN; 370:LITHUANIA; 352:LUXEMBOURG; 853:MACAO; 389:MACEDONIA(THE FORMER YUGOSLAV REPUBLIC OF); 261:MADAGASCAR; 265:MALAWI; 60:MALAYSIA; 960:MALDIVES; 223:MALI; 356:MALTA; 692:MARSHALL ISLANDS; 596:MARTINIQUE; 222:MAURITANIA; 230:MAURITIUS; 269:MAYOTTE; 52:MEXICO; 691:MICRONESIA (FEDERATED STATES OF); 373:MOLDOVA (REPUBLIC OF); 377:MONACO; 976:MONGOLIA; 382:MONTENEGRO; 1664:MONTSERRAT; 212:MOROCCO; 258:MOZAMBIQUE; 95:MYANMAR; 264:NAMIBIA; 674:NAURU; 977:NEPAL; 31:NETHERLANDS; 687:NEW CALEDONIA; 64:NEW ZEALAND; 505:NICARAGUA; 227:NIGER; 234:NIGERIA; 683:NIUE; 15:NORFOLK ISLAND; 1670:NORTHERN MARIANA ISLANDS; 47:NORWAY; 968:OMAN; 92:PAKISTAN; 680:PALAU; 970:PALESTINE, STATE OF; 507:PANAMA; 675:PAPUA NEW GUINEA; 595:PARAGUAY; 51:PERU; 63:PHILIPPINES; 1011:PITCAIRN; 48:POLAND; 14:PORTUGAL; 1787:PUERTO RICO; 974:QATAR; 262:RÉUNION; 40:ROMANIA; 8:RUSSIAN FEDERATION; 250:RWANDA; 1006:SAINT BARTHÉLEMY; 290: SAINT HELENA, ASCENSION AND TRISTAN DA CUNHA; 1869:SAINT KITTS AND NEVIS; 1758:SAINT LUCIA; 1007:SAINT MARTIN (FRENCH PART); 508:SAINT PIERRE AND MIQUELON; 1784:SAINT VINCENT AND THE GRENADINES; 685:SAMOA; 378:SAN MARINO; 239:SAO TOME AND PRINCIPE; 966:SAUDI ARABIA; 221:SENEGAL; 381:SERBIA; 248:SEYCHELLES; 232:SIERRA LEONE; 65:SINGAPORE; 1721:SINT MAARTEN (DUTCH PART); 421:SLOVAKIA; 386:SLOVENIA; 677:SOLOMON ISLANDS; 252:SOMALIA; 28:SOUTH AFRICA; 1008:SOUTH GEORGIA AND THE SOUTH SANDWICH ISLANDS; 211:SOUTH SUDAN; 35:SPAIN; 94:SRI LANKA; 249:SUDAN; 597:SURINAME; 1012:SVALBARD AND JAN MAYEN; 268:SWAZILAND; 46:SWEDEN; 41:SWITZERLAND; 963:SYRIAN ARAB REPUBLIC; 886:TAIWAN; 992:TAJIKISTAN; 255:TANZANIA, UNITED REPUBLIC OF; 66:THAILAND; 670:TIMOR-LESTE (EAST TIMOR); 228:TOGO; 690:TOKELAU; 676:TONGA; 1868:TRINIDAD AND TOBAGO; 216:TUNISIA; 90:TURKEY; 993:TURKMENISTAN; 1649:TURKS AND CAICOS ISLANDS; 688:TUVALU; 256:UGANDA; 380:UKRAINE; 971:UNITED ARAB EMIRATES; 44:UNITED KINGDOM OF GREAT BRITAIN AND NORTHERN IRELAND; 2:UNITED STATES OF AMERICA; 1009:UNITED STATES MINOR OUTLYING ISLANDS; 598:URUGUAY; 998:UZBEKISTAN; 678:VANUATU; 58:VENEZUELA (BOLIVARIAN REPUBLIC OF); 84:VIET NAM; 1284:VIRGIN ISLANDS (BRITISH); 1340:VIRGIN ISLANDS (U.S.); 681:WALLIS AND FUTUNA; 1013:WESTERN SAHARA; 967:YEMEN; 260:ZAMBIA; 263:ZIMBABWE; 9999:OTHERS
ITR.ITR2.ScheduleFSI.ScheduleFSIDtls[].TaxIdentificationNo	string	True	type=string, minLength=1, maxLength=75, pattern=|(\s*([\w\d_=!@#$%\^*\(\){}\[\]\|\\:;',\.\?/~`\-\+<>&][\s\w\d_=!@#$%\^*\(\){}\[\]\|\\:;',\.\?/~`\-\+<>&]*)\s*), REQUIRED	
ITR.ITR2.ScheduleFSI.ScheduleFSIDtls[].IncFromSal.IncFrmOutsideInd	integer	True	type=integer, minimum=0, maximum=99999999999999, REQUIRED	
ITR.ITR2.ScheduleFSI.ScheduleFSIDtls[].IncFromSal.TaxPaidOutsideInd	integer	True	type=integer, minimum=0, maximum=99999999999999, REQUIRED	
ITR.ITR2.ScheduleFSI.ScheduleFSIDtls[].IncFromSal.TaxPayableinInd	integer	True	type=integer, minimum=0, maximum=99999999999999, REQUIRED	
ITR.ITR2.ScheduleFSI.ScheduleFSIDtls[].IncFromSal.TaxReliefinInd	integer	True	type=integer, minimum=0, maximum=99999999999999, REQUIRED	
ITR.ITR2.ScheduleFSI.ScheduleFSIDtls[].IncFromSal.DTAAReliefUs90or90A	string	False	type=string, maxLength=16, pattern=|(\s*([\w\d_=!@#$%\^*\(\){}\[\]\|\\:;',\.\?/~`\-\+<>&][\s\w\d_=!@#$%\^*\(\){}\[\]\|\\:;',\.\?/~`\-\+<>&]*)\s*)	
ITR.ITR2.ScheduleFSI.ScheduleFSIDtls[].IncFromHP.IncFrmOutsideInd	integer	True	type=integer, minimum=0, maximum=99999999999999, REQUIRED	
ITR.ITR2.ScheduleFSI.ScheduleFSIDtls[].IncFromHP.TaxPaidOutsideInd	integer	True	type=integer, minimum=0, maximum=99999999999999, REQUIRED	
ITR.ITR2.ScheduleFSI.ScheduleFSIDtls[].IncFromHP.TaxPayableinInd	integer	True	type=integer, minimum=0, maximum=99999999999999, REQUIRED	
ITR.ITR2.ScheduleFSI.ScheduleFSIDtls[].IncFromHP.TaxReliefinInd	integer	True	type=integer, minimum=0, maximum=99999999999999, REQUIRED	
ITR.ITR2.ScheduleFSI.ScheduleFSIDtls[].IncFromHP.DTAAReliefUs90or90A	string	False	type=string, maxLength=16, pattern=|(\s*([\w\d_=!@#$%\^*\(\){}\[\]\|\\:;',\.\?/~`\-\+<>&][\s\w\d_=!@#$%\^*\(\){}\[\]\|\\:;',\.\?/~`\-\+<>&]*)\s*)	
ITR.ITR2.ScheduleFSI.ScheduleFSIDtls[].IncCapGain.IncFrmOutsideInd	integer	True	type=integer, minimum=0, maximum=99999999999999, REQUIRED	
ITR.ITR2.ScheduleFSI.ScheduleFSIDtls[].IncCapGain.TaxPaidOutsideInd	integer	True	type=integer, minimum=0, maximum=99999999999999, REQUIRED	
ITR.ITR2.ScheduleFSI.ScheduleFSIDtls[].IncCapGain.TaxPayableinInd	integer	True	type=integer, minimum=0, maximum=99999999999999, REQUIRED	
ITR.ITR2.ScheduleFSI.ScheduleFSIDtls[].IncCapGain.TaxReliefinInd	integer	True	type=integer, minimum=0, maximum=99999999999999, REQUIRED	
ITR.ITR2.ScheduleFSI.ScheduleFSIDtls[].IncCapGain.DTAAReliefUs90or90A	string	False	type=string, maxLength=16, pattern=|(\s*([\w\d_=!@#$%\^*\(\){}\[\]\|\\:;',\.\?/~`\-\+<>&][\s\w\d_=!@#$%\^*\(\){}\[\]\|\\:;',\.\?/~`\-\+<>&]*)\s*)	
ITR.ITR2.ScheduleFSI.ScheduleFSIDtls[].IncOthSrc.IncFrmOutsideInd	integer	True	type=integer, minimum=0, maximum=99999999999999, REQUIRED	
ITR.ITR2.ScheduleFSI.ScheduleFSIDtls[].IncOthSrc.TaxPaidOutsideInd	integer	True	type=integer, minimum=0, maximum=99999999999999, REQUIRED	
ITR.ITR2.ScheduleFSI.ScheduleFSIDtls[].IncOthSrc.TaxPayableinInd	integer	True	type=integer, minimum=0, maximum=99999999999999, REQUIRED	
ITR.ITR2.ScheduleFSI.ScheduleFSIDtls[].IncOthSrc.TaxReliefinInd	integer	True	type=integer, minimum=0, maximum=99999999999999, REQUIRED	
ITR.ITR2.ScheduleFSI.ScheduleFSIDtls[].IncOthSrc.DTAAReliefUs90or90A	string	False	type=string, maxLength=16, pattern=|(\s*([\w\d_=!@#$%\^*\(\){}\[\]\|\\:;',\.\?/~`\-\+<>&][\s\w\d_=!@#$%\^*\(\){}\[\]\|\\:;',\.\?/~`\-\+<>&]*)\s*)	
ITR.ITR2.ScheduleFSI.ScheduleFSIDtls[].TotalCountryWise.IncFrmOutsideInd	integer	True	type=integer, minimum=0, maximum=99999999999999, REQUIRED	
ITR.ITR2.ScheduleFSI.ScheduleFSIDtls[].TotalCountryWise.TaxPaidOutsideInd	integer	True	type=integer, minimum=0, maximum=99999999999999, REQUIRED	
ITR.ITR2.ScheduleFSI.ScheduleFSIDtls[].TotalCountryWise.TaxPayableinInd	integer	True	type=integer, minimum=0, maximum=99999999999999, REQUIRED	
ITR.ITR2.ScheduleFSI.ScheduleFSIDtls[].TotalCountryWise.TaxReliefinInd	integer	True	type=integer, minimum=0, maximum=99999999999999, REQUIRED	
ITR.ITR2.ScheduleTR1.ScheduleTR[].CountryName	string	True	type=string, minLength=1, maxLength=55, pattern=|(\s*([\w\d_=!@#$%\^*\(\){}\[\]\|\\:;',\.\?/~`\-\+<>&][\s\w\d_=!@#$%\^*\(\){}\[\]\|\\:;',\.\?/~`\-\+<>&]*)\s*), REQUIRED	
ITR.ITR2.ScheduleTR1.ScheduleTR[].CountryCodeExcludingIndia	string	True	type=string, pattern=|(\s*([\w\d_=!@#$%\^*\(\){}\[\]\|\\:;',\.\?/~`\-\+<>&][\s\w\d_=!@#$%\^*\(\){}\[\]\|\\:;',\.\?/~`\-\+<>&]*)\s*), enum=['93', '1001', '355', '213', '684', '376', '244', '1264', '1010', '1268', '54', '374', '297', '61', '43', '994', '1242', '973', '880', '1246', '375', '32', '501…], REQUIRED	93:AFGHANISTAN; 1001:ÅLAND ISLANDS; 355:ALBANIA; 213:ALGERIA; 684:AMERICAN SAMOA; 376:ANDORRA; 244:ANGOLA; 1264:ANGUILLA; 1010:ANTARCTICA; 1268:ANTIGUA AND BARBUDA; 54:ARGENTINA; 374:ARMENIA; 297:ARUBA; 61:AUSTRALIA; 43:AUSTRIA; 994:AZERBAIJAN; 1242:BAHAMAS; 973:BAHRAIN; 880:BANGLADESH; 1246:BARBADOS; 375:BELARUS; 32:BELGIUM; 501:BELIZE; 229:BENIN; 1441:BERMUDA; 975:BHUTAN; 591:BOLIVIA (PLURINATIONAL STATE OF); 1002:BONAIRE, SINT EUSTATIUS AND SABA; 387:BOSNIA AND HERZEGOVINA; 267:BOTSWANA; 1003:BOUVET ISLAND; 55:BRAZIL; 1014:BRITISH INDIAN OCEAN TERRITORY; 673:BRUNEI DARUSSALAM; 359:BULGARIA; 226: BURKINA FASO; 257:BURUNDI; 238:CABO VERDE; 855:CAMBODIA; 237:CAMEROON; 1:CANADA; 1345:CAYMAN ISLANDS; 236:CENTRAL AFRICAN REPUBLIC; 235:CHAD; 56:CHILE; 86:CHINA; 9:CHRISTMAS ISLAND; 672:COCOS (KEELING) ISLANDS; 57:COLOMBIA; 270:COMOROS; 242:CONGO; 243:CONGO (DEMOCRATIC REPUBLIC OF THE); 682:COOK ISLANDS; 506:COSTA RICA; 225:CÔTE D'IVOIRE; 385:CROATIA; 53:CUBA; 1015:CURAÇAO; 357:CYPRUS; 420:CZECHIA; 45:DENMARK; 253:DJIBOUTI; 1767:DOMINICA; 1809:DOMINICAN REPUBLIC; 593:ECUADOR; 20:EGYPT; 503:EL SALVADOR; 240:EQUATORIAL GUINEA; 291:ERITREA; 372:ESTONIA; 251:ETHIOPIA; 500:FALKLAND ISLANDS (MALVINAS); 298:FAROE ISLANDS; 679:FIJI; 358:FINLAND; 33:FRANCE; 594:FRENCH GUIANA; 689:FRENCH POLYNESIA; 1004:FRENCH SOUTHERN TERRITORIES; 241:GABON; 220:GAMBIA; 995:GEORGIA; 49:GERMANY; 233:GHANA; 350:GIBRALTAR; 30:GREECE; 299:GREENLAND; 1473:GRENADA; 590:GUADELOUPE; 1671:GUAM; 502:GUATEMALA; 1481:GUERNSEY; 224:GUINEA; 245:GUINEA-BISSAU; 592:GUYANA; 509:HAITI; 1005:HEARD ISLAND AND MCDONALD ISLANDS; 6:HOLY SEE; 504:HONDURAS; 852:HONG KONG; 36:HUNGARY; 354:ICELAND; 62:INDONESIA; 98:IRAN (ISLAMIC REPUBLIC OF); 964:IRAQ; 353:IRELAND; 1624:ISLE OF MAN; 972:ISRAEL; 5:ITALY; 1876:JAMAICA; 81:JAPAN; 1534:JERSEY; 962:JORDAN; 7:KAZAKHSTAN; 254:KENYA; 686:KIRIBATI; 850:KOREA(DEMOCRATIC PEOPLE'S REPUBLIC OF); 82:KOREA (REPUBLIC OF); 965:KUWAIT; 996:KYRGYZSTAN; 856:LAO PEOPLE'S DEMOCRATIC REPUBLIC; 371:LATVIA; 961:LEBANON; 266:LESOTHO; 231:LIBERIA; 218:LIBYA; 423:LIECHTENSTEIN; 370:LITHUANIA; 352:LUXEMBOURG; 853:MACAO; 389:MACEDONIA(THE FORMER YUGOSLAV REPUBLIC OF); 261:MADAGASCAR; 265:MALAWI; 60:MALAYSIA; 960:MALDIVES; 223:MALI; 356:MALTA; 692:MARSHALL ISLANDS; 596:MARTINIQUE; 222:MAURITANIA; 230:MAURITIUS; 269:MAYOTTE; 52:MEXICO; 691:MICRONESIA (FEDERATED STATES OF); 373:MOLDOVA (REPUBLIC OF); 377:MONACO; 976:MONGOLIA; 382:MONTENEGRO; 1664:MONTSERRAT; 212:MOROCCO; 258:MOZAMBIQUE; 95:MYANMAR; 264:NAMIBIA; 674:NAURU; 977:NEPAL; 31:NETHERLANDS; 687:NEW CALEDONIA; 64:NEW ZEALAND; 505:NICARAGUA; 227:NIGER; 234:NIGERIA; 683:NIUE; 15:NORFOLK ISLAND; 1670:NORTHERN MARIANA ISLANDS; 47:NORWAY; 968:OMAN; 92:PAKISTAN; 680:PALAU; 970:PALESTINE, STATE OF; 507:PANAMA; 675:PAPUA NEW GUINEA; 595:PARAGUAY; 51:PERU; 63:PHILIPPINES; 1011:PITCAIRN; 48:POLAND; 14:PORTUGAL; 1787:PUERTO RICO; 974:QATAR; 262:RÉUNION; 40:ROMANIA; 8:RUSSIAN FEDERATION; 250:RWANDA; 1006:SAINT BARTHÉLEMY; 290: SAINT HELENA, ASCENSION AND TRISTAN DA CUNHA; 1869:SAINT KITTS AND NEVIS; 1758:SAINT LUCIA; 1007:SAINT MARTIN (FRENCH PART); 508:SAINT PIERRE AND MIQUELON; 1784:SAINT VINCENT AND THE GRENADINES; 685:SAMOA; 378:SAN MARINO; 239:SAO TOME AND PRINCIPE; 966:SAUDI ARABIA; 221:SENEGAL; 381:SERBIA; 248:SEYCHELLES; 232:SIERRA LEONE; 65:SINGAPORE; 1721:SINT MAARTEN (DUTCH PART); 421:SLOVAKIA; 386:SLOVENIA; 677:SOLOMON ISLANDS; 252:SOMALIA; 28:SOUTH AFRICA; 1008:SOUTH GEORGIA AND THE SOUTH SANDWICH ISLANDS; 211:SOUTH SUDAN; 35:SPAIN; 94:SRI LANKA; 249:SUDAN; 597:SURINAME; 1012:SVALBARD AND JAN MAYEN; 268:SWAZILAND; 46:SWEDEN; 41:SWITZERLAND; 963:SYRIAN ARAB REPUBLIC; 886:TAIWAN; 992:TAJIKISTAN; 255:TANZANIA, UNITED REPUBLIC OF; 66:THAILAND; 670:TIMOR-LESTE (EAST TIMOR); 228:TOGO; 690:TOKELAU; 676:TONGA; 1868:TRINIDAD AND TOBAGO; 216:TUNISIA; 90:TURKEY; 993:TURKMENISTAN; 1649:TURKS AND CAICOS ISLANDS; 688:TUVALU; 256:UGANDA; 380:UKRAINE; 971:UNITED ARAB EMIRATES; 44:UNITED KINGDOM OF GREAT BRITAIN AND NORTHERN IRELAND; 2:UNITED STATES OF AMERICA; 1009:UNITED STATES MINOR OUTLYING ISLANDS; 598:URUGUAY; 998:UZBEKISTAN; 678:VANUATU; 58:VENEZUELA (BOLIVARIAN REPUBLIC OF); 84:VIET NAM; 1284:VIRGIN ISLANDS (BRITISH); 1340:VIRGIN ISLANDS (U.S.); 681:WALLIS AND FUTUNA; 1013:WESTERN SAHARA; 967:YEMEN; 260:ZAMBIA; 263:ZIMBABWE; 9999:OTHERS
ITR.ITR2.ScheduleTR1.ScheduleTR[].TaxIdentificationNo	string	True	type=string, minLength=1, maxLength=75, pattern=|(\s*([\w\d_=!@#$%\^*\(\){}\[\]\|\\:;',\.\?/~`\-\+<>&][\s\w\d_=!@#$%\^*\(\){}\[\]\|\\:;',\.\?/~`\-\+<>&]*)\s*), REQUIRED	
ITR.ITR2.ScheduleTR1.ScheduleTR[].TaxPaidOutsideIndia	integer	True	type=integer, minimum=0, maximum=99999999999999, REQUIRED	
ITR.ITR2.ScheduleTR1.ScheduleTR[].TaxReliefOutsideIndia	integer	True	type=integer, minimum=0, maximum=99999999999999, REQUIRED	
ITR.ITR2.ScheduleTR1.ScheduleTR[].ReliefClaimedUsSection	string	False	type=string, pattern=|(\s*([\w\d_=!@#$%\^*\(\){}\[\]\|\\:;',\.\?/~`\-\+<>&][\s\w\d_=!@#$%\^*\(\){}\[\]\|\\:;',\.\?/~`\-\+<>&]*)\s*), enum=['90', '90A', '91']	90 - 90; 90A - 90A; 91 - 91
ITR.ITR2.ScheduleTR1.TotalTaxPaidOutsideIndia	integer	True	type=integer, minimum=0, maximum=99999999999999, REQUIRED	
ITR.ITR2.ScheduleTR1.TotalTaxReliefOutsideIndia	integer	True	type=integer, minimum=0, maximum=99999999999999, REQUIRED	
ITR.ITR2.ScheduleTR1.TaxReliefOutsideIndiaDTAA	integer	True	type=integer, minimum=0, maximum=99999999999999, REQUIRED	
ITR.ITR2.ScheduleTR1.TaxReliefOutsideIndiaNotDTAA	integer	True	type=integer, minimum=0, maximum=99999999999999, REQUIRED	
ITR.ITR2.ScheduleTR1.TaxPaidOutsideIndFlg	string	False	type=string, pattern=|(\s*([\w\d_=!@#$%\^*\(\){}\[\]\|\\:;',\.\?/~`\-\+<>&][\s\w\d_=!@#$%\^*\(\){}\[\]\|\\:;',\.\?/~`\-\+<>&]*)\s*), enum=['YES', 'NO']	
ITR.ITR2.ScheduleTR1.AmtTaxRefunded	integer	False	type=integer, minimum=-99999999999999, maximum=99999999999999	
ITR.ITR2.ScheduleTR1.AssmtYrTaxRelief	string	False	type=string, pattern=[0-9][0-9][0-9][0-9]-[0-9][0-9]	Assessment year in which tax relief allowed in India
ITR.ITR2.ScheduleFA.DetailsForiegnBank[].CountryName	string	True	type=string, minLength=1, maxLength=55, pattern=|(\s*([\w\d_=!@#$%\^*\(\){}\[\]\|\\:;',\.\?/~`\-\+<>&][\s\w\d_=!@#$%\^*\(\){}\[\]\|\\:;',\.\?/~`\-\+<>&]*)\s*), REQUIRED	
ITR.ITR2.ScheduleFA.DetailsForiegnBank[].CountryCodeExcludingIndia	string	True	type=string, pattern=|(\s*([\w\d_=!@#$%\^*\(\){}\[\]\|\\:;',\.\?/~`\-\+<>&][\s\w\d_=!@#$%\^*\(\){}\[\]\|\\:;',\.\?/~`\-\+<>&]*)\s*), enum=['93', '1001', '355', '213', '684', '376', '244', '1264', '1010', '1268', '54', '374', '297', '61', '43', '994', '1242', '973', '880', '1246', '375', '32', '501…], REQUIRED	93:AFGHANISTAN; 1001:ÅLAND ISLANDS; 355:ALBANIA; 213:ALGERIA; 684:AMERICAN SAMOA; 376:ANDORRA; 244:ANGOLA; 1264:ANGUILLA; 1010:ANTARCTICA; 1268:ANTIGUA AND BARBUDA; 54:ARGENTINA; 374:ARMENIA; 297:ARUBA; 61:AUSTRALIA; 43:AUSTRIA; 994:AZERBAIJAN; 1242:BAHAMAS; 973:BAHRAIN; 880:BANGLADESH; 1246:BARBADOS; 375:BELARUS; 32:BELGIUM; 501:BELIZE; 229:BENIN; 1441:BERMUDA; 975:BHUTAN; 591:BOLIVIA (PLURINATIONAL STATE OF); 1002:BONAIRE, SINT EUSTATIUS AND SABA; 387:BOSNIA AND HERZEGOVINA; 267:BOTSWANA; 1003:BOUVET ISLAND; 55:BRAZIL; 1014:BRITISH INDIAN OCEAN TERRITORY; 673:BRUNEI DARUSSALAM; 359:BULGARIA; 226: BURKINA FASO; 257:BURUNDI; 238:CABO VERDE; 855:CAMBODIA; 237:CAMEROON; 1:CANADA; 1345:CAYMAN ISLANDS; 236:CENTRAL AFRICAN REPUBLIC; 235:CHAD; 56:CHILE; 86:CHINA; 9:CHRISTMAS ISLAND; 672:COCOS (KEELING) ISLANDS; 57:COLOMBIA; 270:COMOROS; 242:CONGO; 243:CONGO (DEMOCRATIC REPUBLIC OF THE); 682:COOK ISLANDS; 506:COSTA RICA; 225:CÔTE D'IVOIRE; 385:CROATIA; 53:CUBA; 1015:CURAÇAO; 357:CYPRUS; 420:CZECHIA; 45:DENMARK; 253:DJIBOUTI; 1767:DOMINICA; 1809:DOMINICAN REPUBLIC; 593:ECUADOR; 20:EGYPT; 503:EL SALVADOR; 240:EQUATORIAL GUINEA; 291:ERITREA; 372:ESTONIA; 251:ETHIOPIA; 500:FALKLAND ISLANDS (MALVINAS); 298:FAROE ISLANDS; 679:FIJI; 358:FINLAND; 33:FRANCE; 594:FRENCH GUIANA; 689:FRENCH POLYNESIA; 1004:FRENCH SOUTHERN TERRITORIES; 241:GABON; 220:GAMBIA; 995:GEORGIA; 49:GERMANY; 233:GHANA; 350:GIBRALTAR; 30:GREECE; 299:GREENLAND; 1473:GRENADA; 590:GUADELOUPE; 1671:GUAM; 502:GUATEMALA; 1481:GUERNSEY; 224:GUINEA; 245:GUINEA-BISSAU; 592:GUYANA; 509:HAITI; 1005:HEARD ISLAND AND MCDONALD ISLANDS; 6:HOLY SEE; 504:HONDURAS; 852:HONG KONG; 36:HUNGARY; 354:ICELAND; 62:INDONESIA; 98:IRAN (ISLAMIC REPUBLIC OF); 964:IRAQ; 353:IRELAND; 1624:ISLE OF MAN; 972:ISRAEL; 5:ITALY; 1876:JAMAICA; 81:JAPAN; 1534:JERSEY; 962:JORDAN; 7:KAZAKHSTAN; 254:KENYA; 686:KIRIBATI; 850:KOREA(DEMOCRATIC PEOPLE'S REPUBLIC OF); 82:KOREA (REPUBLIC OF); 965:KUWAIT; 996:KYRGYZSTAN; 856:LAO PEOPLE'S DEMOCRATIC REPUBLIC; 371:LATVIA; 961:LEBANON; 266:LESOTHO; 231:LIBERIA; 218:LIBYA; 423:LIECHTENSTEIN; 370:LITHUANIA; 352:LUXEMBOURG; 853:MACAO; 389:MACEDONIA(THE FORMER YUGOSLAV REPUBLIC OF); 261:MADAGASCAR; 265:MALAWI; 60:MALAYSIA; 960:MALDIVES; 223:MALI; 356:MALTA; 692:MARSHALL ISLANDS; 596:MARTINIQUE; 222:MAURITANIA; 230:MAURITIUS; 269:MAYOTTE; 52:MEXICO; 691:MICRONESIA (FEDERATED STATES OF); 373:MOLDOVA (REPUBLIC OF); 377:MONACO; 976:MONGOLIA; 382:MONTENEGRO; 1664:MONTSERRAT; 212:MOROCCO; 258:MOZAMBIQUE; 95:MYANMAR; 264:NAMIBIA; 674:NAURU; 977:NEPAL; 31:NETHERLANDS; 687:NEW CALEDONIA; 64:NEW ZEALAND; 505:NICARAGUA; 227:NIGER; 234:NIGERIA; 683:NIUE; 15:NORFOLK ISLAND; 1670:NORTHERN MARIANA ISLANDS; 47:NORWAY; 968:OMAN; 92:PAKISTAN; 680:PALAU; 970:PALESTINE, STATE OF; 507:PANAMA; 675:PAPUA NEW GUINEA; 595:PARAGUAY; 51:PERU; 63:PHILIPPINES; 1011:PITCAIRN; 48:POLAND; 14:PORTUGAL; 1787:PUERTO RICO; 974:QATAR; 262:RÉUNION; 40:ROMANIA; 8:RUSSIAN FEDERATION; 250:RWANDA; 1006:SAINT BARTHÉLEMY; 290: SAINT HELENA, ASCENSION AND TRISTAN DA CUNHA; 1869:SAINT KITTS AND NEVIS; 1758:SAINT LUCIA; 1007:SAINT MARTIN (FRENCH PART); 508:SAINT PIERRE AND MIQUELON; 1784:SAINT VINCENT AND THE GRENADINES; 685:SAMOA; 378:SAN MARINO; 239:SAO TOME AND PRINCIPE; 966:SAUDI ARABIA; 221:SENEGAL; 381:SERBIA; 248:SEYCHELLES; 232:SIERRA LEONE; 65:SINGAPORE; 1721:SINT MAARTEN (DUTCH PART); 421:SLOVAKIA; 386:SLOVENIA; 677:SOLOMON ISLANDS; 252:SOMALIA; 28:SOUTH AFRICA; 1008:SOUTH GEORGIA AND THE SOUTH SANDWICH ISLANDS; 211:SOUTH SUDAN; 35:SPAIN; 94:SRI LANKA; 249:SUDAN; 597:SURINAME; 1012:SVALBARD AND JAN MAYEN; 268:SWAZILAND; 46:SWEDEN; 41:SWITZERLAND; 963:SYRIAN ARAB REPUBLIC; 886:TAIWAN; 992:TAJIKISTAN; 255:TANZANIA, UNITED REPUBLIC OF; 66:THAILAND; 670:TIMOR-LESTE (EAST TIMOR); 228:TOGO; 690:TOKELAU; 676:TONGA; 1868:TRINIDAD AND TOBAGO; 216:TUNISIA; 90:TURKEY; 993:TURKMENISTAN; 1649:TURKS AND CAICOS ISLANDS; 688:TUVALU; 256:UGANDA; 380:UKRAINE; 971:UNITED ARAB EMIRATES; 44:UNITED KINGDOM OF GREAT BRITAIN AND NORTHERN IRELAND; 2:UNITED STATES OF AMERICA; 1009:UNITED STATES MINOR OUTLYING ISLANDS; 598:URUGUAY; 998:UZBEKISTAN; 678:VANUATU; 58:VENEZUELA (BOLIVARIAN REPUBLIC OF); 84:VIET NAM; 1284:VIRGIN ISLANDS (BRITISH); 1340:VIRGIN ISLANDS (U.S.); 681:WALLIS AND FUTUNA; 1013:WESTERN SAHARA; 967:YEMEN; 260:ZAMBIA; 263:ZIMBABWE; 9999:OTHERS
ITR.ITR2.ScheduleFA.DetailsForiegnBank[].Bankname	string	True	type=string, minLength=1, maxLength=125, pattern=|(\s*([\w\d_=!@#$%\^*\(\){}\[\]\|\\:;',\.\?/~`\-\+<>&][\s\w\d_=!@#$%\^*\(\){}\[\]\|\\:;',\.\?/~`\-\+<>&]*)\s*), REQUIRED	
ITR.ITR2.ScheduleFA.DetailsForiegnBank[].AddressOfBank	string	True	type=string, minLength=1, maxLength=200, pattern=|(\s*([\w\d_=!@#$%\^*\(\){}\[\]\|\\:;',\.\?/~`\-\+<>&][\s\w\d_=!@#$%\^*\(\){}\[\]\|\\:;',\.\?/~`\-\+<>&]*)\s*), REQUIRED	
ITR.ITR2.ScheduleFA.DetailsForiegnBank[].ZipCode	string	True	type=string, minLength=1, maxLength=8, pattern=|(\s*([\w\d_=!@#$%\^*\(\){}\[\]\|\\:;',\.\?/~`\-\+<>&][\s\w\d_=!@#$%\^*\(\){}\[\]\|\\:;',\.\?/~`\-\+<>&]*)\s*), REQUIRED	
ITR.ITR2.ScheduleFA.DetailsForiegnBank[].ForeignAccountNumber	string	True	type=string, minLength=1, maxLength=34, pattern=|(\s*([\w\d_=!@#$%\^*\(\){}\[\]\|\\:;',\.\?/~`\-\+<>&][\s\w\d_=!@#$%\^*\(\){}\[\]\|\\:;',\.\?/~`\-\+<>&]*)\s*), REQUIRED	
ITR.ITR2.ScheduleFA.DetailsForiegnBank[].OwnerStatus	string	True	type=string, pattern=|(\s*([\w\d_=!@#$%\^*\(\){}\[\]\|\\:;',\.\?/~`\-\+<>&][\s\w\d_=!@#$%\^*\(\){}\[\]\|\\:;',\.\?/~`\-\+<>&]*)\s*), enum=['OWNER', 'BENEFICIAL_OWNER', 'BENIFICIARY'], REQUIRED	
ITR.ITR2.ScheduleFA.DetailsForiegnBank[].AccOpenDate	string	True	type=string, pattern=([12]\d{3}-(0[1-9]|1[0-2])-(0[1-9]|[12]\d|3[01])), REQUIRED	Date in YYYY-MM-DD format
ITR.ITR2.ScheduleFA.DetailsForiegnBank[].PeakBalanceDuringYear	integer	True	type=integer, minimum=-99999999999999, maximum=99999999999999, REQUIRED	
ITR.ITR2.ScheduleFA.DetailsForiegnBank[].ClosingBalance	integer	True	type=integer, minimum=-99999999999999, maximum=99999999999999, REQUIRED	
ITR.ITR2.ScheduleFA.DetailsForiegnBank[].IntrstAccured	integer	True	type=integer, minimum=-99999999999999, maximum=99999999999999, REQUIRED	
ITR.ITR2.ScheduleFA.DtlsForeignCustodialAcc[].CountryName	string	True	type=string, minLength=1, maxLength=55, pattern=|(\s*([\w\d_=!@#$%\^*\(\){}\[\]\|\\:;',\.\?/~`\-\+<>&][\s\w\d_=!@#$%\^*\(\){}\[\]\|\\:;',\.\?/~`\-\+<>&]*)\s*), REQUIRED	
ITR.ITR2.ScheduleFA.DtlsForeignCustodialAcc[].CountryCodeExcludingIndia	string	True	type=string, pattern=|(\s*([\w\d_=!@#$%\^*\(\){}\[\]\|\\:;',\.\?/~`\-\+<>&][\s\w\d_=!@#$%\^*\(\){}\[\]\|\\:;',\.\?/~`\-\+<>&]*)\s*), enum=['93', '1001', '355', '213', '684', '376', '244', '1264', '1010', '1268', '54', '374', '297', '61', '43', '994', '1242', '973', '880', '1246', '375', '32', '501…], REQUIRED	93:AFGHANISTAN; 1001:ÅLAND ISLANDS; 355:ALBANIA; 213:ALGERIA; 684:AMERICAN SAMOA; 376:ANDORRA; 244:ANGOLA; 1264:ANGUILLA; 1010:ANTARCTICA; 1268:ANTIGUA AND BARBUDA; 54:ARGENTINA; 374:ARMENIA; 297:ARUBA; 61:AUSTRALIA; 43:AUSTRIA; 994:AZERBAIJAN; 1242:BAHAMAS; 973:BAHRAIN; 880:BANGLADESH; 1246:BARBADOS; 375:BELARUS; 32:BELGIUM; 501:BELIZE; 229:BENIN; 1441:BERMUDA; 975:BHUTAN; 591:BOLIVIA (PLURINATIONAL STATE OF); 1002:BONAIRE, SINT EUSTATIUS AND SABA; 387:BOSNIA AND HERZEGOVINA; 267:BOTSWANA; 1003:BOUVET ISLAND; 55:BRAZIL; 1014:BRITISH INDIAN OCEAN TERRITORY; 673:BRUNEI DARUSSALAM; 359:BULGARIA; 226: BURKINA FASO; 257:BURUNDI; 238:CABO VERDE; 855:CAMBODIA; 237:CAMEROON; 1:CANADA; 1345:CAYMAN ISLANDS; 236:CENTRAL AFRICAN REPUBLIC; 235:CHAD; 56:CHILE; 86:CHINA; 9:CHRISTMAS ISLAND; 672:COCOS (KEELING) ISLANDS; 57:COLOMBIA; 270:COMOROS; 242:CONGO; 243:CONGO (DEMOCRATIC REPUBLIC OF THE); 682:COOK ISLANDS; 506:COSTA RICA; 225:CÔTE D'IVOIRE; 385:CROATIA; 53:CUBA; 1015:CURAÇAO; 357:CYPRUS; 420:CZECHIA; 45:DENMARK; 253:DJIBOUTI; 1767:DOMINICA; 1809:DOMINICAN REPUBLIC; 593:ECUADOR; 20:EGYPT; 503:EL SALVADOR; 240:EQUATORIAL GUINEA; 291:ERITREA; 372:ESTONIA; 251:ETHIOPIA; 500:FALKLAND ISLANDS (MALVINAS); 298:FAROE ISLANDS; 679:FIJI; 358:FINLAND; 33:FRANCE; 594:FRENCH GUIANA; 689:FRENCH POLYNESIA; 1004:FRENCH SOUTHERN TERRITORIES; 241:GABON; 220:GAMBIA; 995:GEORGIA; 49:GERMANY; 233:GHANA; 350:GIBRALTAR; 30:GREECE; 299:GREENLAND; 1473:GRENADA; 590:GUADELOUPE; 1671:GUAM; 502:GUATEMALA; 1481:GUERNSEY; 224:GUINEA; 245:GUINEA-BISSAU; 592:GUYANA; 509:HAITI; 1005:HEARD ISLAND AND MCDONALD ISLANDS; 6:HOLY SEE; 504:HONDURAS; 852:HONG KONG; 36:HUNGARY; 354:ICELAND; 62:INDONESIA; 98:IRAN (ISLAMIC REPUBLIC OF); 964:IRAQ; 353:IRELAND; 1624:ISLE OF MAN; 972:ISRAEL; 5:ITALY; 1876:JAMAICA; 81:JAPAN; 1534:JERSEY; 962:JORDAN; 7:KAZAKHSTAN; 254:KENYA; 686:KIRIBATI; 850:KOREA(DEMOCRATIC PEOPLE'S REPUBLIC OF); 82:KOREA (REPUBLIC OF); 965:KUWAIT; 996:KYRGYZSTAN; 856:LAO PEOPLE'S DEMOCRATIC REPUBLIC; 371:LATVIA; 961:LEBANON; 266:LESOTHO; 231:LIBERIA; 218:LIBYA; 423:LIECHTENSTEIN; 370:LITHUANIA; 352:LUXEMBOURG; 853:MACAO; 389:MACEDONIA(THE FORMER YUGOSLAV REPUBLIC OF); 261:MADAGASCAR; 265:MALAWI; 60:MALAYSIA; 960:MALDIVES; 223:MALI; 356:MALTA; 692:MARSHALL ISLANDS; 596:MARTINIQUE; 222:MAURITANIA; 230:MAURITIUS; 269:MAYOTTE; 52:MEXICO; 691:MICRONESIA (FEDERATED STATES OF); 373:MOLDOVA (REPUBLIC OF); 377:MONACO; 976:MONGOLIA; 382:MONTENEGRO; 1664:MONTSERRAT; 212:MOROCCO; 258:MOZAMBIQUE; 95:MYANMAR; 264:NAMIBIA; 674:NAURU; 977:NEPAL; 31:NETHERLANDS; 687:NEW CALEDONIA; 64:NEW ZEALAND; 505:NICARAGUA; 227:NIGER; 234:NIGERIA; 683:NIUE; 15:NORFOLK ISLAND; 1670:NORTHERN MARIANA ISLANDS; 47:NORWAY; 968:OMAN; 92:PAKISTAN; 680:PALAU; 970:PALESTINE, STATE OF; 507:PANAMA; 675:PAPUA NEW GUINEA; 595:PARAGUAY; 51:PERU; 63:PHILIPPINES; 1011:PITCAIRN; 48:POLAND; 14:PORTUGAL; 1787:PUERTO RICO; 974:QATAR; 262:RÉUNION; 40:ROMANIA; 8:RUSSIAN FEDERATION; 250:RWANDA; 1006:SAINT BARTHÉLEMY; 290: SAINT HELENA, ASCENSION AND TRISTAN DA CUNHA; 1869:SAINT KITTS AND NEVIS; 1758:SAINT LUCIA; 1007:SAINT MARTIN (FRENCH PART); 508:SAINT PIERRE AND MIQUELON; 1784:SAINT VINCENT AND THE GRENADINES; 685:SAMOA; 378:SAN MARINO; 239:SAO TOME AND PRINCIPE; 966:SAUDI ARABIA; 221:SENEGAL; 381:SERBIA; 248:SEYCHELLES; 232:SIERRA LEONE; 65:SINGAPORE; 1721:SINT MAARTEN (DUTCH PART); 421:SLOVAKIA; 386:SLOVENIA; 677:SOLOMON ISLANDS; 252:SOMALIA; 28:SOUTH AFRICA; 1008:SOUTH GEORGIA AND THE SOUTH SANDWICH ISLANDS; 211:SOUTH SUDAN; 35:SPAIN; 94:SRI LANKA; 249:SUDAN; 597:SURINAME; 1012:SVALBARD AND JAN MAYEN; 268:SWAZILAND; 46:SWEDEN; 41:SWITZERLAND; 963:SYRIAN ARAB REPUBLIC; 886:TAIWAN; 992:TAJIKISTAN; 255:TANZANIA, UNITED REPUBLIC OF; 66:THAILAND; 670:TIMOR-LESTE (EAST TIMOR); 228:TOGO; 690:TOKELAU; 676:TONGA; 1868:TRINIDAD AND TOBAGO; 216:TUNISIA; 90:TURKEY; 993:TURKMENISTAN; 1649:TURKS AND CAICOS ISLANDS; 688:TUVALU; 256:UGANDA; 380:UKRAINE; 971:UNITED ARAB EMIRATES; 44:UNITED KINGDOM OF GREAT BRITAIN AND NORTHERN IRELAND; 2:UNITED STATES OF AMERICA; 1009:UNITED STATES MINOR OUTLYING ISLANDS; 598:URUGUAY; 998:UZBEKISTAN; 678:VANUATU; 58:VENEZUELA (BOLIVARIAN REPUBLIC OF); 84:VIET NAM; 1284:VIRGIN ISLANDS (BRITISH); 1340:VIRGIN ISLANDS (U.S.); 681:WALLIS AND FUTUNA; 1013:WESTERN SAHARA; 967:YEMEN; 260:ZAMBIA; 263:ZIMBABWE; 9999:OTHERS
ITR.ITR2.ScheduleFA.DtlsForeignCustodialAcc[].FinancialInstName	string	True	type=string, minLength=1, maxLength=125, pattern=|(\s*([\w\d_=!@#$%\^*\(\){}\[\]\|\\:;',\.\?/~`\-\+<>&][\s\w\d_=!@#$%\^*\(\){}\[\]\|\\:;',\.\?/~`\-\+<>&]*)\s*), REQUIRED	
ITR.ITR2.ScheduleFA.DtlsForeignCustodialAcc[].FinancialInstAddress	string	True	type=string, minLength=1, maxLength=200, pattern=|(\s*([\w\d_=!@#$%\^*\(\){}\[\]\|\\:;',\.\?/~`\-\+<>&][\s\w\d_=!@#$%\^*\(\){}\[\]\|\\:;',\.\?/~`\-\+<>&]*)\s*), REQUIRED	
ITR.ITR2.ScheduleFA.DtlsForeignCustodialAcc[].ZipCode	string	True	type=string, minLength=1, maxLength=8, pattern=|(\s*([\w\d_=!@#$%\^*\(\){}\[\]\|\\:;',\.\?/~`\-\+<>&][\s\w\d_=!@#$%\^*\(\){}\[\]\|\\:;',\.\?/~`\-\+<>&]*)\s*), REQUIRED	
ITR.ITR2.ScheduleFA.DtlsForeignCustodialAcc[].AccountNumber	string	True	type=string, minLength=1, maxLength=34, pattern=|(\s*([\w\d_=!@#$%\^*\(\){}\[\]\|\\:;',\.\?/~`\-\+<>&][\s\w\d_=!@#$%\^*\(\){}\[\]\|\\:;',\.\?/~`\-\+<>&]*)\s*), REQUIRED	
ITR.ITR2.ScheduleFA.DtlsForeignCustodialAcc[].Status	string	True	type=string, pattern=|(\s*([\w\d_=!@#$%\^*\(\){}\[\]\|\\:;',\.\?/~`\-\+<>&][\s\w\d_=!@#$%\^*\(\){}\[\]\|\\:;',\.\?/~`\-\+<>&]*)\s*), enum=['OWNER', 'BENEFICIAL_OWNER', 'BENIFICIARY'], REQUIRED	
ITR.ITR2.ScheduleFA.DtlsForeignCustodialAcc[].AccOpenDate	string	True	type=string, pattern=([12]\d{3}-(0[1-9]|1[0-2])-(0[1-9]|[12]\d|3[01])), REQUIRED	Date in YYYY-MM-DD format
ITR.ITR2.ScheduleFA.DtlsForeignCustodialAcc[].PeakBalanceDuringPeriod	integer	True	type=integer, minimum=-99999999999999, maximum=99999999999999, REQUIRED	
ITR.ITR2.ScheduleFA.DtlsForeignCustodialAcc[].ClosingBalance	integer	True	type=integer, minimum=-99999999999999, maximum=99999999999999, REQUIRED	
ITR.ITR2.ScheduleFA.DtlsForeignCustodialAcc[].GrossAmtPaidCredited	integer	True	type=integer, minimum=0, maximum=99999999999999, REQUIRED	
ITR.ITR2.ScheduleFA.DtlsForeignCustodialAcc[].NatureOfAmount	string	True	type=string, pattern=|(\s*([\w\d_=!@#$%\^*\(\){}\[\]\|\\:;',\.\?/~`\-\+<>&][\s\w\d_=!@#$%\^*\(\){}\[\]\|\\:;',\.\?/~`\-\+<>&]*)\s*), enum=['I', 'D', 'S', 'O', 'N'], REQUIRED	I - Interest; D - Dividend; S - Proceeds from sale or redemption of financial assets; O - Other income; N - No Amount paid/credited
ITR.ITR2.ScheduleFA.DtlsForeignEquityDebtInterest[].CountryName	string	True	type=string, minLength=1, maxLength=55, pattern=|(\s*([\w\d_=!@#$%\^*\(\){}\[\]\|\\:;',\.\?/~`\-\+<>&][\s\w\d_=!@#$%\^*\(\){}\[\]\|\\:;',\.\?/~`\-\+<>&]*)\s*), REQUIRED	
ITR.ITR2.ScheduleFA.DtlsForeignEquityDebtInterest[].CountryCodeExcludingIndia	string	True	type=string, pattern=|(\s*([\w\d_=!@#$%\^*\(\){}\[\]\|\\:;',\.\?/~`\-\+<>&][\s\w\d_=!@#$%\^*\(\){}\[\]\|\\:;',\.\?/~`\-\+<>&]*)\s*), enum=['93', '1001', '355', '213', '684', '376', '244', '1264', '1010', '1268', '54', '374', '297', '61', '43', '994', '1242', '973', '880', '1246', '375', '32', '501…], REQUIRED	93:AFGHANISTAN; 1001:ÅLAND ISLANDS; 355:ALBANIA; 213:ALGERIA; 684:AMERICAN SAMOA; 376:ANDORRA; 244:ANGOLA; 1264:ANGUILLA; 1010:ANTARCTICA; 1268:ANTIGUA AND BARBUDA; 54:ARGENTINA; 374:ARMENIA; 297:ARUBA; 61:AUSTRALIA; 43:AUSTRIA; 994:AZERBAIJAN; 1242:BAHAMAS; 973:BAHRAIN; 880:BANGLADESH; 1246:BARBADOS; 375:BELARUS; 32:BELGIUM; 501:BELIZE; 229:BENIN; 1441:BERMUDA; 975:BHUTAN; 591:BOLIVIA (PLURINATIONAL STATE OF); 1002:BONAIRE, SINT EUSTATIUS AND SABA; 387:BOSNIA AND HERZEGOVINA; 267:BOTSWANA; 1003:BOUVET ISLAND; 55:BRAZIL; 1014:BRITISH INDIAN OCEAN TERRITORY; 673:BRUNEI DARUSSALAM; 359:BULGARIA; 226: BURKINA FASO; 257:BURUNDI; 238:CABO VERDE; 855:CAMBODIA; 237:CAMEROON; 1:CANADA; 1345:CAYMAN ISLANDS; 236:CENTRAL AFRICAN REPUBLIC; 235:CHAD; 56:CHILE; 86:CHINA; 9:CHRISTMAS ISLAND; 672:COCOS (KEELING) ISLANDS; 57:COLOMBIA; 270:COMOROS; 242:CONGO; 243:CONGO (DEMOCRATIC REPUBLIC OF THE); 682:COOK ISLANDS; 506:COSTA RICA; 225:CÔTE D'IVOIRE; 385:CROATIA; 53:CUBA; 1015:CURAÇAO; 357:CYPRUS; 420:CZECHIA; 45:DENMARK; 253:DJIBOUTI; 1767:DOMINICA; 1809:DOMINICAN REPUBLIC; 593:ECUADOR; 20:EGYPT; 503:EL SALVADOR; 240:EQUATORIAL GUINEA; 291:ERITREA; 372:ESTONIA; 251:ETHIOPIA; 500:FALKLAND ISLANDS (MALVINAS); 298:FAROE ISLANDS; 679:FIJI; 358:FINLAND; 33:FRANCE; 594:FRENCH GUIANA; 689:FRENCH POLYNESIA; 1004:FRENCH SOUTHERN TERRITORIES; 241:GABON; 220:GAMBIA; 995:GEORGIA; 49:GERMANY; 233:GHANA; 350:GIBRALTAR; 30:GREECE; 299:GREENLAND; 1473:GRENADA; 590:GUADELOUPE; 1671:GUAM; 502:GUATEMALA; 1481:GUERNSEY; 224:GUINEA; 245:GUINEA-BISSAU; 592:GUYANA; 509:HAITI; 1005:HEARD ISLAND AND MCDONALD ISLANDS; 6:HOLY SEE; 504:HONDURAS; 852:HONG KONG; 36:HUNGARY; 354:ICELAND; 62:INDONESIA; 98:IRAN (ISLAMIC REPUBLIC OF); 964:IRAQ; 353:IRELAND; 1624:ISLE OF MAN; 972:ISRAEL; 5:ITALY; 1876:JAMAICA; 81:JAPAN; 1534:JERSEY; 962:JORDAN; 7:KAZAKHSTAN; 254:KENYA; 686:KIRIBATI; 850:KOREA(DEMOCRATIC PEOPLE'S REPUBLIC OF); 82:KOREA (REPUBLIC OF); 965:KUWAIT; 996:KYRGYZSTAN; 856:LAO PEOPLE'S DEMOCRATIC REPUBLIC; 371:LATVIA; 961:LEBANON; 266:LESOTHO; 231:LIBERIA; 218:LIBYA; 423:LIECHTENSTEIN; 370:LITHUANIA; 352:LUXEMBOURG; 853:MACAO; 389:MACEDONIA(THE FORMER YUGOSLAV REPUBLIC OF); 261:MADAGASCAR; 265:MALAWI; 60:MALAYSIA; 960:MALDIVES; 223:MALI; 356:MALTA; 692:MARSHALL ISLANDS; 596:MARTINIQUE; 222:MAURITANIA; 230:MAURITIUS; 269:MAYOTTE; 52:MEXICO; 691:MICRONESIA (FEDERATED STATES OF); 373:MOLDOVA (REPUBLIC OF); 377:MONACO; 976:MONGOLIA; 382:MONTENEGRO; 1664:MONTSERRAT; 212:MOROCCO; 258:MOZAMBIQUE; 95:MYANMAR; 264:NAMIBIA; 674:NAURU; 977:NEPAL; 31:NETHERLANDS; 687:NEW CALEDONIA; 64:NEW ZEALAND; 505:NICARAGUA; 227:NIGER; 234:NIGERIA; 683:NIUE; 15:NORFOLK ISLAND; 1670:NORTHERN MARIANA ISLANDS; 47:NORWAY; 968:OMAN; 92:PAKISTAN; 680:PALAU; 970:PALESTINE, STATE OF; 507:PANAMA; 675:PAPUA NEW GUINEA; 595:PARAGUAY; 51:PERU; 63:PHILIPPINES; 1011:PITCAIRN; 48:POLAND; 14:PORTUGAL; 1787:PUERTO RICO; 974:QATAR; 262:RÉUNION; 40:ROMANIA; 8:RUSSIAN FEDERATION; 250:RWANDA; 1006:SAINT BARTHÉLEMY; 290: SAINT HELENA, ASCENSION AND TRISTAN DA CUNHA; 1869:SAINT KITTS AND NEVIS; 1758:SAINT LUCIA; 1007:SAINT MARTIN (FRENCH PART); 508:SAINT PIERRE AND MIQUELON; 1784:SAINT VINCENT AND THE GRENADINES; 685:SAMOA; 378:SAN MARINO; 239:SAO TOME AND PRINCIPE; 966:SAUDI ARABIA; 221:SENEGAL; 381:SERBIA; 248:SEYCHELLES; 232:SIERRA LEONE; 65:SINGAPORE; 1721:SINT MAARTEN (DUTCH PART); 421:SLOVAKIA; 386:SLOVENIA; 677:SOLOMON ISLANDS; 252:SOMALIA; 28:SOUTH AFRICA; 1008:SOUTH GEORGIA AND THE SOUTH SANDWICH ISLANDS; 211:SOUTH SUDAN; 35:SPAIN; 94:SRI LANKA; 249:SUDAN; 597:SURINAME; 1012:SVALBARD AND JAN MAYEN; 268:SWAZILAND; 46:SWEDEN; 41:SWITZERLAND; 963:SYRIAN ARAB REPUBLIC; 886:TAIWAN; 992:TAJIKISTAN; 255:TANZANIA, UNITED REPUBLIC OF; 66:THAILAND; 670:TIMOR-LESTE (EAST TIMOR); 228:TOGO; 690:TOKELAU; 676:TONGA; 1868:TRINIDAD AND TOBAGO; 216:TUNISIA; 90:TURKEY; 993:TURKMENISTAN; 1649:TURKS AND CAICOS ISLANDS; 688:TUVALU; 256:UGANDA; 380:UKRAINE; 971:UNITED ARAB EMIRATES; 44:UNITED KINGDOM OF GREAT BRITAIN AND NORTHERN IRELAND; 2:UNITED STATES OF AMERICA; 1009:UNITED STATES MINOR OUTLYING ISLANDS; 598:URUGUAY; 998:UZBEKISTAN; 678:VANUATU; 58:VENEZUELA (BOLIVARIAN REPUBLIC OF); 84:VIET NAM; 1284:VIRGIN ISLANDS (BRITISH); 1340:VIRGIN ISLANDS (U.S.); 681:WALLIS AND FUTUNA; 1013:WESTERN SAHARA; 967:YEMEN; 260:ZAMBIA; 263:ZIMBABWE; 9999:OTHERS
ITR.ITR2.ScheduleFA.DtlsForeignEquityDebtInterest[].NameOfEntity	string	True	type=string, minLength=1, maxLength=125, pattern=|(\s*([\w\d_=!@#$%\^*\(\){}\[\]\|\\:;',\.\?/~`\-\+<>&][\s\w\d_=!@#$%\^*\(\){}\[\]\|\\:;',\.\?/~`\-\+<>&]*)\s*), REQUIRED	
ITR.ITR2.ScheduleFA.DtlsForeignEquityDebtInterest[].AddressOfEntity	string	True	type=string, minLength=1, maxLength=200, pattern=|(\s*([\w\d_=!@#$%\^*\(\){}\[\]\|\\:;',\.\?/~`\-\+<>&][\s\w\d_=!@#$%\^*\(\){}\[\]\|\\:;',\.\?/~`\-\+<>&]*)\s*), REQUIRED	
ITR.ITR2.ScheduleFA.DtlsForeignEquityDebtInterest[].ZipCode	string	True	type=string, minLength=1, maxLength=8, pattern=|(\s*([\w\d_=!@#$%\^*\(\){}\[\]\|\\:;',\.\?/~`\-\+<>&][\s\w\d_=!@#$%\^*\(\){}\[\]\|\\:;',\.\?/~`\-\+<>&]*)\s*), REQUIRED	
ITR.ITR2.ScheduleFA.DtlsForeignEquityDebtInterest[].NatureOfEntity	string	True	type=string, minLength=1, maxLength=34, pattern=|(\s*([\w\d_=!@#$%\^*\(\){}\[\]\|\\:;',\.\?/~`\-\+<>&][\s\w\d_=!@#$%\^*\(\){}\[\]\|\\:;',\.\?/~`\-\+<>&]*)\s*), REQUIRED	
ITR.ITR2.ScheduleFA.DtlsForeignEquityDebtInterest[].InterestAcquiringDate	string	True	type=string, pattern=([12]\d{3}-(0[1-9]|1[0-2])-(0[1-9]|[12]\d|3[01])), REQUIRED	Date in YYYY-MM-DD format
ITR.ITR2.ScheduleFA.DtlsForeignEquityDebtInterest[].InitialValOfInvstmnt	integer	True	type=integer, minimum=-99999999999999, maximum=99999999999999, REQUIRED	
ITR.ITR2.ScheduleFA.DtlsForeignEquityDebtInterest[].PeakBalanceDuringPeriod	integer	True	type=integer, minimum=-99999999999999, maximum=99999999999999, REQUIRED	
ITR.ITR2.ScheduleFA.DtlsForeignEquityDebtInterest[].ClosingBalance	integer	True	type=integer, minimum=-99999999999999, maximum=99999999999999, REQUIRED	
ITR.ITR2.ScheduleFA.DtlsForeignEquityDebtInterest[].TotGrossAmtPaidCredited	integer	True	type=integer, minimum=-99999999999999, maximum=99999999999999, REQUIRED	
ITR.ITR2.ScheduleFA.DtlsForeignEquityDebtInterest[].TotGrossProceeds	integer	True	type=integer, minimum=-99999999999999, maximum=99999999999999, REQUIRED	
ITR.ITR2.ScheduleFA.DtlsForeignCashValueInsurance[].CountryName	string	True	type=string, minLength=1, maxLength=55, pattern=|(\s*([\w\d_=!@#$%\^*\(\){}\[\]\|\\:;',\.\?/~`\-\+<>&][\s\w\d_=!@#$%\^*\(\){}\[\]\|\\:;',\.\?/~`\-\+<>&]*)\s*), REQUIRED	
ITR.ITR2.ScheduleFA.DtlsForeignCashValueInsurance[].CountryCodeExcludingIndia	string	True	type=string, pattern=|(\s*([\w\d_=!@#$%\^*\(\){}\[\]\|\\:;',\.\?/~`\-\+<>&][\s\w\d_=!@#$%\^*\(\){}\[\]\|\\:;',\.\?/~`\-\+<>&]*)\s*), enum=['93', '1001', '355', '213', '684', '376', '244', '1264', '1010', '1268', '54', '374', '297', '61', '43', '994', '1242', '973', '880', '1246', '375', '32', '501…], REQUIRED	93:AFGHANISTAN; 1001:ÅLAND ISLANDS; 355:ALBANIA; 213:ALGERIA; 684:AMERICAN SAMOA; 376:ANDORRA; 244:ANGOLA; 1264:ANGUILLA; 1010:ANTARCTICA; 1268:ANTIGUA AND BARBUDA; 54:ARGENTINA; 374:ARMENIA; 297:ARUBA; 61:AUSTRALIA; 43:AUSTRIA; 994:AZERBAIJAN; 1242:BAHAMAS; 973:BAHRAIN; 880:BANGLADESH; 1246:BARBADOS; 375:BELARUS; 32:BELGIUM; 501:BELIZE; 229:BENIN; 1441:BERMUDA; 975:BHUTAN; 591:BOLIVIA (PLURINATIONAL STATE OF); 1002:BONAIRE, SINT EUSTATIUS AND SABA; 387:BOSNIA AND HERZEGOVINA; 267:BOTSWANA; 1003:BOUVET ISLAND; 55:BRAZIL; 1014:BRITISH INDIAN OCEAN TERRITORY; 673:BRUNEI DARUSSALAM; 359:BULGARIA; 226: BURKINA FASO; 257:BURUNDI; 238:CABO VERDE; 855:CAMBODIA; 237:CAMEROON; 1:CANADA; 1345:CAYMAN ISLANDS; 236:CENTRAL AFRICAN REPUBLIC; 235:CHAD; 56:CHILE; 86:CHINA; 9:CHRISTMAS ISLAND; 672:COCOS (KEELING) ISLANDS; 57:COLOMBIA; 270:COMOROS; 242:CONGO; 243:CONGO (DEMOCRATIC REPUBLIC OF THE); 682:COOK ISLANDS; 506:COSTA RICA; 225:CÔTE D'IVOIRE; 385:CROATIA; 53:CUBA; 1015:CURAÇAO; 357:CYPRUS; 420:CZECHIA; 45:DENMARK; 253:DJIBOUTI; 1767:DOMINICA; 1809:DOMINICAN REPUBLIC; 593:ECUADOR; 20:EGYPT; 503:EL SALVADOR; 240:EQUATORIAL GUINEA; 291:ERITREA; 372:ESTONIA; 251:ETHIOPIA; 500:FALKLAND ISLANDS (MALVINAS); 298:FAROE ISLANDS; 679:FIJI; 358:FINLAND; 33:FRANCE; 594:FRENCH GUIANA; 689:FRENCH POLYNESIA; 1004:FRENCH SOUTHERN TERRITORIES; 241:GABON; 220:GAMBIA; 995:GEORGIA; 49:GERMANY; 233:GHANA; 350:GIBRALTAR; 30:GREECE; 299:GREENLAND; 1473:GRENADA; 590:GUADELOUPE; 1671:GUAM; 502:GUATEMALA; 1481:GUERNSEY; 224:GUINEA; 245:GUINEA-BISSAU; 592:GUYANA; 509:HAITI; 1005:HEARD ISLAND AND MCDONALD ISLANDS; 6:HOLY SEE; 504:HONDURAS; 852:HONG KONG; 36:HUNGARY; 354:ICELAND; 62:INDONESIA; 98:IRAN (ISLAMIC REPUBLIC OF); 964:IRAQ; 353:IRELAND; 1624:ISLE OF MAN; 972:ISRAEL; 5:ITALY; 1876:JAMAICA; 81:JAPAN; 1534:JERSEY; 962:JORDAN; 7:KAZAKHSTAN; 254:KENYA; 686:KIRIBATI; 850:KOREA(DEMOCRATIC PEOPLE'S REPUBLIC OF); 82:KOREA (REPUBLIC OF); 965:KUWAIT; 996:KYRGYZSTAN; 856:LAO PEOPLE'S DEMOCRATIC REPUBLIC; 371:LATVIA; 961:LEBANON; 266:LESOTHO; 231:LIBERIA; 218:LIBYA; 423:LIECHTENSTEIN; 370:LITHUANIA; 352:LUXEMBOURG; 853:MACAO; 389:MACEDONIA(THE FORMER YUGOSLAV REPUBLIC OF); 261:MADAGASCAR; 265:MALAWI; 60:MALAYSIA; 960:MALDIVES; 223:MALI; 356:MALTA; 692:MARSHALL ISLANDS; 596:MARTINIQUE; 222:MAURITANIA; 230:MAURITIUS; 269:MAYOTTE; 52:MEXICO; 691:MICRONESIA (FEDERATED STATES OF); 373:MOLDOVA (REPUBLIC OF); 377:MONACO; 976:MONGOLIA; 382:MONTENEGRO; 1664:MONTSERRAT; 212:MOROCCO; 258:MOZAMBIQUE; 95:MYANMAR; 264:NAMIBIA; 674:NAURU; 977:NEPAL; 31:NETHERLANDS; 687:NEW CALEDONIA; 64:NEW ZEALAND; 505:NICARAGUA; 227:NIGER; 234:NIGERIA; 683:NIUE; 15:NORFOLK ISLAND; 1670:NORTHERN MARIANA ISLANDS; 47:NORWAY; 968:OMAN; 92:PAKISTAN; 680:PALAU; 970:PALESTINE, STATE OF; 507:PANAMA; 675:PAPUA NEW GUINEA; 595:PARAGUAY; 51:PERU; 63:PHILIPPINES; 1011:PITCAIRN; 48:POLAND; 14:PORTUGAL; 1787:PUERTO RICO; 974:QATAR; 262:RÉUNION; 40:ROMANIA; 8:RUSSIAN FEDERATION; 250:RWANDA; 1006:SAINT BARTHÉLEMY; 290: SAINT HELENA, ASCENSION AND TRISTAN DA CUNHA; 1869:SAINT KITTS AND NEVIS; 1758:SAINT LUCIA; 1007:SAINT MARTIN (FRENCH PART); 508:SAINT PIERRE AND MIQUELON; 1784:SAINT VINCENT AND THE GRENADINES; 685:SAMOA; 378:SAN MARINO; 239:SAO TOME AND PRINCIPE; 966:SAUDI ARABIA; 221:SENEGAL; 381:SERBIA; 248:SEYCHELLES; 232:SIERRA LEONE; 65:SINGAPORE; 1721:SINT MAARTEN (DUTCH PART); 421:SLOVAKIA; 386:SLOVENIA; 677:SOLOMON ISLANDS; 252:SOMALIA; 28:SOUTH AFRICA; 1008:SOUTH GEORGIA AND THE SOUTH SANDWICH ISLANDS; 211:SOUTH SUDAN; 35:SPAIN; 94:SRI LANKA; 249:SUDAN; 597:SURINAME; 1012:SVALBARD AND JAN MAYEN; 268:SWAZILAND; 46:SWEDEN; 41:SWITZERLAND; 963:SYRIAN ARAB REPUBLIC; 886:TAIWAN; 992:TAJIKISTAN; 255:TANZANIA, UNITED REPUBLIC OF; 66:THAILAND; 670:TIMOR-LESTE (EAST TIMOR); 228:TOGO; 690:TOKELAU; 676:TONGA; 1868:TRINIDAD AND TOBAGO; 216:TUNISIA; 90:TURKEY; 993:TURKMENISTAN; 1649:TURKS AND CAICOS ISLANDS; 688:TUVALU; 256:UGANDA; 380:UKRAINE; 971:UNITED ARAB EMIRATES; 44:UNITED KINGDOM OF GREAT BRITAIN AND NORTHERN IRELAND; 2:UNITED STATES OF AMERICA; 1009:UNITED STATES MINOR OUTLYING ISLANDS; 598:URUGUAY; 998:UZBEKISTAN; 678:VANUATU; 58:VENEZUELA (BOLIVARIAN REPUBLIC OF); 84:VIET NAM; 1284:VIRGIN ISLANDS (BRITISH); 1340:VIRGIN ISLANDS (U.S.); 681:WALLIS AND FUTUNA; 1013:WESTERN SAHARA; 967:YEMEN; 260:ZAMBIA; 263:ZIMBABWE; 9999:OTHERS
ITR.ITR2.ScheduleFA.DtlsForeignCashValueInsurance[].FinancialInstName	string	True	type=string, minLength=1, maxLength=125, pattern=|(\s*([\w\d_=!@#$%\^*\(\){}\[\]\|\\:;',\.\?/~`\-\+<>&][\s\w\d_=!@#$%\^*\(\){}\[\]\|\\:;',\.\?/~`\-\+<>&]*)\s*), REQUIRED	
ITR.ITR2.ScheduleFA.DtlsForeignCashValueInsurance[].FinancialInstAddress	string	True	type=string, minLength=1, maxLength=200, pattern=|(\s*([\w\d_=!@#$%\^*\(\){}\[\]\|\\:;',\.\?/~`\-\+<>&][\s\w\d_=!@#$%\^*\(\){}\[\]\|\\:;',\.\?/~`\-\+<>&]*)\s*), REQUIRED	
ITR.ITR2.ScheduleFA.DtlsForeignCashValueInsurance[].ZipCode	string	True	type=string, minLength=1, maxLength=8, pattern=|(\s*([\w\d_=!@#$%\^*\(\){}\[\]\|\\:;',\.\?/~`\-\+<>&][\s\w\d_=!@#$%\^*\(\){}\[\]\|\\:;',\.\?/~`\-\+<>&]*)\s*), REQUIRED	
ITR.ITR2.ScheduleFA.DtlsForeignCashValueInsurance[].ContractDate	string	True	type=string, pattern=([12]\d{3}-(0[1-9]|1[0-2])-(0[1-9]|[12]\d|3[01])), REQUIRED	Date in YYYY-MM-DD format
ITR.ITR2.ScheduleFA.DtlsForeignCashValueInsurance[].CashValOrSurrenderVal	integer	True	type=integer, minimum=-99999999999999, maximum=99999999999999, REQUIRED	
ITR.ITR2.ScheduleFA.DtlsForeignCashValueInsurance[].TotGrossAmtPaidCredited	integer	True	type=integer, minimum=-99999999999999, maximum=99999999999999, REQUIRED	
ITR.ITR2.ScheduleFA.DetailsFinancialInterest[].CountryName	string	True	type=string, minLength=1, maxLength=55, pattern=|(\s*([\w\d_=!@#$%\^*\(\){}\[\]\|\\:;',\.\?/~`\-\+<>&][\s\w\d_=!@#$%\^*\(\){}\[\]\|\\:;',\.\?/~`\-\+<>&]*)\s*), REQUIRED	
ITR.ITR2.ScheduleFA.DetailsFinancialInterest[].CountryCodeExcludingIndia	string	True	type=string, pattern=|(\s*([\w\d_=!@#$%\^*\(\){}\[\]\|\\:;',\.\?/~`\-\+<>&][\s\w\d_=!@#$%\^*\(\){}\[\]\|\\:;',\.\?/~`\-\+<>&]*)\s*), enum=['93', '1001', '355', '213', '684', '376', '244', '1264', '1010', '1268', '54', '374', '297', '61', '43', '994', '1242', '973', '880', '1246', '375', '32', '501…], REQUIRED	93:AFGHANISTAN; 1001:ÅLAND ISLANDS; 355:ALBANIA; 213:ALGERIA; 684:AMERICAN SAMOA; 376:ANDORRA; 244:ANGOLA; 1264:ANGUILLA; 1010:ANTARCTICA; 1268:ANTIGUA AND BARBUDA; 54:ARGENTINA; 374:ARMENIA; 297:ARUBA; 61:AUSTRALIA; 43:AUSTRIA; 994:AZERBAIJAN; 1242:BAHAMAS; 973:BAHRAIN; 880:BANGLADESH; 1246:BARBADOS; 375:BELARUS; 32:BELGIUM; 501:BELIZE; 229:BENIN; 1441:BERMUDA; 975:BHUTAN; 591:BOLIVIA (PLURINATIONAL STATE OF); 1002:BONAIRE, SINT EUSTATIUS AND SABA; 387:BOSNIA AND HERZEGOVINA; 267:BOTSWANA; 1003:BOUVET ISLAND; 55:BRAZIL; 1014:BRITISH INDIAN OCEAN TERRITORY; 673:BRUNEI DARUSSALAM; 359:BULGARIA; 226: BURKINA FASO; 257:BURUNDI; 238:CABO VERDE; 855:CAMBODIA; 237:CAMEROON; 1:CANADA; 1345:CAYMAN ISLANDS; 236:CENTRAL AFRICAN REPUBLIC; 235:CHAD; 56:CHILE; 86:CHINA; 9:CHRISTMAS ISLAND; 672:COCOS (KEELING) ISLANDS; 57:COLOMBIA; 270:COMOROS; 242:CONGO; 243:CONGO (DEMOCRATIC REPUBLIC OF THE); 682:COOK ISLANDS; 506:COSTA RICA; 225:CÔTE D'IVOIRE; 385:CROATIA; 53:CUBA; 1015:CURAÇAO; 357:CYPRUS; 420:CZECHIA; 45:DENMARK; 253:DJIBOUTI; 1767:DOMINICA; 1809:DOMINICAN REPUBLIC; 593:ECUADOR; 20:EGYPT; 503:EL SALVADOR; 240:EQUATORIAL GUINEA; 291:ERITREA; 372:ESTONIA; 251:ETHIOPIA; 500:FALKLAND ISLANDS (MALVINAS); 298:FAROE ISLANDS; 679:FIJI; 358:FINLAND; 33:FRANCE; 594:FRENCH GUIANA; 689:FRENCH POLYNESIA; 1004:FRENCH SOUTHERN TERRITORIES; 241:GABON; 220:GAMBIA; 995:GEORGIA; 49:GERMANY; 233:GHANA; 350:GIBRALTAR; 30:GREECE; 299:GREENLAND; 1473:GRENADA; 590:GUADELOUPE; 1671:GUAM; 502:GUATEMALA; 1481:GUERNSEY; 224:GUINEA; 245:GUINEA-BISSAU; 592:GUYANA; 509:HAITI; 1005:HEARD ISLAND AND MCDONALD ISLANDS; 6:HOLY SEE; 504:HONDURAS; 852:HONG KONG; 36:HUNGARY; 354:ICELAND; 62:INDONESIA; 98:IRAN (ISLAMIC REPUBLIC OF); 964:IRAQ; 353:IRELAND; 1624:ISLE OF MAN; 972:ISRAEL; 5:ITALY; 1876:JAMAICA; 81:JAPAN; 1534:JERSEY; 962:JORDAN; 7:KAZAKHSTAN; 254:KENYA; 686:KIRIBATI; 850:KOREA(DEMOCRATIC PEOPLE'S REPUBLIC OF); 82:KOREA (REPUBLIC OF); 965:KUWAIT; 996:KYRGYZSTAN; 856:LAO PEOPLE'S DEMOCRATIC REPUBLIC; 371:LATVIA; 961:LEBANON; 266:LESOTHO; 231:LIBERIA; 218:LIBYA; 423:LIECHTENSTEIN; 370:LITHUANIA; 352:LUXEMBOURG; 853:MACAO; 389:MACEDONIA(THE FORMER YUGOSLAV REPUBLIC OF); 261:MADAGASCAR; 265:MALAWI; 60:MALAYSIA; 960:MALDIVES; 223:MALI; 356:MALTA; 692:MARSHALL ISLANDS; 596:MARTINIQUE; 222:MAURITANIA; 230:MAURITIUS; 269:MAYOTTE; 52:MEXICO; 691:MICRONESIA (FEDERATED STATES OF); 373:MOLDOVA (REPUBLIC OF); 377:MONACO; 976:MONGOLIA; 382:MONTENEGRO; 1664:MONTSERRAT; 212:MOROCCO; 258:MOZAMBIQUE; 95:MYANMAR; 264:NAMIBIA; 674:NAURU; 977:NEPAL; 31:NETHERLANDS; 687:NEW CALEDONIA; 64:NEW ZEALAND; 505:NICARAGUA; 227:NIGER; 234:NIGERIA; 683:NIUE; 15:NORFOLK ISLAND; 1670:NORTHERN MARIANA ISLANDS; 47:NORWAY; 968:OMAN; 92:PAKISTAN; 680:PALAU; 970:PALESTINE, STATE OF; 507:PANAMA; 675:PAPUA NEW GUINEA; 595:PARAGUAY; 51:PERU; 63:PHILIPPINES; 1011:PITCAIRN; 48:POLAND; 14:PORTUGAL; 1787:PUERTO RICO; 974:QATAR; 262:RÉUNION; 40:ROMANIA; 8:RUSSIAN FEDERATION; 250:RWANDA; 1006:SAINT BARTHÉLEMY; 290: SAINT HELENA, ASCENSION AND TRISTAN DA CUNHA; 1869:SAINT KITTS AND NEVIS; 1758:SAINT LUCIA; 1007:SAINT MARTIN (FRENCH PART); 508:SAINT PIERRE AND MIQUELON; 1784:SAINT VINCENT AND THE GRENADINES; 685:SAMOA; 378:SAN MARINO; 239:SAO TOME AND PRINCIPE; 966:SAUDI ARABIA; 221:SENEGAL; 381:SERBIA; 248:SEYCHELLES; 232:SIERRA LEONE; 65:SINGAPORE; 1721:SINT MAARTEN (DUTCH PART); 421:SLOVAKIA; 386:SLOVENIA; 677:SOLOMON ISLANDS; 252:SOMALIA; 28:SOUTH AFRICA; 1008:SOUTH GEORGIA AND THE SOUTH SANDWICH ISLANDS; 211:SOUTH SUDAN; 35:SPAIN; 94:SRI LANKA; 249:SUDAN; 597:SURINAME; 1012:SVALBARD AND JAN MAYEN; 268:SWAZILAND; 46:SWEDEN; 41:SWITZERLAND; 963:SYRIAN ARAB REPUBLIC; 886:TAIWAN; 992:TAJIKISTAN; 255:TANZANIA, UNITED REPUBLIC OF; 66:THAILAND; 670:TIMOR-LESTE (EAST TIMOR); 228:TOGO; 690:TOKELAU; 676:TONGA; 1868:TRINIDAD AND TOBAGO; 216:TUNISIA; 90:TURKEY; 993:TURKMENISTAN; 1649:TURKS AND CAICOS ISLANDS; 688:TUVALU; 256:UGANDA; 380:UKRAINE; 971:UNITED ARAB EMIRATES; 44:UNITED KINGDOM OF GREAT BRITAIN AND NORTHERN IRELAND; 2:UNITED STATES OF AMERICA; 1009:UNITED STATES MINOR OUTLYING ISLANDS; 598:URUGUAY; 998:UZBEKISTAN; 678:VANUATU; 58:VENEZUELA (BOLIVARIAN REPUBLIC OF); 84:VIET NAM; 1284:VIRGIN ISLANDS (BRITISH); 1340:VIRGIN ISLANDS (U.S.); 681:WALLIS AND FUTUNA; 1013:WESTERN SAHARA; 967:YEMEN; 260:ZAMBIA; 263:ZIMBABWE; 9999:OTHERS
ITR.ITR2.ScheduleFA.DetailsFinancialInterest[].ZipCode	string	True	type=string, minLength=1, maxLength=8, pattern=|(\s*([\w\d_=!@#$%\^*\(\){}\[\]\|\\:;',\.\?/~`\-\+<>&][\s\w\d_=!@#$%\^*\(\){}\[\]\|\\:;',\.\?/~`\-\+<>&]*)\s*), REQUIRED	
ITR.ITR2.ScheduleFA.DetailsFinancialInterest[].NatureOfEntity	string	False	type=string, maxLength=100, pattern=|(\s*([\w\d_=!@#$%\^*\(\){}\[\]\|\\:;',\.\?/~`\-\+<>&][\s\w\d_=!@#$%\^*\(\){}\[\]\|\\:;',\.\?/~`\-\+<>&]*)\s*)	
ITR.ITR2.ScheduleFA.DetailsFinancialInterest[].NameOfEntity	string	True	type=string, minLength=1, maxLength=125, pattern=|(\s*([\w\d_=!@#$%\^*\(\){}\[\]\|\\:;',\.\?/~`\-\+<>&][\s\w\d_=!@#$%\^*\(\){}\[\]\|\\:;',\.\?/~`\-\+<>&]*)\s*), REQUIRED	
ITR.ITR2.ScheduleFA.DetailsFinancialInterest[].AddressOfEntity	string	True	type=string, minLength=1, maxLength=200, pattern=|(\s*([\w\d_=!@#$%\^*\(\){}\[\]\|\\:;',\.\?/~`\-\+<>&][\s\w\d_=!@#$%\^*\(\){}\[\]\|\\:;',\.\?/~`\-\+<>&]*)\s*), REQUIRED	
ITR.ITR2.ScheduleFA.DetailsFinancialInterest[].NatureOfInt	string	True	type=string, pattern=|(\s*([\w\d_=!@#$%\^*\(\){}\[\]\|\\:;',\.\?/~`\-\+<>&][\s\w\d_=!@#$%\^*\(\){}\[\]\|\\:;',\.\?/~`\-\+<>&]*)\s*), enum=['DIRECT', 'BENEFICIAL_OWNER', 'BENIFICIARY'], REQUIRED	
ITR.ITR2.ScheduleFA.DetailsFinancialInterest[].DateHeld	string	True	type=string, pattern=([12]\d{3}-(0[1-9]|1[0-2])-(0[1-9]|[12]\d|3[01])), REQUIRED	Date in YYYY-MM-DD format
ITR.ITR2.ScheduleFA.DetailsFinancialInterest[].TotalInvestment	integer	True	type=integer, minimum=0, maximum=99999999999999, REQUIRED	
ITR.ITR2.ScheduleFA.DetailsFinancialInterest[].IncFromInt	integer	True	type=integer, minimum=-99999999999999, maximum=99999999999999, REQUIRED	
ITR.ITR2.ScheduleFA.DetailsFinancialInterest[].NatureOfInc	string	True	type=string, minLength=1, maxLength=100, pattern=|(\s*([\w\d_=!@#$%\^*\(\){}\[\]\|\\:;',\.\?/~`\-\+<>&][\s\w\d_=!@#$%\^*\(\){}\[\]\|\\:;',\.\?/~`\-\+<>&]*)\s*), REQUIRED	
ITR.ITR2.ScheduleFA.DetailsFinancialInterest[].IncTaxAmt	integer	True	type=integer, minimum=-99999999999999, maximum=99999999999999, REQUIRED	
ITR.ITR2.ScheduleFA.DetailsFinancialInterest[].IncTaxSch	string	True	type=string, pattern=|(\s*([\w\d_=!@#$%\^*\(\){}\[\]\|\\:;',\.\?/~`\-\+<>&][\s\w\d_=!@#$%\^*\(\){}\[\]\|\\:;',\.\?/~`\-\+<>&]*)\s*), enum=['SA', 'HP', 'CG', 'OS', 'EI', 'NI'], REQUIRED	SA - Salary; HP - House Property; CG - Capital Gains; OS - Other Sources; EI - Exempt Income; NI - No Income during the year
ITR.ITR2.ScheduleFA.DetailsFinancialInterest[].IncTaxSchNo	string	True	type=string, minLength=1, maxLength=50, pattern=|(\s*([\w\d_=!@#$%\^*\(\){}\[\]\|\\:;',\.\?/~`\-\+<>&][\s\w\d_=!@#$%\^*\(\){}\[\]\|\\:;',\.\?/~`\-\+<>&]*)\s*), REQUIRED	
ITR.ITR2.ScheduleFA.DetailsImmovableProperty[].CountryName	string	True	type=string, minLength=1, maxLength=55, pattern=|(\s*([\w\d_=!@#$%\^*\(\){}\[\]\|\\:;',\.\?/~`\-\+<>&][\s\w\d_=!@#$%\^*\(\){}\[\]\|\\:;',\.\?/~`\-\+<>&]*)\s*), REQUIRED	
ITR.ITR2.ScheduleFA.DetailsImmovableProperty[].CountryCodeExcludingIndia	string	True	type=string, pattern=|(\s*([\w\d_=!@#$%\^*\(\){}\[\]\|\\:;',\.\?/~`\-\+<>&][\s\w\d_=!@#$%\^*\(\){}\[\]\|\\:;',\.\?/~`\-\+<>&]*)\s*), enum=['93', '1001', '355', '213', '684', '376', '244', '1264', '1010', '1268', '54', '374', '297', '61', '43', '994', '1242', '973', '880', '1246', '375', '32', '501…], REQUIRED	93:AFGHANISTAN; 1001:ÅLAND ISLANDS; 355:ALBANIA; 213:ALGERIA; 684:AMERICAN SAMOA; 376:ANDORRA; 244:ANGOLA; 1264:ANGUILLA; 1010:ANTARCTICA; 1268:ANTIGUA AND BARBUDA; 54:ARGENTINA; 374:ARMENIA; 297:ARUBA; 61:AUSTRALIA; 43:AUSTRIA; 994:AZERBAIJAN; 1242:BAHAMAS; 973:BAHRAIN; 880:BANGLADESH; 1246:BARBADOS; 375:BELARUS; 32:BELGIUM; 501:BELIZE; 229:BENIN; 1441:BERMUDA; 975:BHUTAN; 591:BOLIVIA (PLURINATIONAL STATE OF); 1002:BONAIRE, SINT EUSTATIUS AND SABA; 387:BOSNIA AND HERZEGOVINA; 267:BOTSWANA; 1003:BOUVET ISLAND; 55:BRAZIL; 1014:BRITISH INDIAN OCEAN TERRITORY; 673:BRUNEI DARUSSALAM; 359:BULGARIA; 226: BURKINA FASO; 257:BURUNDI; 238:CABO VERDE; 855:CAMBODIA; 237:CAMEROON; 1:CANADA; 1345:CAYMAN ISLANDS; 236:CENTRAL AFRICAN REPUBLIC; 235:CHAD; 56:CHILE; 86:CHINA; 9:CHRISTMAS ISLAND; 672:COCOS (KEELING) ISLANDS; 57:COLOMBIA; 270:COMOROS; 242:CONGO; 243:CONGO (DEMOCRATIC REPUBLIC OF THE); 682:COOK ISLANDS; 506:COSTA RICA; 225:CÔTE D'IVOIRE; 385:CROATIA; 53:CUBA; 1015:CURAÇAO; 357:CYPRUS; 420:CZECHIA; 45:DENMARK; 253:DJIBOUTI; 1767:DOMINICA; 1809:DOMINICAN REPUBLIC; 593:ECUADOR; 20:EGYPT; 503:EL SALVADOR; 240:EQUATORIAL GUINEA; 291:ERITREA; 372:ESTONIA; 251:ETHIOPIA; 500:FALKLAND ISLANDS (MALVINAS); 298:FAROE ISLANDS; 679:FIJI; 358:FINLAND; 33:FRANCE; 594:FRENCH GUIANA; 689:FRENCH POLYNESIA; 1004:FRENCH SOUTHERN TERRITORIES; 241:GABON; 220:GAMBIA; 995:GEORGIA; 49:GERMANY; 233:GHANA; 350:GIBRALTAR; 30:GREECE; 299:GREENLAND; 1473:GRENADA; 590:GUADELOUPE; 1671:GUAM; 502:GUATEMALA; 1481:GUERNSEY; 224:GUINEA; 245:GUINEA-BISSAU; 592:GUYANA; 509:HAITI; 1005:HEARD ISLAND AND MCDONALD ISLANDS; 6:HOLY SEE; 504:HONDURAS; 852:HONG KONG; 36:HUNGARY; 354:ICELAND; 62:INDONESIA; 98:IRAN (ISLAMIC REPUBLIC OF); 964:IRAQ; 353:IRELAND; 1624:ISLE OF MAN; 972:ISRAEL; 5:ITALY; 1876:JAMAICA; 81:JAPAN; 1534:JERSEY; 962:JORDAN; 7:KAZAKHSTAN; 254:KENYA; 686:KIRIBATI; 850:KOREA(DEMOCRATIC PEOPLE'S REPUBLIC OF); 82:KOREA (REPUBLIC OF); 965:KUWAIT; 996:KYRGYZSTAN; 856:LAO PEOPLE'S DEMOCRATIC REPUBLIC; 371:LATVIA; 961:LEBANON; 266:LESOTHO; 231:LIBERIA; 218:LIBYA; 423:LIECHTENSTEIN; 370:LITHUANIA; 352:LUXEMBOURG; 853:MACAO; 389:MACEDONIA(THE FORMER YUGOSLAV REPUBLIC OF); 261:MADAGASCAR; 265:MALAWI; 60:MALAYSIA; 960:MALDIVES; 223:MALI; 356:MALTA; 692:MARSHALL ISLANDS; 596:MARTINIQUE; 222:MAURITANIA; 230:MAURITIUS; 269:MAYOTTE; 52:MEXICO; 691:MICRONESIA (FEDERATED STATES OF); 373:MOLDOVA (REPUBLIC OF); 377:MONACO; 976:MONGOLIA; 382:MONTENEGRO; 1664:MONTSERRAT; 212:MOROCCO; 258:MOZAMBIQUE; 95:MYANMAR; 264:NAMIBIA; 674:NAURU; 977:NEPAL; 31:NETHERLANDS; 687:NEW CALEDONIA; 64:NEW ZEALAND; 505:NICARAGUA; 227:NIGER; 234:NIGERIA; 683:NIUE; 15:NORFOLK ISLAND; 1670:NORTHERN MARIANA ISLANDS; 47:NORWAY; 968:OMAN; 92:PAKISTAN; 680:PALAU; 970:PALESTINE, STATE OF; 507:PANAMA; 675:PAPUA NEW GUINEA; 595:PARAGUAY; 51:PERU; 63:PHILIPPINES; 1011:PITCAIRN; 48:POLAND; 14:PORTUGAL; 1787:PUERTO RICO; 974:QATAR; 262:RÉUNION; 40:ROMANIA; 8:RUSSIAN FEDERATION; 250:RWANDA; 1006:SAINT BARTHÉLEMY; 290: SAINT HELENA, ASCENSION AND TRISTAN DA CUNHA; 1869:SAINT KITTS AND NEVIS; 1758:SAINT LUCIA; 1007:SAINT MARTIN (FRENCH PART); 508:SAINT PIERRE AND MIQUELON; 1784:SAINT VINCENT AND THE GRENADINES; 685:SAMOA; 378:SAN MARINO; 239:SAO TOME AND PRINCIPE; 966:SAUDI ARABIA; 221:SENEGAL; 381:SERBIA; 248:SEYCHELLES; 232:SIERRA LEONE; 65:SINGAPORE; 1721:SINT MAARTEN (DUTCH PART); 421:SLOVAKIA; 386:SLOVENIA; 677:SOLOMON ISLANDS; 252:SOMALIA; 28:SOUTH AFRICA; 1008:SOUTH GEORGIA AND THE SOUTH SANDWICH ISLANDS; 211:SOUTH SUDAN; 35:SPAIN; 94:SRI LANKA; 249:SUDAN; 597:SURINAME; 1012:SVALBARD AND JAN MAYEN; 268:SWAZILAND; 46:SWEDEN; 41:SWITZERLAND; 963:SYRIAN ARAB REPUBLIC; 886:TAIWAN; 992:TAJIKISTAN; 255:TANZANIA, UNITED REPUBLIC OF; 66:THAILAND; 670:TIMOR-LESTE (EAST TIMOR); 228:TOGO; 690:TOKELAU; 676:TONGA; 1868:TRINIDAD AND TOBAGO; 216:TUNISIA; 90:TURKEY; 993:TURKMENISTAN; 1649:TURKS AND CAICOS ISLANDS; 688:TUVALU; 256:UGANDA; 380:UKRAINE; 971:UNITED ARAB EMIRATES; 44:UNITED KINGDOM OF GREAT BRITAIN AND NORTHERN IRELAND; 2:UNITED STATES OF AMERICA; 1009:UNITED STATES MINOR OUTLYING ISLANDS; 598:URUGUAY; 998:UZBEKISTAN; 678:VANUATU; 58:VENEZUELA (BOLIVARIAN REPUBLIC OF); 84:VIET NAM; 1284:VIRGIN ISLANDS (BRITISH); 1340:VIRGIN ISLANDS (U.S.); 681:WALLIS AND FUTUNA; 1013:WESTERN SAHARA; 967:YEMEN; 260:ZAMBIA; 263:ZIMBABWE; 9999:OTHERS
ITR.ITR2.ScheduleFA.DetailsImmovableProperty[].ZipCode	string	True	type=string, minLength=1, maxLength=8, pattern=|(\s*([\w\d_=!@#$%\^*\(\){}\[\]\|\\:;',\.\?/~`\-\+<>&][\s\w\d_=!@#$%\^*\(\){}\[\]\|\\:;',\.\?/~`\-\+<>&]*)\s*), REQUIRED	
ITR.ITR2.ScheduleFA.DetailsImmovableProperty[].AddressOfProperty	string	False	type=string, maxLength=200, pattern=|(\s*([\w\d_=!@#$%\^*\(\){}\[\]\|\\:;',\.\?/~`\-\+<>&][\s\w\d_=!@#$%\^*\(\){}\[\]\|\\:;',\.\?/~`\-\+<>&]*)\s*)	
ITR.ITR2.ScheduleFA.DetailsImmovableProperty[].Ownership	string	True	type=string, pattern=|(\s*([\w\d_=!@#$%\^*\(\){}\[\]\|\\:;',\.\?/~`\-\+<>&][\s\w\d_=!@#$%\^*\(\){}\[\]\|\\:;',\.\?/~`\-\+<>&]*)\s*), enum=['DIRECT', 'BENEFICIAL_OWNER', 'BENIFICIARY'], REQUIRED	
ITR.ITR2.ScheduleFA.DetailsImmovableProperty[].DateOfAcq	string	True	type=string, pattern=([12]\d{3}-(0[1-9]|1[0-2])-(0[1-9]|[12]\d|3[01])), REQUIRED	Date in YYYY-MM-DD format
ITR.ITR2.ScheduleFA.DetailsImmovableProperty[].TotalInvestment	integer	True	type=integer, minimum=0, maximum=99999999999999, REQUIRED	
ITR.ITR2.ScheduleFA.DetailsImmovableProperty[].IncDrvProperty	integer	True	type=integer, minimum=-99999999999999, maximum=99999999999999, REQUIRED	
ITR.ITR2.ScheduleFA.DetailsImmovableProperty[].NatureOfInc	string	True	type=string, minLength=1, maxLength=100, pattern=|(\s*([\w\d_=!@#$%\^*\(\){}\[\]\|\\:;',\.\?/~`\-\+<>&][\s\w\d_=!@#$%\^*\(\){}\[\]\|\\:;',\.\?/~`\-\+<>&]*)\s*), REQUIRED	
ITR.ITR2.ScheduleFA.DetailsImmovableProperty[].IncTaxAmt	integer	True	type=integer, minimum=-99999999999999, maximum=99999999999999, REQUIRED	
ITR.ITR2.ScheduleFA.DetailsImmovableProperty[].IncTaxSch	string	True	type=string, pattern=|(\s*([\w\d_=!@#$%\^*\(\){}\[\]\|\\:;',\.\?/~`\-\+<>&][\s\w\d_=!@#$%\^*\(\){}\[\]\|\\:;',\.\?/~`\-\+<>&]*)\s*), enum=['SA', 'HP', 'CG', 'OS', 'EI', 'NI'], REQUIRED	SA - Salary; HP - House Property; CG - Capital Gains; OS - Other Sources; EI - Exempt Income; NI - No Income during the year
ITR.ITR2.ScheduleFA.DetailsImmovableProperty[].IncTaxSchNo	string	True	type=string, minLength=1, maxLength=50, pattern=|(\s*([\w\d_=!@#$%\^*\(\){}\[\]\|\\:;',\.\?/~`\-\+<>&][\s\w\d_=!@#$%\^*\(\){}\[\]\|\\:;',\.\?/~`\-\+<>&]*)\s*), REQUIRED	
ITR.ITR2.ScheduleFA.DetailsOthAssets[].CountryName	string	True	type=string, minLength=1, maxLength=55, pattern=|(\s*([\w\d_=!@#$%\^*\(\){}\[\]\|\\:;',\.\?/~`\-\+<>&][\s\w\d_=!@#$%\^*\(\){}\[\]\|\\:;',\.\?/~`\-\+<>&]*)\s*), REQUIRED	
ITR.ITR2.ScheduleFA.DetailsOthAssets[].CountryCodeExcludingIndia	string	True	type=string, pattern=|(\s*([\w\d_=!@#$%\^*\(\){}\[\]\|\\:;',\.\?/~`\-\+<>&][\s\w\d_=!@#$%\^*\(\){}\[\]\|\\:;',\.\?/~`\-\+<>&]*)\s*), enum=['93', '1001', '355', '213', '684', '376', '244', '1264', '1010', '1268', '54', '374', '297', '61', '43', '994', '1242', '973', '880', '1246', '375', '32', '501…], REQUIRED	93:AFGHANISTAN; 1001:ÅLAND ISLANDS; 355:ALBANIA; 213:ALGERIA; 684:AMERICAN SAMOA; 376:ANDORRA; 244:ANGOLA; 1264:ANGUILLA; 1010:ANTARCTICA; 1268:ANTIGUA AND BARBUDA; 54:ARGENTINA; 374:ARMENIA; 297:ARUBA; 61:AUSTRALIA; 43:AUSTRIA; 994:AZERBAIJAN; 1242:BAHAMAS; 973:BAHRAIN; 880:BANGLADESH; 1246:BARBADOS; 375:BELARUS; 32:BELGIUM; 501:BELIZE; 229:BENIN; 1441:BERMUDA; 975:BHUTAN; 591:BOLIVIA (PLURINATIONAL STATE OF); 1002:BONAIRE, SINT EUSTATIUS AND SABA; 387:BOSNIA AND HERZEGOVINA; 267:BOTSWANA; 1003:BOUVET ISLAND; 55:BRAZIL; 1014:BRITISH INDIAN OCEAN TERRITORY; 673:BRUNEI DARUSSALAM; 359:BULGARIA; 226: BURKINA FASO; 257:BURUNDI; 238:CABO VERDE; 855:CAMBODIA; 237:CAMEROON; 1:CANADA; 1345:CAYMAN ISLANDS; 236:CENTRAL AFRICAN REPUBLIC; 235:CHAD; 56:CHILE; 86:CHINA; 9:CHRISTMAS ISLAND; 672:COCOS (KEELING) ISLANDS; 57:COLOMBIA; 270:COMOROS; 242:CONGO; 243:CONGO (DEMOCRATIC REPUBLIC OF THE); 682:COOK ISLANDS; 506:COSTA RICA; 225:CÔTE D'IVOIRE; 385:CROATIA; 53:CUBA; 1015:CURAÇAO; 357:CYPRUS; 420:CZECHIA; 45:DENMARK; 253:DJIBOUTI; 1767:DOMINICA; 1809:DOMINICAN REPUBLIC; 593:ECUADOR; 20:EGYPT; 503:EL SALVADOR; 240:EQUATORIAL GUINEA; 291:ERITREA; 372:ESTONIA; 251:ETHIOPIA; 500:FALKLAND ISLANDS (MALVINAS); 298:FAROE ISLANDS; 679:FIJI; 358:FINLAND; 33:FRANCE; 594:FRENCH GUIANA; 689:FRENCH POLYNESIA; 1004:FRENCH SOUTHERN TERRITORIES; 241:GABON; 220:GAMBIA; 995:GEORGIA; 49:GERMANY; 233:GHANA; 350:GIBRALTAR; 30:GREECE; 299:GREENLAND; 1473:GRENADA; 590:GUADELOUPE; 1671:GUAM; 502:GUATEMALA; 1481:GUERNSEY; 224:GUINEA; 245:GUINEA-BISSAU; 592:GUYANA; 509:HAITI; 1005:HEARD ISLAND AND MCDONALD ISLANDS; 6:HOLY SEE; 504:HONDURAS; 852:HONG KONG; 36:HUNGARY; 354:ICELAND; 62:INDONESIA; 98:IRAN (ISLAMIC REPUBLIC OF); 964:IRAQ; 353:IRELAND; 1624:ISLE OF MAN; 972:ISRAEL; 5:ITALY; 1876:JAMAICA; 81:JAPAN; 1534:JERSEY; 962:JORDAN; 7:KAZAKHSTAN; 254:KENYA; 686:KIRIBATI; 850:KOREA(DEMOCRATIC PEOPLE'S REPUBLIC OF); 82:KOREA (REPUBLIC OF); 965:KUWAIT; 996:KYRGYZSTAN; 856:LAO PEOPLE'S DEMOCRATIC REPUBLIC; 371:LATVIA; 961:LEBANON; 266:LESOTHO; 231:LIBERIA; 218:LIBYA; 423:LIECHTENSTEIN; 370:LITHUANIA; 352:LUXEMBOURG; 853:MACAO; 389:MACEDONIA(THE FORMER YUGOSLAV REPUBLIC OF); 261:MADAGASCAR; 265:MALAWI; 60:MALAYSIA; 960:MALDIVES; 223:MALI; 356:MALTA; 692:MARSHALL ISLANDS; 596:MARTINIQUE; 222:MAURITANIA; 230:MAURITIUS; 269:MAYOTTE; 52:MEXICO; 691:MICRONESIA (FEDERATED STATES OF); 373:MOLDOVA (REPUBLIC OF); 377:MONACO; 976:MONGOLIA; 382:MONTENEGRO; 1664:MONTSERRAT; 212:MOROCCO; 258:MOZAMBIQUE; 95:MYANMAR; 264:NAMIBIA; 674:NAURU; 977:NEPAL; 31:NETHERLANDS; 687:NEW CALEDONIA; 64:NEW ZEALAND; 505:NICARAGUA; 227:NIGER; 234:NIGERIA; 683:NIUE; 15:NORFOLK ISLAND; 1670:NORTHERN MARIANA ISLANDS; 47:NORWAY; 968:OMAN; 92:PAKISTAN; 680:PALAU; 970:PALESTINE, STATE OF; 507:PANAMA; 675:PAPUA NEW GUINEA; 595:PARAGUAY; 51:PERU; 63:PHILIPPINES; 1011:PITCAIRN; 48:POLAND; 14:PORTUGAL; 1787:PUERTO RICO; 974:QATAR; 262:RÉUNION; 40:ROMANIA; 8:RUSSIAN FEDERATION; 250:RWANDA; 1006:SAINT BARTHÉLEMY; 290: SAINT HELENA, ASCENSION AND TRISTAN DA CUNHA; 1869:SAINT KITTS AND NEVIS; 1758:SAINT LUCIA; 1007:SAINT MARTIN (FRENCH PART); 508:SAINT PIERRE AND MIQUELON; 1784:SAINT VINCENT AND THE GRENADINES; 685:SAMOA; 378:SAN MARINO; 239:SAO TOME AND PRINCIPE; 966:SAUDI ARABIA; 221:SENEGAL; 381:SERBIA; 248:SEYCHELLES; 232:SIERRA LEONE; 65:SINGAPORE; 1721:SINT MAARTEN (DUTCH PART); 421:SLOVAKIA; 386:SLOVENIA; 677:SOLOMON ISLANDS; 252:SOMALIA; 28:SOUTH AFRICA; 1008:SOUTH GEORGIA AND THE SOUTH SANDWICH ISLANDS; 211:SOUTH SUDAN; 35:SPAIN; 94:SRI LANKA; 249:SUDAN; 597:SURINAME; 1012:SVALBARD AND JAN MAYEN; 268:SWAZILAND; 46:SWEDEN; 41:SWITZERLAND; 963:SYRIAN ARAB REPUBLIC; 886:TAIWAN; 992:TAJIKISTAN; 255:TANZANIA, UNITED REPUBLIC OF; 66:THAILAND; 670:TIMOR-LESTE (EAST TIMOR); 228:TOGO; 690:TOKELAU; 676:TONGA; 1868:TRINIDAD AND TOBAGO; 216:TUNISIA; 90:TURKEY; 993:TURKMENISTAN; 1649:TURKS AND CAICOS ISLANDS; 688:TUVALU; 256:UGANDA; 380:UKRAINE; 971:UNITED ARAB EMIRATES; 44:UNITED KINGDOM OF GREAT BRITAIN AND NORTHERN IRELAND; 2:UNITED STATES OF AMERICA; 1009:UNITED STATES MINOR OUTLYING ISLANDS; 598:URUGUAY; 998:UZBEKISTAN; 678:VANUATU; 58:VENEZUELA (BOLIVARIAN REPUBLIC OF); 84:VIET NAM; 1284:VIRGIN ISLANDS (BRITISH); 1340:VIRGIN ISLANDS (U.S.); 681:WALLIS AND FUTUNA; 1013:WESTERN SAHARA; 967:YEMEN; 260:ZAMBIA; 263:ZIMBABWE; 9999:OTHERS
ITR.ITR2.ScheduleFA.DetailsOthAssets[].ZipCode	string	True	type=string, minLength=1, maxLength=8, pattern=|(\s*([\w\d_=!@#$%\^*\(\){}\[\]\|\\:;',\.\?/~`\-\+<>&][\s\w\d_=!@#$%\^*\(\){}\[\]\|\\:;',\.\?/~`\-\+<>&]*)\s*), REQUIRED	
ITR.ITR2.ScheduleFA.DetailsOthAssets[].NatureOfAsset	string	True	type=string, minLength=1, maxLength=100, pattern=|(\s*([\w\d_=!@#$%\^*\(\){}\[\]\|\\:;',\.\?/~`\-\+<>&][\s\w\d_=!@#$%\^*\(\){}\[\]\|\\:;',\.\?/~`\-\+<>&]*)\s*), REQUIRED	
ITR.ITR2.ScheduleFA.DetailsOthAssets[].Ownership	string	True	type=string, pattern=|(\s*([\w\d_=!@#$%\^*\(\){}\[\]\|\\:;',\.\?/~`\-\+<>&][\s\w\d_=!@#$%\^*\(\){}\[\]\|\\:;',\.\?/~`\-\+<>&]*)\s*), enum=['DIRECT', 'BENEFICIAL_OWNER', 'BENIFICIARY'], REQUIRED	
ITR.ITR2.ScheduleFA.DetailsOthAssets[].DateOfAcq	string	True	type=string, pattern=([12]\d{3}-(0[1-9]|1[0-2])-(0[1-9]|[12]\d|3[01])), REQUIRED	Date in YYYY-MM-DD format
ITR.ITR2.ScheduleFA.DetailsOthAssets[].TotalInvestment	integer	True	type=integer, minimum=0, maximum=99999999999999, REQUIRED	
ITR.ITR2.ScheduleFA.DetailsOthAssets[].IncDrvAsset	integer	True	type=integer, minimum=-99999999999999, maximum=99999999999999, REQUIRED	
ITR.ITR2.ScheduleFA.DetailsOthAssets[].NatureOfInc	string	True	type=string, minLength=1, maxLength=100, pattern=|(\s*([\w\d_=!@#$%\^*\(\){}\[\]\|\\:;',\.\?/~`\-\+<>&][\s\w\d_=!@#$%\^*\(\){}\[\]\|\\:;',\.\?/~`\-\+<>&]*)\s*), REQUIRED	
ITR.ITR2.ScheduleFA.DetailsOthAssets[].IncTaxAmt	integer	True	type=integer, minimum=-99999999999999, maximum=99999999999999, REQUIRED	
ITR.ITR2.ScheduleFA.DetailsOthAssets[].IncTaxSch	string	True	type=string, pattern=|(\s*([\w\d_=!@#$%\^*\(\){}\[\]\|\\:;',\.\?/~`\-\+<>&][\s\w\d_=!@#$%\^*\(\){}\[\]\|\\:;',\.\?/~`\-\+<>&]*)\s*), enum=['SA', 'HP', 'CG', 'OS', 'EI', 'NI'], REQUIRED	SA - Salary; HP - House Property; CG - Capital Gains; OS - Other Sources; EI - Exempt Income; NI - No Income during the year
ITR.ITR2.ScheduleFA.DetailsOthAssets[].IncTaxSchNo	string	True	type=string, minLength=1, maxLength=50, pattern=|(\s*([\w\d_=!@#$%\^*\(\){}\[\]\|\\:;',\.\?/~`\-\+<>&][\s\w\d_=!@#$%\^*\(\){}\[\]\|\\:;',\.\?/~`\-\+<>&]*)\s*), REQUIRED	
ITR.ITR2.ScheduleFA.DetailsOfAccntsHvngSigningAuth[].NameOfInstitution	string	True	type=string, minLength=1, maxLength=125, pattern=|(\s*([\w\d_=!@#$%\^*\(\){}\[\]\|\\:;',\.\?/~`\-\+<>&][\s\w\d_=!@#$%\^*\(\){}\[\]\|\\:;',\.\?/~`\-\+<>&]*)\s*), REQUIRED	
ITR.ITR2.ScheduleFA.DetailsOfAccntsHvngSigningAuth[].AddressOfInstitution	string	True	type=string, minLength=1, maxLength=200, pattern=|(\s*([\w\d_=!@#$%\^*\(\){}\[\]\|\\:;',\.\?/~`\-\+<>&][\s\w\d_=!@#$%\^*\(\){}\[\]\|\\:;',\.\?/~`\-\+<>&]*)\s*), REQUIRED	
ITR.ITR2.ScheduleFA.DetailsOfAccntsHvngSigningAuth[].CountryName	string	True	type=string, minLength=1, maxLength=55, pattern=|(\s*([\w\d_=!@#$%\^*\(\){}\[\]\|\\:;',\.\?/~`\-\+<>&][\s\w\d_=!@#$%\^*\(\){}\[\]\|\\:;',\.\?/~`\-\+<>&]*)\s*), REQUIRED	
ITR.ITR2.ScheduleFA.DetailsOfAccntsHvngSigningAuth[].CountryCodeExcludingIndia	string	True	type=string, pattern=|(\s*([\w\d_=!@#$%\^*\(\){}\[\]\|\\:;',\.\?/~`\-\+<>&][\s\w\d_=!@#$%\^*\(\){}\[\]\|\\:;',\.\?/~`\-\+<>&]*)\s*), enum=['93', '1001', '355', '213', '684', '376', '244', '1264', '1010', '1268', '54', '374', '297', '61', '43', '994', '1242', '973', '880', '1246', '375', '32', '501…], REQUIRED	93:AFGHANISTAN; 1001:ÅLAND ISLANDS; 355:ALBANIA; 213:ALGERIA; 684:AMERICAN SAMOA; 376:ANDORRA; 244:ANGOLA; 1264:ANGUILLA; 1010:ANTARCTICA; 1268:ANTIGUA AND BARBUDA; 54:ARGENTINA; 374:ARMENIA; 297:ARUBA; 61:AUSTRALIA; 43:AUSTRIA; 994:AZERBAIJAN; 1242:BAHAMAS; 973:BAHRAIN; 880:BANGLADESH; 1246:BARBADOS; 375:BELARUS; 32:BELGIUM; 501:BELIZE; 229:BENIN; 1441:BERMUDA; 975:BHUTAN; 591:BOLIVIA (PLURINATIONAL STATE OF); 1002:BONAIRE, SINT EUSTATIUS AND SABA; 387:BOSNIA AND HERZEGOVINA; 267:BOTSWANA; 1003:BOUVET ISLAND; 55:BRAZIL; 1014:BRITISH INDIAN OCEAN TERRITORY; 673:BRUNEI DARUSSALAM; 359:BULGARIA; 226: BURKINA FASO; 257:BURUNDI; 238:CABO VERDE; 855:CAMBODIA; 237:CAMEROON; 1:CANADA; 1345:CAYMAN ISLANDS; 236:CENTRAL AFRICAN REPUBLIC; 235:CHAD; 56:CHILE; 86:CHINA; 9:CHRISTMAS ISLAND; 672:COCOS (KEELING) ISLANDS; 57:COLOMBIA; 270:COMOROS; 242:CONGO; 243:CONGO (DEMOCRATIC REPUBLIC OF THE); 682:COOK ISLANDS; 506:COSTA RICA; 225:CÔTE D'IVOIRE; 385:CROATIA; 53:CUBA; 1015:CURAÇAO; 357:CYPRUS; 420:CZECHIA; 45:DENMARK; 253:DJIBOUTI; 1767:DOMINICA; 1809:DOMINICAN REPUBLIC; 593:ECUADOR; 20:EGYPT; 503:EL SALVADOR; 240:EQUATORIAL GUINEA; 291:ERITREA; 372:ESTONIA; 251:ETHIOPIA; 500:FALKLAND ISLANDS (MALVINAS); 298:FAROE ISLANDS; 679:FIJI; 358:FINLAND; 33:FRANCE; 594:FRENCH GUIANA; 689:FRENCH POLYNESIA; 1004:FRENCH SOUTHERN TERRITORIES; 241:GABON; 220:GAMBIA; 995:GEORGIA; 49:GERMANY; 233:GHANA; 350:GIBRALTAR; 30:GREECE; 299:GREENLAND; 1473:GRENADA; 590:GUADELOUPE; 1671:GUAM; 502:GUATEMALA; 1481:GUERNSEY; 224:GUINEA; 245:GUINEA-BISSAU; 592:GUYANA; 509:HAITI; 1005:HEARD ISLAND AND MCDONALD ISLANDS; 6:HOLY SEE; 504:HONDURAS; 852:HONG KONG; 36:HUNGARY; 354:ICELAND; 62:INDONESIA; 98:IRAN (ISLAMIC REPUBLIC OF); 964:IRAQ; 353:IRELAND; 1624:ISLE OF MAN; 972:ISRAEL; 5:ITALY; 1876:JAMAICA; 81:JAPAN; 1534:JERSEY; 962:JORDAN; 7:KAZAKHSTAN; 254:KENYA; 686:KIRIBATI; 850:KOREA(DEMOCRATIC PEOPLE'S REPUBLIC OF); 82:KOREA (REPUBLIC OF); 965:KUWAIT; 996:KYRGYZSTAN; 856:LAO PEOPLE'S DEMOCRATIC REPUBLIC; 371:LATVIA; 961:LEBANON; 266:LESOTHO; 231:LIBERIA; 218:LIBYA; 423:LIECHTENSTEIN; 370:LITHUANIA; 352:LUXEMBOURG; 853:MACAO; 389:MACEDONIA(THE FORMER YUGOSLAV REPUBLIC OF); 261:MADAGASCAR; 265:MALAWI; 60:MALAYSIA; 960:MALDIVES; 223:MALI; 356:MALTA; 692:MARSHALL ISLANDS; 596:MARTINIQUE; 222:MAURITANIA; 230:MAURITIUS; 269:MAYOTTE; 52:MEXICO; 691:MICRONESIA (FEDERATED STATES OF); 373:MOLDOVA (REPUBLIC OF); 377:MONACO; 976:MONGOLIA; 382:MONTENEGRO; 1664:MONTSERRAT; 212:MOROCCO; 258:MOZAMBIQUE; 95:MYANMAR; 264:NAMIBIA; 674:NAURU; 977:NEPAL; 31:NETHERLANDS; 687:NEW CALEDONIA; 64:NEW ZEALAND; 505:NICARAGUA; 227:NIGER; 234:NIGERIA; 683:NIUE; 15:NORFOLK ISLAND; 1670:NORTHERN MARIANA ISLANDS; 47:NORWAY; 968:OMAN; 92:PAKISTAN; 680:PALAU; 970:PALESTINE, STATE OF; 507:PANAMA; 675:PAPUA NEW GUINEA; 595:PARAGUAY; 51:PERU; 63:PHILIPPINES; 1011:PITCAIRN; 48:POLAND; 14:PORTUGAL; 1787:PUERTO RICO; 974:QATAR; 262:RÉUNION; 40:ROMANIA; 8:RUSSIAN FEDERATION; 250:RWANDA; 1006:SAINT BARTHÉLEMY; 290: SAINT HELENA, ASCENSION AND TRISTAN DA CUNHA; 1869:SAINT KITTS AND NEVIS; 1758:SAINT LUCIA; 1007:SAINT MARTIN (FRENCH PART); 508:SAINT PIERRE AND MIQUELON; 1784:SAINT VINCENT AND THE GRENADINES; 685:SAMOA; 378:SAN MARINO; 239:SAO TOME AND PRINCIPE; 966:SAUDI ARABIA; 221:SENEGAL; 381:SERBIA; 248:SEYCHELLES; 232:SIERRA LEONE; 65:SINGAPORE; 1721:SINT MAARTEN (DUTCH PART); 421:SLOVAKIA; 386:SLOVENIA; 677:SOLOMON ISLANDS; 252:SOMALIA; 28:SOUTH AFRICA; 1008:SOUTH GEORGIA AND THE SOUTH SANDWICH ISLANDS; 211:SOUTH SUDAN; 35:SPAIN; 94:SRI LANKA; 249:SUDAN; 597:SURINAME; 1012:SVALBARD AND JAN MAYEN; 268:SWAZILAND; 46:SWEDEN; 41:SWITZERLAND; 963:SYRIAN ARAB REPUBLIC; 886:TAIWAN; 992:TAJIKISTAN; 255:TANZANIA, UNITED REPUBLIC OF; 66:THAILAND; 670:TIMOR-LESTE (EAST TIMOR); 228:TOGO; 690:TOKELAU; 676:TONGA; 1868:TRINIDAD AND TOBAGO; 216:TUNISIA; 90:TURKEY; 993:TURKMENISTAN; 1649:TURKS AND CAICOS ISLANDS; 688:TUVALU; 256:UGANDA; 380:UKRAINE; 971:UNITED ARAB EMIRATES; 44:UNITED KINGDOM OF GREAT BRITAIN AND NORTHERN IRELAND; 2:UNITED STATES OF AMERICA; 1009:UNITED STATES MINOR OUTLYING ISLANDS; 598:URUGUAY; 998:UZBEKISTAN; 678:VANUATU; 58:VENEZUELA (BOLIVARIAN REPUBLIC OF); 84:VIET NAM; 1284:VIRGIN ISLANDS (BRITISH); 1340:VIRGIN ISLANDS (U.S.); 681:WALLIS AND FUTUNA; 1013:WESTERN SAHARA; 967:YEMEN; 260:ZAMBIA; 263:ZIMBABWE; 9999:OTHERS
ITR.ITR2.ScheduleFA.DetailsOfAccntsHvngSigningAuth[].ZipCode	string	True	type=string, minLength=1, maxLength=8, pattern=|(\s*([\w\d_=!@#$%\^*\(\){}\[\]\|\\:;',\.\?/~`\-\+<>&][\s\w\d_=!@#$%\^*\(\){}\[\]\|\\:;',\.\?/~`\-\+<>&]*)\s*), REQUIRED	
ITR.ITR2.ScheduleFA.DetailsOfAccntsHvngSigningAuth[].NameMentionedInAccnt	string	True	type=string, minLength=1, maxLength=125, pattern=|(\s*([\w\d_=!@#$%\^*\(\){}\[\]\|\\:;',\.\?/~`\-\+<>&][\s\w\d_=!@#$%\^*\(\){}\[\]\|\\:;',\.\?/~`\-\+<>&]*)\s*), REQUIRED	
ITR.ITR2.ScheduleFA.DetailsOfAccntsHvngSigningAuth[].InstitutionAccountNumber	string	True	type=string, minLength=1, maxLength=34, pattern=|(\s*([\w\d_=!@#$%\^*\(\){}\[\]\|\\:;',\.\?/~`\-\+<>&][\s\w\d_=!@#$%\^*\(\){}\[\]\|\\:;',\.\?/~`\-\+<>&]*)\s*), REQUIRED	
ITR.ITR2.ScheduleFA.DetailsOfAccntsHvngSigningAuth[].PeakBalanceOrInvestment	integer	True	type=integer, minimum=-99999999999999, maximum=99999999999999, REQUIRED	
ITR.ITR2.ScheduleFA.DetailsOfAccntsHvngSigningAuth[].IncAccuredTaxFlag	string	True	type=string, pattern=|(\s*([\w\d_=!@#$%\^*\(\){}\[\]\|\\:;',\.\?/~`\-\+<>&][\s\w\d_=!@#$%\^*\(\){}\[\]\|\\:;',\.\?/~`\-\+<>&]*)\s*), enum=['Y', 'N'], REQUIRED	Y - Yes; N - No
ITR.ITR2.ScheduleFA.DetailsOfAccntsHvngSigningAuth[].IncAccuredInAcc	integer	False	type=integer, minimum=-99999999999999, maximum=99999999999999	
ITR.ITR2.ScheduleFA.DetailsOfAccntsHvngSigningAuth[].IncOfferedAmt	integer	False	type=integer, minimum=-99999999999999, maximum=99999999999999	
ITR.ITR2.ScheduleFA.DetailsOfAccntsHvngSigningAuth[].IncOfferedSch	string	False	type=string, pattern=|(\s*([\w\d_=!@#$%\^*\(\){}\[\]\|\\:;',\.\?/~`\-\+<>&][\s\w\d_=!@#$%\^*\(\){}\[\]\|\\:;',\.\?/~`\-\+<>&]*)\s*), enum=['SA', 'HP', 'CG', 'OS', 'EI', 'NI']	SA - Salary; HP - House Property; CG - Capital Gains; OS - Other Sources; EI - Exempt Income; NI - No Income during the year
ITR.ITR2.ScheduleFA.DetailsOfAccntsHvngSigningAuth[].IncOfferedSchNo	string	False	type=string, maxLength=50, pattern=|(\s*([\w\d_=!@#$%\^*\(\){}\[\]\|\\:;',\.\?/~`\-\+<>&][\s\w\d_=!@#$%\^*\(\){}\[\]\|\\:;',\.\?/~`\-\+<>&]*)\s*)	
ITR.ITR2.ScheduleFA.DetailsOfTrustOutIndiaTrustee[].CountryName	string	True	type=string, minLength=1, maxLength=55, pattern=|(\s*([\w\d_=!@#$%\^*\(\){}\[\]\|\\:;',\.\?/~`\-\+<>&][\s\w\d_=!@#$%\^*\(\){}\[\]\|\\:;',\.\?/~`\-\+<>&]*)\s*), REQUIRED	
ITR.ITR2.ScheduleFA.DetailsOfTrustOutIndiaTrustee[].CountryCodeExcludingIndia	string	True	type=string, pattern=|(\s*([\w\d_=!@#$%\^*\(\){}\[\]\|\\:;',\.\?/~`\-\+<>&][\s\w\d_=!@#$%\^*\(\){}\[\]\|\\:;',\.\?/~`\-\+<>&]*)\s*), enum=['93', '1001', '355', '213', '684', '376', '244', '1264', '1010', '1268', '54', '374', '297', '61', '43', '994', '1242', '973', '880', '1246', '375', '32', '501…], REQUIRED	93:AFGHANISTAN; 1001:ÅLAND ISLANDS; 355:ALBANIA; 213:ALGERIA; 684:AMERICAN SAMOA; 376:ANDORRA; 244:ANGOLA; 1264:ANGUILLA; 1010:ANTARCTICA; 1268:ANTIGUA AND BARBUDA; 54:ARGENTINA; 374:ARMENIA; 297:ARUBA; 61:AUSTRALIA; 43:AUSTRIA; 994:AZERBAIJAN; 1242:BAHAMAS; 973:BAHRAIN; 880:BANGLADESH; 1246:BARBADOS; 375:BELARUS; 32:BELGIUM; 501:BELIZE; 229:BENIN; 1441:BERMUDA; 975:BHUTAN; 591:BOLIVIA (PLURINATIONAL STATE OF); 1002:BONAIRE, SINT EUSTATIUS AND SABA; 387:BOSNIA AND HERZEGOVINA; 267:BOTSWANA; 1003:BOUVET ISLAND; 55:BRAZIL; 1014:BRITISH INDIAN OCEAN TERRITORY; 673:BRUNEI DARUSSALAM; 359:BULGARIA; 226: BURKINA FASO; 257:BURUNDI; 238:CABO VERDE; 855:CAMBODIA; 237:CAMEROON; 1:CANADA; 1345:CAYMAN ISLANDS; 236:CENTRAL AFRICAN REPUBLIC; 235:CHAD; 56:CHILE; 86:CHINA; 9:CHRISTMAS ISLAND; 672:COCOS (KEELING) ISLANDS; 57:COLOMBIA; 270:COMOROS; 242:CONGO; 243:CONGO (DEMOCRATIC REPUBLIC OF THE); 682:COOK ISLANDS; 506:COSTA RICA; 225:CÔTE D'IVOIRE; 385:CROATIA; 53:CUBA; 1015:CURAÇAO; 357:CYPRUS; 420:CZECHIA; 45:DENMARK; 253:DJIBOUTI; 1767:DOMINICA; 1809:DOMINICAN REPUBLIC; 593:ECUADOR; 20:EGYPT; 503:EL SALVADOR; 240:EQUATORIAL GUINEA; 291:ERITREA; 372:ESTONIA; 251:ETHIOPIA; 500:FALKLAND ISLANDS (MALVINAS); 298:FAROE ISLANDS; 679:FIJI; 358:FINLAND; 33:FRANCE; 594:FRENCH GUIANA; 689:FRENCH POLYNESIA; 1004:FRENCH SOUTHERN TERRITORIES; 241:GABON; 220:GAMBIA; 995:GEORGIA; 49:GERMANY; 233:GHANA; 350:GIBRALTAR; 30:GREECE; 299:GREENLAND; 1473:GRENADA; 590:GUADELOUPE; 1671:GUAM; 502:GUATEMALA; 1481:GUERNSEY; 224:GUINEA; 245:GUINEA-BISSAU; 592:GUYANA; 509:HAITI; 1005:HEARD ISLAND AND MCDONALD ISLANDS; 6:HOLY SEE; 504:HONDURAS; 852:HONG KONG; 36:HUNGARY; 354:ICELAND; 62:INDONESIA; 98:IRAN (ISLAMIC REPUBLIC OF); 964:IRAQ; 353:IRELAND; 1624:ISLE OF MAN; 972:ISRAEL; 5:ITALY; 1876:JAMAICA; 81:JAPAN; 1534:JERSEY; 962:JORDAN; 7:KAZAKHSTAN; 254:KENYA; 686:KIRIBATI; 850:KOREA(DEMOCRATIC PEOPLE'S REPUBLIC OF); 82:KOREA (REPUBLIC OF); 965:KUWAIT; 996:KYRGYZSTAN; 856:LAO PEOPLE'S DEMOCRATIC REPUBLIC; 371:LATVIA; 961:LEBANON; 266:LESOTHO; 231:LIBERIA; 218:LIBYA; 423:LIECHTENSTEIN; 370:LITHUANIA; 352:LUXEMBOURG; 853:MACAO; 389:MACEDONIA(THE FORMER YUGOSLAV REPUBLIC OF); 261:MADAGASCAR; 265:MALAWI; 60:MALAYSIA; 960:MALDIVES; 223:MALI; 356:MALTA; 692:MARSHALL ISLANDS; 596:MARTINIQUE; 222:MAURITANIA; 230:MAURITIUS; 269:MAYOTTE; 52:MEXICO; 691:MICRONESIA (FEDERATED STATES OF); 373:MOLDOVA (REPUBLIC OF); 377:MONACO; 976:MONGOLIA; 382:MONTENEGRO; 1664:MONTSERRAT; 212:MOROCCO; 258:MOZAMBIQUE; 95:MYANMAR; 264:NAMIBIA; 674:NAURU; 977:NEPAL; 31:NETHERLANDS; 687:NEW CALEDONIA; 64:NEW ZEALAND; 505:NICARAGUA; 227:NIGER; 234:NIGERIA; 683:NIUE; 15:NORFOLK ISLAND; 1670:NORTHERN MARIANA ISLANDS; 47:NORWAY; 968:OMAN; 92:PAKISTAN; 680:PALAU; 970:PALESTINE, STATE OF; 507:PANAMA; 675:PAPUA NEW GUINEA; 595:PARAGUAY; 51:PERU; 63:PHILIPPINES; 1011:PITCAIRN; 48:POLAND; 14:PORTUGAL; 1787:PUERTO RICO; 974:QATAR; 262:RÉUNION; 40:ROMANIA; 8:RUSSIAN FEDERATION; 250:RWANDA; 1006:SAINT BARTHÉLEMY; 290: SAINT HELENA, ASCENSION AND TRISTAN DA CUNHA; 1869:SAINT KITTS AND NEVIS; 1758:SAINT LUCIA; 1007:SAINT MARTIN (FRENCH PART); 508:SAINT PIERRE AND MIQUELON; 1784:SAINT VINCENT AND THE GRENADINES; 685:SAMOA; 378:SAN MARINO; 239:SAO TOME AND PRINCIPE; 966:SAUDI ARABIA; 221:SENEGAL; 381:SERBIA; 248:SEYCHELLES; 232:SIERRA LEONE; 65:SINGAPORE; 1721:SINT MAARTEN (DUTCH PART); 421:SLOVAKIA; 386:SLOVENIA; 677:SOLOMON ISLANDS; 252:SOMALIA; 28:SOUTH AFRICA; 1008:SOUTH GEORGIA AND THE SOUTH SANDWICH ISLANDS; 211:SOUTH SUDAN; 35:SPAIN; 94:SRI LANKA; 249:SUDAN; 597:SURINAME; 1012:SVALBARD AND JAN MAYEN; 268:SWAZILAND; 46:SWEDEN; 41:SWITZERLAND; 963:SYRIAN ARAB REPUBLIC; 886:TAIWAN; 992:TAJIKISTAN; 255:TANZANIA, UNITED REPUBLIC OF; 66:THAILAND; 670:TIMOR-LESTE (EAST TIMOR); 228:TOGO; 690:TOKELAU; 676:TONGA; 1868:TRINIDAD AND TOBAGO; 216:TUNISIA; 90:TURKEY; 993:TURKMENISTAN; 1649:TURKS AND CAICOS ISLANDS; 688:TUVALU; 256:UGANDA; 380:UKRAINE; 971:UNITED ARAB EMIRATES; 44:UNITED KINGDOM OF GREAT BRITAIN AND NORTHERN IRELAND; 2:UNITED STATES OF AMERICA; 1009:UNITED STATES MINOR OUTLYING ISLANDS; 598:URUGUAY; 998:UZBEKISTAN; 678:VANUATU; 58:VENEZUELA (BOLIVARIAN REPUBLIC OF); 84:VIET NAM; 1284:VIRGIN ISLANDS (BRITISH); 1340:VIRGIN ISLANDS (U.S.); 681:WALLIS AND FUTUNA; 1013:WESTERN SAHARA; 967:YEMEN; 260:ZAMBIA; 263:ZIMBABWE; 9999:OTHERS
ITR.ITR2.ScheduleFA.DetailsOfTrustOutIndiaTrustee[].ZipCode	string	True	type=string, minLength=1, maxLength=8, pattern=|(\s*([\w\d_=!@#$%\^*\(\){}\[\]\|\\:;',\.\?/~`\-\+<>&][\s\w\d_=!@#$%\^*\(\){}\[\]\|\\:;',\.\?/~`\-\+<>&]*)\s*), REQUIRED	
ITR.ITR2.ScheduleFA.DetailsOfTrustOutIndiaTrustee[].NameOfTrust	string	True	type=string, minLength=1, maxLength=125, pattern=|(\s*([\w\d_=!@#$%\^*\(\){}\[\]\|\\:;',\.\?/~`\-\+<>&][\s\w\d_=!@#$%\^*\(\){}\[\]\|\\:;',\.\?/~`\-\+<>&]*)\s*), REQUIRED	
ITR.ITR2.ScheduleFA.DetailsOfTrustOutIndiaTrustee[].AddressOfTrust	string	True	type=string, minLength=1, maxLength=200, pattern=|(\s*([\w\d_=!@#$%\^*\(\){}\[\]\|\\:;',\.\?/~`\-\+<>&][\s\w\d_=!@#$%\^*\(\){}\[\]\|\\:;',\.\?/~`\-\+<>&]*)\s*), REQUIRED	
ITR.ITR2.ScheduleFA.DetailsOfTrustOutIndiaTrustee[].NameOfOtherTrustees	string	True	type=string, minLength=1, maxLength=125, pattern=|(\s*([\w\d_=!@#$%\^*\(\){}\[\]\|\\:;',\.\?/~`\-\+<>&][\s\w\d_=!@#$%\^*\(\){}\[\]\|\\:;',\.\?/~`\-\+<>&]*)\s*), REQUIRED	
ITR.ITR2.ScheduleFA.DetailsOfTrustOutIndiaTrustee[].AddressOfOtherTrustees	string	True	type=string, minLength=1, maxLength=200, pattern=|(\s*([\w\d_=!@#$%\^*\(\){}\[\]\|\\:;',\.\?/~`\-\+<>&][\s\w\d_=!@#$%\^*\(\){}\[\]\|\\:;',\.\?/~`\-\+<>&]*)\s*), REQUIRED	
ITR.ITR2.ScheduleFA.DetailsOfTrustOutIndiaTrustee[].NameOfSettlor	string	True	type=string, minLength=1, maxLength=125, pattern=|(\s*([\w\d_=!@#$%\^*\(\){}\[\]\|\\:;',\.\?/~`\-\+<>&][\s\w\d_=!@#$%\^*\(\){}\[\]\|\\:;',\.\?/~`\-\+<>&]*)\s*), REQUIRED	
ITR.ITR2.ScheduleFA.DetailsOfTrustOutIndiaTrustee[].AddressOfSettlor	string	True	type=string, minLength=1, maxLength=200, pattern=|(\s*([\w\d_=!@#$%\^*\(\){}\[\]\|\\:;',\.\?/~`\-\+<>&][\s\w\d_=!@#$%\^*\(\){}\[\]\|\\:;',\.\?/~`\-\+<>&]*)\s*), REQUIRED	
ITR.ITR2.ScheduleFA.DetailsOfTrustOutIndiaTrustee[].NameOfBeneficiaries	string	True	type=string, minLength=1, maxLength=125, pattern=|(\s*([\w\d_=!@#$%\^*\(\){}\[\]\|\\:;',\.\?/~`\-\+<>&][\s\w\d_=!@#$%\^*\(\){}\[\]\|\\:;',\.\?/~`\-\+<>&]*)\s*), REQUIRED	
ITR.ITR2.ScheduleFA.DetailsOfTrustOutIndiaTrustee[].AddressOfBeneficiaries	string	True	type=string, minLength=1, maxLength=200, pattern=|(\s*([\w\d_=!@#$%\^*\(\){}\[\]\|\\:;',\.\?/~`\-\+<>&][\s\w\d_=!@#$%\^*\(\){}\[\]\|\\:;',\.\?/~`\-\+<>&]*)\s*), REQUIRED	
ITR.ITR2.ScheduleFA.DetailsOfTrustOutIndiaTrustee[].DateHeld	string	True	type=string, pattern=([12]\d{3}-(0[1-9]|1[0-2])-(0[1-9]|[12]\d|3[01])), REQUIRED	Date in YYYY-MM-DD format
ITR.ITR2.ScheduleFA.DetailsOfTrustOutIndiaTrustee[].IncDrvTaxFlag	string	True	type=string, pattern=|(\s*([\w\d_=!@#$%\^*\(\){}\[\]\|\\:;',\.\?/~`\-\+<>&][\s\w\d_=!@#$%\^*\(\){}\[\]\|\\:;',\.\?/~`\-\+<>&]*)\s*), enum=['Y', 'N'], REQUIRED	Y - Yes; N - No
ITR.ITR2.ScheduleFA.DetailsOfTrustOutIndiaTrustee[].IncDrvFromTrust	integer	False	type=integer, minimum=-99999999999999, maximum=99999999999999	
ITR.ITR2.ScheduleFA.DetailsOfTrustOutIndiaTrustee[].IncOfferedAmt	integer	False	type=integer, minimum=-99999999999999, maximum=99999999999999	
ITR.ITR2.ScheduleFA.DetailsOfTrustOutIndiaTrustee[].IncOfferedSch	string	False	type=string, pattern=|(\s*([\w\d_=!@#$%\^*\(\){}\[\]\|\\:;',\.\?/~`\-\+<>&][\s\w\d_=!@#$%\^*\(\){}\[\]\|\\:;',\.\?/~`\-\+<>&]*)\s*), enum=['SA', 'HP', 'CG', 'OS', 'EI', 'NI']	SA - Salary; HP - House Property; CG - Capital Gains; OS - Other Sources; EI - Exempt Income; NI - No Income during the year
ITR.ITR2.ScheduleFA.DetailsOfTrustOutIndiaTrustee[].IncOfferedSchNo	string	False	type=string, maxLength=50, pattern=|(\s*([\w\d_=!@#$%\^*\(\){}\[\]\|\\:;',\.\?/~`\-\+<>&][\s\w\d_=!@#$%\^*\(\){}\[\]\|\\:;',\.\?/~`\-\+<>&]*)\s*)	
ITR.ITR2.ScheduleFA.DetailsOfOthSourcesIncOutsideIndia[].CountryName	string	True	type=string, minLength=1, maxLength=55, pattern=|(\s*([\w\d_=!@#$%\^*\(\){}\[\]\|\\:;',\.\?/~`\-\+<>&][\s\w\d_=!@#$%\^*\(\){}\[\]\|\\:;',\.\?/~`\-\+<>&]*)\s*), REQUIRED	
ITR.ITR2.ScheduleFA.DetailsOfOthSourcesIncOutsideIndia[].CountryCodeExcludingIndia	string	True	type=string, pattern=|(\s*([\w\d_=!@#$%\^*\(\){}\[\]\|\\:;',\.\?/~`\-\+<>&][\s\w\d_=!@#$%\^*\(\){}\[\]\|\\:;',\.\?/~`\-\+<>&]*)\s*), enum=['93', '1001', '355', '213', '684', '376', '244', '1264', '1010', '1268', '54', '374', '297', '61', '43', '994', '1242', '973', '880', '1246', '375', '32', '501…], REQUIRED	93:AFGHANISTAN; 1001:ÅLAND ISLANDS; 355:ALBANIA; 213:ALGERIA; 684:AMERICAN SAMOA; 376:ANDORRA; 244:ANGOLA; 1264:ANGUILLA; 1010:ANTARCTICA; 1268:ANTIGUA AND BARBUDA; 54:ARGENTINA; 374:ARMENIA; 297:ARUBA; 61:AUSTRALIA; 43:AUSTRIA; 994:AZERBAIJAN; 1242:BAHAMAS; 973:BAHRAIN; 880:BANGLADESH; 1246:BARBADOS; 375:BELARUS; 32:BELGIUM; 501:BELIZE; 229:BENIN; 1441:BERMUDA; 975:BHUTAN; 591:BOLIVIA (PLURINATIONAL STATE OF); 1002:BONAIRE, SINT EUSTATIUS AND SABA; 387:BOSNIA AND HERZEGOVINA; 267:BOTSWANA; 1003:BOUVET ISLAND; 55:BRAZIL; 1014:BRITISH INDIAN OCEAN TERRITORY; 673:BRUNEI DARUSSALAM; 359:BULGARIA; 226: BURKINA FASO; 257:BURUNDI; 238:CABO VERDE; 855:CAMBODIA; 237:CAMEROON; 1:CANADA; 1345:CAYMAN ISLANDS; 236:CENTRAL AFRICAN REPUBLIC; 235:CHAD; 56:CHILE; 86:CHINA; 9:CHRISTMAS ISLAND; 672:COCOS (KEELING) ISLANDS; 57:COLOMBIA; 270:COMOROS; 242:CONGO; 243:CONGO (DEMOCRATIC REPUBLIC OF THE); 682:COOK ISLANDS; 506:COSTA RICA; 225:CÔTE D'IVOIRE; 385:CROATIA; 53:CUBA; 1015:CURAÇAO; 357:CYPRUS; 420:CZECHIA; 45:DENMARK; 253:DJIBOUTI; 1767:DOMINICA; 1809:DOMINICAN REPUBLIC; 593:ECUADOR; 20:EGYPT; 503:EL SALVADOR; 240:EQUATORIAL GUINEA; 291:ERITREA; 372:ESTONIA; 251:ETHIOPIA; 500:FALKLAND ISLANDS (MALVINAS); 298:FAROE ISLANDS; 679:FIJI; 358:FINLAND; 33:FRANCE; 594:FRENCH GUIANA; 689:FRENCH POLYNESIA; 1004:FRENCH SOUTHERN TERRITORIES; 241:GABON; 220:GAMBIA; 995:GEORGIA; 49:GERMANY; 233:GHANA; 350:GIBRALTAR; 30:GREECE; 299:GREENLAND; 1473:GRENADA; 590:GUADELOUPE; 1671:GUAM; 502:GUATEMALA; 1481:GUERNSEY; 224:GUINEA; 245:GUINEA-BISSAU; 592:GUYANA; 509:HAITI; 1005:HEARD ISLAND AND MCDONALD ISLANDS; 6:HOLY SEE; 504:HONDURAS; 852:HONG KONG; 36:HUNGARY; 354:ICELAND; 62:INDONESIA; 98:IRAN (ISLAMIC REPUBLIC OF); 964:IRAQ; 353:IRELAND; 1624:ISLE OF MAN; 972:ISRAEL; 5:ITALY; 1876:JAMAICA; 81:JAPAN; 1534:JERSEY; 962:JORDAN; 7:KAZAKHSTAN; 254:KENYA; 686:KIRIBATI; 850:KOREA(DEMOCRATIC PEOPLE'S REPUBLIC OF); 82:KOREA (REPUBLIC OF); 965:KUWAIT; 996:KYRGYZSTAN; 856:LAO PEOPLE'S DEMOCRATIC REPUBLIC; 371:LATVIA; 961:LEBANON; 266:LESOTHO; 231:LIBERIA; 218:LIBYA; 423:LIECHTENSTEIN; 370:LITHUANIA; 352:LUXEMBOURG; 853:MACAO; 389:MACEDONIA(THE FORMER YUGOSLAV REPUBLIC OF); 261:MADAGASCAR; 265:MALAWI; 60:MALAYSIA; 960:MALDIVES; 223:MALI; 356:MALTA; 692:MARSHALL ISLANDS; 596:MARTINIQUE; 222:MAURITANIA; 230:MAURITIUS; 269:MAYOTTE; 52:MEXICO; 691:MICRONESIA (FEDERATED STATES OF); 373:MOLDOVA (REPUBLIC OF); 377:MONACO; 976:MONGOLIA; 382:MONTENEGRO; 1664:MONTSERRAT; 212:MOROCCO; 258:MOZAMBIQUE; 95:MYANMAR; 264:NAMIBIA; 674:NAURU; 977:NEPAL; 31:NETHERLANDS; 687:NEW CALEDONIA; 64:NEW ZEALAND; 505:NICARAGUA; 227:NIGER; 234:NIGERIA; 683:NIUE; 15:NORFOLK ISLAND; 1670:NORTHERN MARIANA ISLANDS; 47:NORWAY; 968:OMAN; 92:PAKISTAN; 680:PALAU; 970:PALESTINE, STATE OF; 507:PANAMA; 675:PAPUA NEW GUINEA; 595:PARAGUAY; 51:PERU; 63:PHILIPPINES; 1011:PITCAIRN; 48:POLAND; 14:PORTUGAL; 1787:PUERTO RICO; 974:QATAR; 262:RÉUNION; 40:ROMANIA; 8:RUSSIAN FEDERATION; 250:RWANDA; 1006:SAINT BARTHÉLEMY; 290: SAINT HELENA, ASCENSION AND TRISTAN DA CUNHA; 1869:SAINT KITTS AND NEVIS; 1758:SAINT LUCIA; 1007:SAINT MARTIN (FRENCH PART); 508:SAINT PIERRE AND MIQUELON; 1784:SAINT VINCENT AND THE GRENADINES; 685:SAMOA; 378:SAN MARINO; 239:SAO TOME AND PRINCIPE; 966:SAUDI ARABIA; 221:SENEGAL; 381:SERBIA; 248:SEYCHELLES; 232:SIERRA LEONE; 65:SINGAPORE; 1721:SINT MAARTEN (DUTCH PART); 421:SLOVAKIA; 386:SLOVENIA; 677:SOLOMON ISLANDS; 252:SOMALIA; 28:SOUTH AFRICA; 1008:SOUTH GEORGIA AND THE SOUTH SANDWICH ISLANDS; 211:SOUTH SUDAN; 35:SPAIN; 94:SRI LANKA; 249:SUDAN; 597:SURINAME; 1012:SVALBARD AND JAN MAYEN; 268:SWAZILAND; 46:SWEDEN; 41:SWITZERLAND; 963:SYRIAN ARAB REPUBLIC; 886:TAIWAN; 992:TAJIKISTAN; 255:TANZANIA, UNITED REPUBLIC OF; 66:THAILAND; 670:TIMOR-LESTE (EAST TIMOR); 228:TOGO; 690:TOKELAU; 676:TONGA; 1868:TRINIDAD AND TOBAGO; 216:TUNISIA; 90:TURKEY; 993:TURKMENISTAN; 1649:TURKS AND CAICOS ISLANDS; 688:TUVALU; 256:UGANDA; 380:UKRAINE; 971:UNITED ARAB EMIRATES; 44:UNITED KINGDOM OF GREAT BRITAIN AND NORTHERN IRELAND; 2:UNITED STATES OF AMERICA; 1009:UNITED STATES MINOR OUTLYING ISLANDS; 598:URUGUAY; 998:UZBEKISTAN; 678:VANUATU; 58:VENEZUELA (BOLIVARIAN REPUBLIC OF); 84:VIET NAM; 1284:VIRGIN ISLANDS (BRITISH); 1340:VIRGIN ISLANDS (U.S.); 681:WALLIS AND FUTUNA; 1013:WESTERN SAHARA; 967:YEMEN; 260:ZAMBIA; 263:ZIMBABWE; 9999:OTHERS
ITR.ITR2.ScheduleFA.DetailsOfOthSourcesIncOutsideIndia[].ZipCode	string	True	type=string, minLength=1, maxLength=8, pattern=|(\s*([\w\d_=!@#$%\^*\(\){}\[\]\|\\:;',\.\?/~`\-\+<>&][\s\w\d_=!@#$%\^*\(\){}\[\]\|\\:;',\.\?/~`\-\+<>&]*)\s*), REQUIRED	
ITR.ITR2.ScheduleFA.DetailsOfOthSourcesIncOutsideIndia[].NameOfPerson	string	True	type=string, minLength=1, maxLength=125, pattern=|(\s*([\w\d_=!@#$%\^*\(\){}\[\]\|\\:;',\.\?/~`\-\+<>&][\s\w\d_=!@#$%\^*\(\){}\[\]\|\\:;',\.\?/~`\-\+<>&]*)\s*), REQUIRED	
ITR.ITR2.ScheduleFA.DetailsOfOthSourcesIncOutsideIndia[].AddressOfPerson	string	True	type=string, minLength=1, maxLength=200, pattern=|(\s*([\w\d_=!@#$%\^*\(\){}\[\]\|\\:;',\.\?/~`\-\+<>&][\s\w\d_=!@#$%\^*\(\){}\[\]\|\\:;',\.\?/~`\-\+<>&]*)\s*), REQUIRED	
ITR.ITR2.ScheduleFA.DetailsOfOthSourcesIncOutsideIndia[].IncDerived	integer	False	type=integer, minimum=-99999999999999, maximum=99999999999999	
ITR.ITR2.ScheduleFA.DetailsOfOthSourcesIncOutsideIndia[].NatureOfInc	string	True	type=string, minLength=1, maxLength=100, pattern=|(\s*([\w\d_=!@#$%\^*\(\){}\[\]\|\\:;',\.\?/~`\-\+<>&][\s\w\d_=!@#$%\^*\(\){}\[\]\|\\:;',\.\?/~`\-\+<>&]*)\s*), REQUIRED	
ITR.ITR2.ScheduleFA.DetailsOfOthSourcesIncOutsideIndia[].IncDrvTaxFlag	string	True	type=string, pattern=|(\s*([\w\d_=!@#$%\^*\(\){}\[\]\|\\:;',\.\?/~`\-\+<>&][\s\w\d_=!@#$%\^*\(\){}\[\]\|\\:;',\.\?/~`\-\+<>&]*)\s*), enum=['Y', 'N'], REQUIRED	Y - Yes; N - No
ITR.ITR2.ScheduleFA.DetailsOfOthSourcesIncOutsideIndia[].IncOfferedAmt	integer	False	type=integer, minimum=-99999999999999, maximum=99999999999999	
ITR.ITR2.ScheduleFA.DetailsOfOthSourcesIncOutsideIndia[].IncOfferedSch	string	False	type=string, pattern=|(\s*([\w\d_=!@#$%\^*\(\){}\[\]\|\\:;',\.\?/~`\-\+<>&][\s\w\d_=!@#$%\^*\(\){}\[\]\|\\:;',\.\?/~`\-\+<>&]*)\s*), enum=['SA', 'HP', 'CG', 'OS', 'EI', 'NI']	SA - Salary; HP - House Property; CG - Capital Gains; OS - Other Sources; EI - Exempt Income; NI - No Income during the year
ITR.ITR2.ScheduleFA.DetailsOfOthSourcesIncOutsideIndia[].IncOfferedSchNo	string	False	type=string, maxLength=50, pattern=|(\s*([\w\d_=!@#$%\^*\(\){}\[\]\|\\:;',\.\?/~`\-\+<>&][\s\w\d_=!@#$%\^*\(\){}\[\]\|\\:;',\.\?/~`\-\+<>&]*)\s*)	
ITR.ITR2.Schedule5A2014.NameOfSpouse	string	True	type=string, minLength=1, maxLength=125, pattern=|(\s*([\w\d_=!@#$%\^*\(\){}\[\]\|\\:;',\.\?/~`\-\+<>&][\s\w\d_=!@#$%\^*\(\){}\[\]\|\\:;',\.\?/~`\-\+<>&]*)\s*), REQUIRED	
ITR.ITR2.Schedule5A2014.PANOfSpouse	string	True	type=string, pattern=[A-Z]{5}[0-9]{4}[A-Z], REQUIRED	
ITR.ITR2.Schedule5A2014.AadhaarOfSpouse	string	False	type=string, pattern=[0-9]{12}	
ITR.ITR2.Schedule5A2014.HPHeadIncome.IncRecvdUndHead	integer	True	type=integer, minimum=0, maximum=99999999999999, REQUIRED	
ITR.ITR2.Schedule5A2014.HPHeadIncome.AmtApprndOfSpouse	integer	True	type=integer, minimum=-99999999999999, maximum=99999999999999, REQUIRED	
ITR.ITR2.Schedule5A2014.HPHeadIncome.AmtTDSDeducted	integer	True	type=integer, minimum=-99999999999999, maximum=99999999999999, REQUIRED	
ITR.ITR2.Schedule5A2014.HPHeadIncome.TDSApprndOfSpouse	integer	True	type=integer, minimum=-99999999999999, maximum=99999999999999, REQUIRED	
ITR.ITR2.Schedule5A2014.CapGainHeadIncome.IncRecvdUndHead	integer	True	type=integer, minimum=0, maximum=99999999999999, REQUIRED	
ITR.ITR2.Schedule5A2014.CapGainHeadIncome.AmtApprndOfSpouse	integer	True	type=integer, minimum=-99999999999999, maximum=99999999999999, REQUIRED	
ITR.ITR2.Schedule5A2014.CapGainHeadIncome.AmtTDSDeducted	integer	True	type=integer, minimum=-99999999999999, maximum=99999999999999, REQUIRED	
ITR.ITR2.Schedule5A2014.CapGainHeadIncome.TDSApprndOfSpouse	integer	True	type=integer, minimum=-99999999999999, maximum=99999999999999, REQUIRED	
ITR.ITR2.Schedule5A2014.OtherSourcesHeadIncome.IncRecvdUndHead	integer	True	type=integer, minimum=0, maximum=99999999999999, REQUIRED	
ITR.ITR2.Schedule5A2014.OtherSourcesHeadIncome.AmtApprndOfSpouse	integer	True	type=integer, minimum=-99999999999999, maximum=99999999999999, REQUIRED	
ITR.ITR2.Schedule5A2014.OtherSourcesHeadIncome.AmtTDSDeducted	integer	True	type=integer, minimum=-99999999999999, maximum=99999999999999, REQUIRED	
ITR.ITR2.Schedule5A2014.OtherSourcesHeadIncome.TDSApprndOfSpouse	integer	True	type=integer, minimum=-99999999999999, maximum=99999999999999, REQUIRED	
ITR.ITR2.Schedule5A2014.TotalHeadIncome.IncRecvdUndHead	integer	True	type=integer, minimum=0, maximum=99999999999999, REQUIRED	
ITR.ITR2.Schedule5A2014.TotalHeadIncome.AmtApprndOfSpouse	integer	True	type=integer, minimum=-99999999999999, maximum=99999999999999, REQUIRED	
ITR.ITR2.Schedule5A2014.TotalHeadIncome.AmtTDSDeducted	integer	True	type=integer, minimum=-99999999999999, maximum=99999999999999, REQUIRED	
ITR.ITR2.Schedule5A2014.TotalHeadIncome.TDSApprndOfSpouse	integer	True	type=integer, minimum=-99999999999999, maximum=99999999999999, REQUIRED	
ITR.ITR2.ScheduleAL.ImmovableDetails[].Description	string	True	type=string, minLength=1, maxLength=25, pattern=|(\s*([\w\d_=!@#$%\^*\(\){}\[\]\|\\:;',\.\?/~`\-\+<>&][\s\w\d_=!@#$%\^*\(\){}\[\]\|\\:;',\.\?/~`\-\+<>&]*)\s*), REQUIRED	
ITR.ITR2.ScheduleAL.ImmovableDetails[].AddressAL.ResidenceNo	string	True	type=string, minLength=1, maxLength=50, pattern=|(\s*([\w\d_=!@#$%\^*\(\){}\[\]\|\\:;',\.\?/~`\-\+<>&][\s\w\d_=!@#$%\^*\(\){}\[\]\|\\:;',\.\?/~`\-\+<>&]*)\s*), REQUIRED	
ITR.ITR2.ScheduleAL.ImmovableDetails[].AddressAL.ResidenceName	string	False	type=string, minLength=1, maxLength=50, pattern=|(\s*([\w\d_=!@#$%\^*\(\){}\[\]\|\\:;',\.\?/~`\-\+<>&][\s\w\d_=!@#$%\^*\(\){}\[\]\|\\:;',\.\?/~`\-\+<>&]*)\s*)	
ITR.ITR2.ScheduleAL.ImmovableDetails[].AddressAL.RoadOrStreet	string	False	type=string, minLength=1, maxLength=50, pattern=|(\s*([\w\d_=!@#$%\^*\(\){}\[\]\|\\:;',\.\?/~`\-\+<>&][\s\w\d_=!@#$%\^*\(\){}\[\]\|\\:;',\.\?/~`\-\+<>&]*)\s*)	
ITR.ITR2.ScheduleAL.ImmovableDetails[].AddressAL.LocalityOrArea	string	True	type=string, minLength=1, maxLength=50, pattern=|(\s*([\w\d_=!@#$%\^*\(\){}\[\]\|\\:;',\.\?/~`\-\+<>&][\s\w\d_=!@#$%\^*\(\){}\[\]\|\\:;',\.\?/~`\-\+<>&]*)\s*), REQUIRED	
ITR.ITR2.ScheduleAL.ImmovableDetails[].AddressAL.CityOrTownOrDistrict	string	True	type=string, minLength=1, maxLength=50, pattern=|(\s*([\w\d_=!@#$%\^*\(\){}\[\]\|\\:;',\.\?/~`\-\+<>&][\s\w\d_=!@#$%\^*\(\){}\[\]\|\\:;',\.\?/~`\-\+<>&]*)\s*), REQUIRED	
ITR.ITR2.ScheduleAL.ImmovableDetails[].AddressAL.StateCode	string	True	type=string, pattern=|(\s*([\w\d_=!@#$%\^*\(\){}\[\]\|\\:;',\.\?/~`\-\+<>&][\s\w\d_=!@#$%\^*\(\){}\[\]\|\\:;',\.\?/~`\-\+<>&]*)\s*), enum=['01', '02', '03', '04', '05', '06', '07', '08', '09', '10', '11', '12', '13', '14', '15', '16', '17', '18', '19', '20', '21', '22', '23', '24', '25', '26', '27…], REQUIRED	01-Andaman and Nicobar islands; 02-Andhra Pradesh; 03-Arunachal Pradesh; 04-Assam; 05-Bihar; 06-Chandigarh; 07-Dadra Nagar and Haveli; 08-Daman and Diu; 09- Delhi; 10- Goa; 11-Gujarat; 12- Haryana; 13- Himachal Pradesh; 14-Jammu and Kashmir; 15- Karnataka; 16- Kerala; 17- Lakshadweep; 18-Madhya Pradesh; 19-Maharashtra; 20-Manipur; 21-meghalaya; 22-Mizoram; 23-Nagaland; 24- Odisha; 25- Puducherry; 26- Punjab; 27-Rajasthan; 28- Sikkim; 29-Tamil Nadu; 30- Tripura; 31-Uttar Pradesh; 32- West Bengal; 33- Chhattisgarh; 34- Uttarakhand; 35- Jharkhand; 36- Telangana; 37- Ladakh; 99- Foreign
ITR.ITR2.ScheduleAL.ImmovableDetails[].AddressAL.CountryCode	string	True	type=string, pattern=|(\s*([\w\d_=!@#$%\^*\(\){}\[\]\|\\:;',\.\?/~`\-\+<>&][\s\w\d_=!@#$%\^*\(\){}\[\]\|\\:;',\.\?/~`\-\+<>&]*)\s*), enum=['93', '1001', '355', '213', '684', '376', '244', '1264', '1010', '1268', '54', '374', '297', '61', '43', '994', '1242', '973', '880', '1246', '375', '32', '501…], REQUIRED	93:AFGHANISTAN; 1001:ÅLAND ISLANDS; 355:ALBANIA; 213:ALGERIA; 684:AMERICAN SAMOA; 376:ANDORRA; 244:ANGOLA; 1264:ANGUILLA; 1010:ANTARCTICA; 1268:ANTIGUA AND BARBUDA; 54:ARGENTINA; 374:ARMENIA; 297:ARUBA; 61:AUSTRALIA; 43:AUSTRIA; 994:AZERBAIJAN; 1242:BAHAMAS; 973:BAHRAIN; 880:BANGLADESH; 1246:BARBADOS; 375:BELARUS; 32:BELGIUM; 501:BELIZE; 229:BENIN; 1441:BERMUDA; 975:BHUTAN; 591:BOLIVIA (PLURINATIONAL STATE OF); 1002:BONAIRE, SINT EUSTATIUS AND SABA; 387:BOSNIA AND HERZEGOVINA; 267:BOTSWANA; 1003:BOUVET ISLAND; 55:BRAZIL; 1014:BRITISH INDIAN OCEAN TERRITORY; 673:BRUNEI DARUSSALAM; 359:BULGARIA; 226: BURKINA FASO; 257:BURUNDI; 238:CABO VERDE; 855:CAMBODIA; 237:CAMEROON; 1:CANADA; 1345:CAYMAN ISLANDS; 236:CENTRAL AFRICAN REPUBLIC; 235:CHAD; 56:CHILE; 86:CHINA; 9:CHRISTMAS ISLAND; 672:COCOS (KEELING) ISLANDS; 57:COLOMBIA; 270:COMOROS; 242:CONGO; 243:CONGO (DEMOCRATIC REPUBLIC OF THE); 682:COOK ISLANDS; 506:COSTA RICA; 225:CÔTE D'IVOIRE; 385:CROATIA; 53:CUBA; 1015:CURAÇAO; 357:CYPRUS; 420:CZECHIA; 45:DENMARK; 253:DJIBOUTI; 1767:DOMINICA; 1809:DOMINICAN REPUBLIC; 593:ECUADOR; 20:EGYPT; 503:EL SALVADOR; 240:EQUATORIAL GUINEA; 291:ERITREA; 372:ESTONIA; 251:ETHIOPIA; 500:FALKLAND ISLANDS (MALVINAS); 298:FAROE ISLANDS; 679:FIJI; 358:FINLAND; 33:FRANCE; 594:FRENCH GUIANA; 689:FRENCH POLYNESIA; 1004:FRENCH SOUTHERN TERRITORIES; 241:GABON; 220:GAMBIA; 995:GEORGIA; 49:GERMANY; 233:GHANA; 350:GIBRALTAR; 30:GREECE; 299:GREENLAND; 1473:GRENADA; 590:GUADELOUPE; 1671:GUAM; 502:GUATEMALA; 1481:GUERNSEY; 224:GUINEA; 245:GUINEA-BISSAU; 592:GUYANA; 509:HAITI; 1005:HEARD ISLAND AND MCDONALD ISLANDS; 6:HOLY SEE; 504:HONDURAS; 852:HONG KONG; 36:HUNGARY; 354:ICELAND; 91:INDIA; 62:INDONESIA; 98:IRAN (ISLAMIC REPUBLIC OF); 964:IRAQ; 353:IRELAND; 1624:ISLE OF MAN; 972:ISRAEL; 5:ITALY; 1876:JAMAICA; 81:JAPAN; 1534:JERSEY; 962:JORDAN; 7:KAZAKHSTAN; 254:KENYA; 686:KIRIBATI; 850:KOREA(DEMOCRATIC PEOPLE'S REPUBLIC OF); 82:KOREA (REPUBLIC OF); 965:KUWAIT; 996:KYRGYZSTAN; 856:LAO PEOPLE'S DEMOCRATIC REPUBLIC; 371:LATVIA; 961:LEBANON; 266:LESOTHO; 231:LIBERIA; 218:LIBYA; 423:LIECHTENSTEIN; 370:LITHUANIA; 352:LUXEMBOURG; 853:MACAO; 389:MACEDONIA(THE FORMER YUGOSLAV REPUBLIC OF); 261:MADAGASCAR; 265:MALAWI; 60:MALAYSIA; 960:MALDIVES; 223:MALI; 356:MALTA; 692:MARSHALL ISLANDS; 596:MARTINIQUE; 222:MAURITANIA; 230:MAURITIUS; 269:MAYOTTE; 52:MEXICO; 691:MICRONESIA (FEDERATED STATES OF); 373:MOLDOVA (REPUBLIC OF); 377:MONACO; 976:MONGOLIA; 382:MONTENEGRO; 1664:MONTSERRAT; 212:MOROCCO; 258:MOZAMBIQUE; 95:MYANMAR; 264:NAMIBIA; 674:NAURU; 977:NEPAL; 31:NETHERLANDS; 687:NEW CALEDONIA; 64:NEW ZEALAND; 505:NICARAGUA; 227:NIGER; 234:NIGERIA; 683:NIUE; 15:NORFOLK ISLAND; 1670:NORTHERN MARIANA ISLANDS; 47:NORWAY; 968:OMAN; 92:PAKISTAN; 680:PALAU; 970:PALESTINE, STATE OF; 507:PANAMA; 675:PAPUA NEW GUINEA; 595:PARAGUAY; 51:PERU; 63:PHILIPPINES; 1011:PITCAIRN; 48:POLAND; 14:PORTUGAL; 1787:PUERTO RICO; 974:QATAR; 262:RÉUNION; 40:ROMANIA; 8:RUSSIAN FEDERATION; 250:RWANDA; 1006:SAINT BARTHÉLEMY; 290: SAINT HELENA, ASCENSION AND TRISTAN DA CUNHA; 1869:SAINT KITTS AND NEVIS; 1758:SAINT LUCIA; 1007:SAINT MARTIN (FRENCH PART); 508:SAINT PIERRE AND MIQUELON; 1784:SAINT VINCENT AND THE GRENADINES; 685:SAMOA; 378:SAN MARINO; 239:SAO TOME AND PRINCIPE; 966:SAUDI ARABIA; 221:SENEGAL; 381:SERBIA; 248:SEYCHELLES; 232:SIERRA LEONE; 65:SINGAPORE; 1721:SINT MAARTEN (DUTCH PART); 421:SLOVAKIA; 386:SLOVENIA; 677:SOLOMON ISLANDS; 252:SOMALIA; 28:SOUTH AFRICA; 1008:SOUTH GEORGIA AND THE SOUTH SANDWICH ISLANDS; 211:SOUTH SUDAN; 35:SPAIN; 94:SRI LANKA; 249:SUDAN; 597:SURINAME; 1012:SVALBARD AND JAN MAYEN; 268:SWAZILAND; 46:SWEDEN; 41:SWITZERLAND; 963:SYRIAN ARAB REPUBLIC; 886:TAIWAN; 992:TAJIKISTAN; 255:TANZANIA, UNITED REPUBLIC OF; 66:THAILAND; 670:TIMOR-LESTE (EAST TIMOR); 228:TOGO; 690:TOKELAU; 676:TONGA; 1868:TRINIDAD AND TOBAGO; 216:TUNISIA; 90:TURKEY; 993:TURKMENISTAN; 1649:TURKS AND CAICOS ISLANDS; 688:TUVALU; 256:UGANDA; 380:UKRAINE; 971:UNITED ARAB EMIRATES; 44:UNITED KINGDOM OF GREAT BRITAIN AND NORTHERN IRELAND; 2:UNITED STATES OF AMERICA; 1009:UNITED STATES MINOR OUTLYING ISLANDS; 598:URUGUAY; 998:UZBEKISTAN; 678:VANUATU; 58:VENEZUELA (BOLIVARIAN REPUBLIC OF); 84:VIET NAM; 1284:VIRGIN ISLANDS (BRITISH); 1340:VIRGIN ISLANDS (U.S.); 681:WALLIS AND FUTUNA; 1013:WESTERN SAHARA; 967:YEMEN; 260:ZAMBIA; 263:ZIMBABWE; 9999:OTHERS
ITR.ITR2.ScheduleAL.ImmovableDetails[].AddressAL.PinCode	integer	False	type=integer, minimum=100000, maximum=999999, pattern=[1-9]{1}[0-9]{5}	
ITR.ITR2.ScheduleAL.ImmovableDetails[].AddressAL.ZipCode	string	False	type=string, maxLength=8, pattern=|(\s*([\w\d_=!@#$%\^*\(\){}\[\]\|\\:;',\.\?/~`\-\+<>&][\s\w\d_=!@#$%\^*\(\){}\[\]\|\\:;',\.\?/~`\-\+<>&]*)\s*)	
ITR.ITR2.ScheduleAL.ImmovableDetails[].Amount	integer	True	type=integer, minimum=0, maximum=99999999999999, REQUIRED	
ITR.ITR2.ScheduleAL.MovableAsset.DepositsInBank	integer	True	type=integer, minimum=0, maximum=99999999999999, REQUIRED	
ITR.ITR2.ScheduleAL.MovableAsset.SharesAndSecurities	integer	True	type=integer, minimum=0, maximum=99999999999999, REQUIRED	
ITR.ITR2.ScheduleAL.MovableAsset.InsurancePolicies	integer	True	type=integer, minimum=0, maximum=99999999999999, REQUIRED	
ITR.ITR2.ScheduleAL.MovableAsset.LoansAndAdvancesGiven	integer	True	type=integer, minimum=0, maximum=99999999999999, REQUIRED	
ITR.ITR2.ScheduleAL.MovableAsset.CashInHand	integer	True	type=integer, minimum=0, maximum=99999999999999, REQUIRED	
ITR.ITR2.ScheduleAL.MovableAsset.JewelleryBullionEtc	integer	True	type=integer, minimum=0, maximum=99999999999999, REQUIRED	
ITR.ITR2.ScheduleAL.MovableAsset.ArchCollDrawPaintSulpArt	integer	True	type=integer, minimum=0, maximum=99999999999999, REQUIRED	
ITR.ITR2.ScheduleAL.MovableAsset.VehiclYachtsBoatsAircrafts	integer	True	type=integer, minimum=0, maximum=99999999999999, REQUIRED	
ITR.ITR2.ScheduleAL.LiabilityInRelatAssets	integer	True	type=integer, minimum=0, maximum=99999999999999, REQUIRED	
ITR.ITR2.PartB-TI.Salaries	integer	True	type=integer, minimum=0, maximum=99999999999999, REQUIRED	Income from Salary
ITR.ITR2.PartB-TI.IncomeFromHP	integer	True	type=integer, minimum=0, maximum=99999999999999, REQUIRED	Income from house property
ITR.ITR2.PartB-TI.CapGain.ShortTerm.ShortTerm15Per	integer	True	type=integer, minimum=0, maximum=99999999999999, REQUIRED	Short-term chargeable @ 15%
ITR.ITR2.PartB-TI.CapGain.ShortTerm.ShortTerm20Per	integer	True	type=integer, minimum=0, maximum=99999999999999, REQUIRED	Short-term chargeable @ 20%
ITR.ITR2.PartB-TI.CapGain.ShortTerm.ShortTerm30Per	integer	True	type=integer, minimum=0, maximum=99999999999999, REQUIRED	Short-term chargeable @ 30%
ITR.ITR2.PartB-TI.CapGain.ShortTerm.ShortTermAppRate	integer	True	type=integer, minimum=0, maximum=99999999999999, REQUIRED	Short-term chargeable at applicable rate
ITR.ITR2.PartB-TI.CapGain.ShortTerm.ShortTermSplRateDTAA	integer	True	type=integer, minimum=0, maximum=99999999999999, REQUIRED	Short-term chargeable at special rates in India as per DTAA
ITR.ITR2.PartB-TI.CapGain.ShortTerm.TotalShortTerm	integer	True	type=integer, minimum=0, maximum=99999999999999, REQUIRED	
ITR.ITR2.PartB-TI.CapGain.LongTerm.LongTerm10Per	integer	True	type=integer, minimum=0, maximum=99999999999999, REQUIRED	
ITR.ITR2.PartB-TI.CapGain.LongTerm.LongTerm12_5Per	integer	True	type=integer, minimum=0, maximum=99999999999999, REQUIRED	
ITR.ITR2.PartB-TI.CapGain.LongTerm.LongTerm20Per	integer	True	type=integer, minimum=0, maximum=99999999999999, REQUIRED	
ITR.ITR2.PartB-TI.CapGain.LongTerm.LongTermSplRateDTAA	integer	True	type=integer, minimum=0, maximum=99999999999999, REQUIRED	
ITR.ITR2.PartB-TI.CapGain.LongTerm.TotalLongTerm	integer	True	type=integer, minimum=0, maximum=99999999999999, REQUIRED	
ITR.ITR2.PartB-TI.CapGain.ShortTermLongTermTotal	integer	True	type=integer, minimum=0, maximum=99999999999999, REQUIRED	
ITR.ITR2.PartB-TI.CapGain.CapGains30Per115BBH	integer	True	type=integer, minimum=0, maximum=99999999999999, REQUIRED	
ITR.ITR2.PartB-TI.CapGain.TotalCapGains	integer	True	type=integer, minimum=0, maximum=99999999999999, REQUIRED	
ITR.ITR2.PartB-TI.IncFromOS.OtherSrcThanOwnRaceHorse	integer	True	type=integer, minimum=0, maximum=99999999999999, REQUIRED	
ITR.ITR2.PartB-TI.IncFromOS.IncChargblSplRate	integer	True	type=integer, minimum=0, maximum=99999999999999, REQUIRED	
ITR.ITR2.PartB-TI.IncFromOS.FromOwnRaceHorse	integer	True	type=integer, minimum=0, maximum=99999999999999, REQUIRED	
ITR.ITR2.PartB-TI.IncFromOS.TotIncFromOS	integer	True	type=integer, minimum=0, maximum=99999999999999, REQUIRED	
ITR.ITR2.PartB-TI.TotalTI	integer	True	type=integer, minimum=0, maximum=99999999999999, REQUIRED	
ITR.ITR2.PartB-TI.CurrentYearLoss	integer	True	type=integer, minimum=0, maximum=99999999999999, REQUIRED	Losses of current year set off from CYLA
ITR.ITR2.PartB-TI.BalanceAfterSetoffLosses	integer	True	type=integer, minimum=0, maximum=99999999999999, REQUIRED	Balance after set-off current year losses
ITR.ITR2.PartB-TI.BroughtFwdLossesSetoff	integer	True	type=integer, minimum=0, maximum=99999999999999, REQUIRED	Brought forward losses set off from BFLA
ITR.ITR2.PartB-TI.GrossTotalIncome	integer	True	type=integer, minimum=0, maximum=99999999999999, REQUIRED	Gross Total income
ITR.ITR2.PartB-TI.IncChargeTaxSplRate111A112	integer	True	type=integer, minimum=0, maximum=99999999999999, REQUIRED	
ITR.ITR2.PartB-TI.DeductionsUnderScheduleVIA	integer	True	type=integer, minimum=0, maximum=99999999999999, REQUIRED	From Schedule VIA
ITR.ITR2.PartB-TI.TotalIncome	integer	True	type=integer, minimum=0, maximum=99999999999999, REQUIRED	
ITR.ITR2.PartB-TI.IncChargeableTaxSplRates	integer	True	type=integer, minimum=0, maximum=99999999999999, REQUIRED	From total of (i) of schedule SI
ITR.ITR2.PartB-TI.NetAgricultureIncomeOrOtherIncomeForRate	integer	True	type=integer, minimum=0, maximum=99999999999999, REQUIRED	From Schedule EI
ITR.ITR2.PartB-TI.AggregateIncome	integer	True	type=integer, minimum=0, maximum=99999999999999, REQUIRED	
ITR.ITR2.PartB-TI.LossesOfCurrentYearCarriedFwd	integer	True	type=integer, minimum=0, maximum=99999999999999, REQUIRED	Losses of current year to be carried forward from CFL
ITR.ITR2.PartB-TI.DeemedIncomeUs115JC	integer	True	type=integer, minimum=0, maximum=99999999999999, REQUIRED	
ITR.ITR2.PartB_TTI.TaxPayDeemedTotIncUs115JC	integer	True	type=integer, minimum=0, maximum=99999999999999, REQUIRED	
ITR.ITR2.PartB_TTI.Surcharge	integer	True	type=integer, minimum=0, maximum=99999999999999, REQUIRED	
ITR.ITR2.PartB_TTI.HealthEduCess	integer	True	type=integer, minimum=0, maximum=99999999999999, REQUIRED	
ITR.ITR2.PartB_TTI.TotalTaxPayablDeemedTotInc	integer	True	type=integer, minimum=0, maximum=99999999999999, REQUIRED	
ITR.ITR2.PartB_TTI.ComputationOfTaxLiability.TaxPayableOnTI.TaxAtNormalRatesOnAggrInc	integer	True	type=integer, minimum=0, maximum=99999999999999, REQUIRED	
ITR.ITR2.PartB_TTI.ComputationOfTaxLiability.TaxPayableOnTI.TaxAtSpecialRates	integer	True	type=integer, minimum=0, maximum=99999999999999, REQUIRED	
ITR.ITR2.PartB_TTI.ComputationOfTaxLiability.TaxPayableOnTI.RebateOnAgriInc	integer	True	type=integer, minimum=0, maximum=99999999999999, REQUIRED	
ITR.ITR2.PartB_TTI.ComputationOfTaxLiability.TaxPayableOnTI.TaxPayableOnTotInc	integer	True	type=integer, minimum=0, maximum=99999999999999, REQUIRED	
ITR.ITR2.PartB_TTI.ComputationOfTaxLiability.Rebate87A	integer	True	type=integer, minimum=0, REQUIRED	
ITR.ITR2.PartB_TTI.ComputationOfTaxLiability.TaxPayableOnRebate	integer	True	type=integer, minimum=0, maximum=99999999999999, REQUIRED	
ITR.ITR2.PartB_TTI.ComputationOfTaxLiability.Surcharge25ofSI	integer	True	type=integer, minimum=0, maximum=99999999999999, REQUIRED	115BBE Surcharge after marginal relief
ITR.ITR2.PartB_TTI.ComputationOfTaxLiability.SurchargeOnAboveCrore	integer	True	type=integer, minimum=0, maximum=99999999999999, REQUIRED	Surcharge other than 115BBE after marginal relief
ITR.ITR2.PartB_TTI.ComputationOfTaxLiability.Surcharge25ofSIBeforeMarginal	integer	True	type=integer, minimum=0, maximum=99999999999999, REQUIRED	115BBE Surcharge before marginal relief
ITR.ITR2.PartB_TTI.ComputationOfTaxLiability.SurchargeOnAboveCroreBeforeMarginal	integer	True	type=integer, minimum=0, maximum=99999999999999, REQUIRED	Surcharge other than 115BBE before marginal relief
ITR.ITR2.PartB_TTI.ComputationOfTaxLiability.TotalSurcharge	integer	True	type=integer, minimum=0, maximum=99999999999999, REQUIRED	
ITR.ITR2.PartB_TTI.ComputationOfTaxLiability.EducationCess	integer	True	type=integer, minimum=0, maximum=99999999999999, REQUIRED	Education Cess
ITR.ITR2.PartB_TTI.ComputationOfTaxLiability.GrossTaxLiability	integer	True	type=integer, minimum=0, maximum=99999999999999, REQUIRED	
ITR.ITR2.PartB_TTI.ComputationOfTaxLiability.GrossTaxPayable	integer	True	type=integer, minimum=0, maximum=99999999999999, REQUIRED	
ITR.ITR2.PartB_TTI.ComputationOfTaxLiability.GrossTaxPay.TaxInc17	integer	True	type=integer, minimum=0, maximum=99999999999999, REQUIRED	Tax on income without including income on perquisites referred in section 17(2)(vi) received from employer, being an eligible start-up referred to in section 80-IAC ( Schedule Salary)
ITR.ITR2.PartB_TTI.ComputationOfTaxLiability.GrossTaxPay.TaxDeferred17	integer	True	type=integer, minimum=0, maximum=99999999999999, REQUIRED	Tax deferred - relatable to income on perquisites referred in section 17(2)(vi) received from employer, being an eligible start-up referred to in section 80-IAC
ITR.ITR2.PartB_TTI.ComputationOfTaxLiability.GrossTaxPay.TaxDeferredPayableCY	integer	True	type=integer, minimum=0, maximum=99999999999999, REQUIRED	Tax deferred from earlier years but payable during current AY (Total of col. 7 of schedule Tax Deferred on ESOP)
ITR.ITR2.PartB_TTI.ComputationOfTaxLiability.CreditUS115JD	integer	True	type=integer, minimum=0, maximum=99999999999999, REQUIRED	
ITR.ITR2.PartB_TTI.ComputationOfTaxLiability.TaxPayAfterCreditUs115JD	integer	True	type=integer, minimum=0, maximum=99999999999999, REQUIRED	
ITR.ITR2.PartB_TTI.ComputationOfTaxLiability.TaxRelief.Section89	integer	False	type=integer, minimum=0, maximum=99999999999999	
ITR.ITR2.PartB_TTI.ComputationOfTaxLiability.TaxRelief.Section90	integer	False	type=integer, minimum=0, maximum=99999999999999	
ITR.ITR2.PartB_TTI.ComputationOfTaxLiability.TaxRelief.Section91	integer	False	type=integer, minimum=0, maximum=99999999999999	
ITR.ITR2.PartB_TTI.ComputationOfTaxLiability.TaxRelief.TotTaxRelief	integer	True	type=integer, minimum=0, maximum=99999999999999, REQUIRED	
ITR.ITR2.PartB_TTI.ComputationOfTaxLiability.NetTaxLiability	integer	True	type=integer, minimum=0, maximum=99999999999999, REQUIRED	
ITR.ITR2.PartB_TTI.ComputationOfTaxLiability.IntrstPay.IntrstPayUs234A	integer	True	type=integer, minimum=0, maximum=99999999999999, REQUIRED	
ITR.ITR2.PartB_TTI.ComputationOfTaxLiability.IntrstPay.IntrstPayUs234B	integer	True	type=integer, minimum=0, maximum=99999999999999, REQUIRED	
ITR.ITR2.PartB_TTI.ComputationOfTaxLiability.IntrstPay.IntrstPayUs234C	integer	True	type=integer, minimum=0, maximum=99999999999999, REQUIRED	
ITR.ITR2.PartB_TTI.ComputationOfTaxLiability.IntrstPay.LateFilingFee234F	integer	True	type=integer, minimum=0, maximum=5000, REQUIRED	
ITR.ITR2.PartB_TTI.ComputationOfTaxLiability.IntrstPay.TotalIntrstPay	integer	True	type=integer, minimum=0, maximum=99999999999999, REQUIRED	
ITR.ITR2.PartB_TTI.ComputationOfTaxLiability.AggregateTaxInterestLiability	integer	True	type=integer, minimum=0, maximum=99999999999999, REQUIRED	
ITR.ITR2.PartB_TTI.TaxPaid.TaxesPaid.AdvanceTax	integer	True	type=integer, minimum=0, maximum=99999999999999, REQUIRED	
ITR.ITR2.PartB_TTI.TaxPaid.TaxesPaid.TDS	integer	True	type=integer, minimum=0, maximum=99999999999999, REQUIRED	
ITR.ITR2.PartB_TTI.TaxPaid.TaxesPaid.TCS	integer	True	type=integer, minimum=0, maximum=99999999999999, REQUIRED	
ITR.ITR2.PartB_TTI.TaxPaid.TaxesPaid.SelfAssessmentTax	integer	True	type=integer, minimum=0, maximum=99999999999999, REQUIRED	
ITR.ITR2.PartB_TTI.TaxPaid.TaxesPaid.TotalTaxesPaid	integer	True	type=integer, minimum=0, maximum=99999999999999, REQUIRED	
ITR.ITR2.PartB_TTI.TaxPaid.BalTaxPayable	integer	False	type=integer, minimum=0, maximum=99999999999999	
ITR.ITR2.PartB_TTI.Refund.RefundDue	integer	True	type=integer, minimum=0, maximum=99999999999999, REQUIRED	Total Taxes Paid is greater than Aggregate Liability
ITR.ITR2.PartB_TTI.Refund.BankAccountDtls.BankDtlsFlag	string	True	type=string, pattern=|(\s*([\w\d_=!@#$%\^*\(\){}\[\]\|\\:;',\.\?/~`\-\+<>&][\s\w\d_=!@#$%\^*\(\){}\[\]\|\\:;',\.\?/~`\-\+<>&]*)\s*), enum=['Y', 'N'], REQUIRED	
ITR.ITR2.PartB_TTI.Refund.BankAccountDtls.AddtnlBankDetails[].IFSCCode	string	True	type=string, pattern=[A-Z]{4}[0][A-Z0-9]{6}, REQUIRED	
ITR.ITR2.PartB_TTI.Refund.BankAccountDtls.AddtnlBankDetails[].BankName	string	True	type=string, minLength=1, maxLength=125, pattern=|(\s*([\w\d_=!@#$%\^*\(\){}\[\]\|\\:;',\.\?/~`\-\+<>&][\s\w\d_=!@#$%\^*\(\){}\[\]\|\\:;',\.\?/~`\-\+<>&]*)\s*), REQUIRED	
ITR.ITR2.PartB_TTI.Refund.BankAccountDtls.AddtnlBankDetails[].BankAccountNo	string	True	type=string, minLength=1, maxLength=20, pattern=[a-zA-Z0-9]([/-]?(((\d*[1-9]\d*)*[a-zA-Z/-])|(\d*[1-9]\d*[a-zA-Z]*))+)*[0-9]*, REQUIRED	
ITR.ITR2.PartB_TTI.Refund.BankAccountDtls.AddtnlBankDetails[].AccountType	string	True	type=string, enum=['SB', 'CA', 'CC', 'OD', 'NRO', 'CGAS', 'OTH'], REQUIRED	SB: Savings Account, CA: Current Account,CC: Cash Credit Account, OD: Over draft account, NRO: Non Resident Account, CGAS - Capital Gain Account Scheme,OTH: Other
ITR.ITR2.PartB_TTI.Refund.BankAccountDtls.AddtnlBankDetails[].UseForRefund	string	True	type=string, pattern=|(\s*([\w\d_=!@#$%\^*\(\){}\[\]\|\\:;',\.\?/~`\-\+<>&][\s\w\d_=!@#$%\^*\(\){}\[\]\|\\:;',\.\?/~`\-\+<>&]*)\s*), enum=['true', 'false'], REQUIRED	
ITR.ITR2.PartB_TTI.Refund.BankAccountDtls.ForeignBankDetails[].SWIFTCode	string	True	type=string, minLength=1, maxLength=30, pattern=|(\s*([\w\d_=!@#$%\^*\(\){}\[\]\|\\:;',\.\?/~`\-\+<>&][\s\w\d_=!@#$%\^*\(\){}\[\]\|\\:;',\.\?/~`\-\+<>&]*)\s*), REQUIRED	
ITR.ITR2.PartB_TTI.Refund.BankAccountDtls.ForeignBankDetails[].BankName	string	True	type=string, minLength=1, maxLength=125, pattern=|(\s*([\w\d_=!@#$%\^*\(\){}\[\]\|\\:;',\.\?/~`\-\+<>&][\s\w\d_=!@#$%\^*\(\){}\[\]\|\\:;',\.\?/~`\-\+<>&]*)\s*), REQUIRED	
ITR.ITR2.PartB_TTI.Refund.BankAccountDtls.ForeignBankDetails[].IBAN	string	True	type=string, minLength=1, maxLength=40, pattern=|(\s*([\w\d_=!@#$%\^*\(\){}\[\]\|\\:;',\.\?/~`\-\+<>&][\s\w\d_=!@#$%\^*\(\){}\[\]\|\\:;',\.\?/~`\-\+<>&]*)\s*), REQUIRED	
ITR.ITR2.PartB_TTI.Refund.BankAccountDtls.ForeignBankDetails[].CountryCode	string	True	type=string, pattern=|(\s*([\w\d_=!@#$%\^*\(\){}\[\]\|\\:;',\.\?/~`\-\+<>&][\s\w\d_=!@#$%\^*\(\){}\[\]\|\\:;',\.\?/~`\-\+<>&]*)\s*), enum=['93', '1001', '355', '213', '684', '376', '244', '1264', '1010', '1268', '54', '374', '297', '61', '43', '994', '1242', '973', '880', '1246', '375', '32', '501…], REQUIRED	93:AFGHANISTAN; 1001:ÅLAND ISLANDS; 355:ALBANIA; 213:ALGERIA; 684:AMERICAN SAMOA; 376:ANDORRA; 244:ANGOLA; 1264:ANGUILLA; 1010:ANTARCTICA; 1268:ANTIGUA AND BARBUDA; 54:ARGENTINA; 374:ARMENIA; 297:ARUBA; 61:AUSTRALIA; 43:AUSTRIA; 994:AZERBAIJAN; 1242:BAHAMAS; 973:BAHRAIN; 880:BANGLADESH; 1246:BARBADOS; 375:BELARUS; 32:BELGIUM; 501:BELIZE; 229:BENIN; 1441:BERMUDA; 975:BHUTAN; 591:BOLIVIA (PLURINATIONAL STATE OF); 1002:BONAIRE, SINT EUSTATIUS AND SABA; 387:BOSNIA AND HERZEGOVINA; 267:BOTSWANA; 1003:BOUVET ISLAND; 55:BRAZIL; 1014:BRITISH INDIAN OCEAN TERRITORY; 673:BRUNEI DARUSSALAM; 359:BULGARIA; 226: BURKINA FASO; 257:BURUNDI; 238:CABO VERDE; 855:CAMBODIA; 237:CAMEROON; 1:CANADA; 1345:CAYMAN ISLANDS; 236:CENTRAL AFRICAN REPUBLIC; 235:CHAD; 56:CHILE; 86:CHINA; 9:CHRISTMAS ISLAND; 672:COCOS (KEELING) ISLANDS; 57:COLOMBIA; 270:COMOROS; 242:CONGO; 243:CONGO (DEMOCRATIC REPUBLIC OF THE); 682:COOK ISLANDS; 506:COSTA RICA; 225:CÔTE D'IVOIRE; 385:CROATIA; 53:CUBA; 1015:CURAÇAO; 357:CYPRUS; 420:CZECHIA; 45:DENMARK; 253:DJIBOUTI; 1767:DOMINICA; 1809:DOMINICAN REPUBLIC; 593:ECUADOR; 20:EGYPT; 503:EL SALVADOR; 240:EQUATORIAL GUINEA; 291:ERITREA; 372:ESTONIA; 251:ETHIOPIA; 500:FALKLAND ISLANDS (MALVINAS); 298:FAROE ISLANDS; 679:FIJI; 358:FINLAND; 33:FRANCE; 594:FRENCH GUIANA; 689:FRENCH POLYNESIA; 1004:FRENCH SOUTHERN TERRITORIES; 241:GABON; 220:GAMBIA; 995:GEORGIA; 49:GERMANY; 233:GHANA; 350:GIBRALTAR; 30:GREECE; 299:GREENLAND; 1473:GRENADA; 590:GUADELOUPE; 1671:GUAM; 502:GUATEMALA; 1481:GUERNSEY; 224:GUINEA; 245:GUINEA-BISSAU; 592:GUYANA; 509:HAITI; 1005:HEARD ISLAND AND MCDONALD ISLANDS; 6:HOLY SEE; 504:HONDURAS; 852:HONG KONG; 36:HUNGARY; 354:ICELAND; 91:INDIA; 62:INDONESIA; 98:IRAN (ISLAMIC REPUBLIC OF); 964:IRAQ; 353:IRELAND; 1624:ISLE OF MAN; 972:ISRAEL; 5:ITALY; 1876:JAMAICA; 81:JAPAN; 1534:JERSEY; 962:JORDAN; 7:KAZAKHSTAN; 254:KENYA; 686:KIRIBATI; 850:KOREA(DEMOCRATIC PEOPLE'S REPUBLIC OF); 82:KOREA (REPUBLIC OF); 965:KUWAIT; 996:KYRGYZSTAN; 856:LAO PEOPLE'S DEMOCRATIC REPUBLIC; 371:LATVIA; 961:LEBANON; 266:LESOTHO; 231:LIBERIA; 218:LIBYA; 423:LIECHTENSTEIN; 370:LITHUANIA; 352:LUXEMBOURG; 853:MACAO; 389:MACEDONIA(THE FORMER YUGOSLAV REPUBLIC OF); 261:MADAGASCAR; 265:MALAWI; 60:MALAYSIA; 960:MALDIVES; 223:MALI; 356:MALTA; 692:MARSHALL ISLANDS; 596:MARTINIQUE; 222:MAURITANIA; 230:MAURITIUS; 269:MAYOTTE; 52:MEXICO; 691:MICRONESIA (FEDERATED STATES OF); 373:MOLDOVA (REPUBLIC OF); 377:MONACO; 976:MONGOLIA; 382:MONTENEGRO; 1664:MONTSERRAT; 212:MOROCCO; 258:MOZAMBIQUE; 95:MYANMAR; 264:NAMIBIA; 674:NAURU; 977:NEPAL; 31:NETHERLANDS; 687:NEW CALEDONIA; 64:NEW ZEALAND; 505:NICARAGUA; 227:NIGER; 234:NIGERIA; 683:NIUE; 15:NORFOLK ISLAND; 1670:NORTHERN MARIANA ISLANDS; 47:NORWAY; 968:OMAN; 92:PAKISTAN; 680:PALAU; 970:PALESTINE, STATE OF; 507:PANAMA; 675:PAPUA NEW GUINEA; 595:PARAGUAY; 51:PERU; 63:PHILIPPINES; 1011:PITCAIRN; 48:POLAND; 14:PORTUGAL; 1787:PUERTO RICO; 974:QATAR; 262:RÉUNION; 40:ROMANIA; 8:RUSSIAN FEDERATION; 250:RWANDA; 1006:SAINT BARTHÉLEMY; 290: SAINT HELENA, ASCENSION AND TRISTAN DA CUNHA; 1869:SAINT KITTS AND NEVIS; 1758:SAINT LUCIA; 1007:SAINT MARTIN (FRENCH PART); 508:SAINT PIERRE AND MIQUELON; 1784:SAINT VINCENT AND THE GRENADINES; 685:SAMOA; 378:SAN MARINO; 239:SAO TOME AND PRINCIPE; 966:SAUDI ARABIA; 221:SENEGAL; 381:SERBIA; 248:SEYCHELLES; 232:SIERRA LEONE; 65:SINGAPORE; 1721:SINT MAARTEN (DUTCH PART); 421:SLOVAKIA; 386:SLOVENIA; 677:SOLOMON ISLANDS; 252:SOMALIA; 28:SOUTH AFRICA; 1008:SOUTH GEORGIA AND THE SOUTH SANDWICH ISLANDS; 211:SOUTH SUDAN; 35:SPAIN; 94:SRI LANKA; 249:SUDAN; 597:SURINAME; 1012:SVALBARD AND JAN MAYEN; 268:SWAZILAND; 46:SWEDEN; 41:SWITZERLAND; 963:SYRIAN ARAB REPUBLIC; 886:TAIWAN; 992:TAJIKISTAN; 255:TANZANIA, UNITED REPUBLIC OF; 66:THAILAND; 670:TIMOR-LESTE (EAST TIMOR); 228:TOGO; 690:TOKELAU; 676:TONGA; 1868:TRINIDAD AND TOBAGO; 216:TUNISIA; 90:TURKEY; 993:TURKMENISTAN; 1649:TURKS AND CAICOS ISLANDS; 688:TUVALU; 256:UGANDA; 380:UKRAINE; 971:UNITED ARAB EMIRATES; 44:UNITED KINGDOM OF GREAT BRITAIN AND NORTHERN IRELAND; 2:UNITED STATES OF AMERICA; 1009:UNITED STATES MINOR OUTLYING ISLANDS; 598:URUGUAY; 998:UZBEKISTAN; 678:VANUATU; 58:VENEZUELA (BOLIVARIAN REPUBLIC OF); 84:VIET NAM; 1284:VIRGIN ISLANDS (BRITISH); 1340:VIRGIN ISLANDS (U.S.); 681:WALLIS AND FUTUNA; 1013:WESTERN SAHARA; 967:YEMEN; 260:ZAMBIA; 263:ZIMBABWE; 9999:OTHERS
ITR.ITR2.PartB_TTI.AssetOutIndiaFlag	string	True	type=string, pattern=|(\s*([\w\d_=!@#$%\^*\(\){}\[\]\|\\:;',\.\?/~`\-\+<>&][\s\w\d_=!@#$%\^*\(\){}\[\]\|\\:;',\.\?/~`\-\+<>&]*)\s*), enum=['YES', 'NO'], REQUIRED	This field is applicable only in case of resident assessee. It is to know if the assessee has any interest in any asset/signing authority in any account located outside India.
ITR.ITR2.ScheduleIT.TaxPayment[].BSRCode	string	True	type=string, pattern=[0-9]{3}[0-9A-Z]{4}, REQUIRED	
ITR.ITR2.ScheduleIT.TaxPayment[].DateDep	string	True	type=string, pattern=([12]\d{3}-(0[1-9]|1[0-2])-(0[1-9]|[12]\d|3[01])), REQUIRED	Date in YYYY-MM-DD format on or after 2023-04-01
ITR.ITR2.ScheduleIT.TaxPayment[].SrlNoOfChaln	integer	True	type=integer, minimum=0, maximum=99999, REQUIRED	
ITR.ITR2.ScheduleIT.TaxPayment[].Amt	integer	True	type=integer, minimum=0, maximum=99999999999999, REQUIRED	
ITR.ITR2.ScheduleIT.TotalTaxPayments	integer	True	type=integer, minimum=0, maximum=99999999999999, REQUIRED	
ITR.ITR2.ScheduleTDS1.TDSonSalary[].EmployerOrDeductorOrCollectDetl.TAN	string	True	type=string, pattern=HYD[A-Z][0-9]{5}[A-Z]|VPN[A-Z][0-9]{5}[A-Z]|BBN[A-Z][0-9]{5}[A-Z]|BPL[A-Z][0-9]{5}[A-Z]|JBP[A-Z][0-9]{5}[A-Z]|CHE[A-Z][0-9]{5}[A-Z]|CMB[A-Z][0-9]{5}[A-Z]|MRI[A-Z][0-9]{5}[A-Z]|DEL[A-Z][0-9]{5}[A-Z]|CAL[A-Z][0-9]{5}[A-Z]|MRT[A-Z][0-9]{5}[A-Z]|AHM[A-Z][0-9]{5}[A-Z]|BRD[A-Z][0-9]{5}[A-Z]|RKT[A-Z][0-9]{5}[A-Z]|SRT[A-Z][0-9]{5}[A-Z]|BLR[A-Z][0-9]{5}[A-Z]|AGR[A-Z][0-9]{5}[A-Z]|KNP[A-Z][0-9]{5}[A-Z]|CHN[A-Z][0-9]{5}[A-Z]|TVD[A-Z][0-9]{5}[A-Z]|ALD[A-Z][0-9]{5}[A-Z]|LKN[A-Z][0-9]{5}[A-Z]|MUM[A-Z][0-9]{5}[A-Z]|NGP[A-Z][0-9]{5}[A-Z]|AMR[A-Z][0-9]{5}[A-Z]|JLD[A-Z][0-9]{5}[A-Z]|PTL[A-Z][0-9]{5}[A-Z]|RTK[A-Z][0-9]{5}[A-Z]|KLP[A-Z][0-9]{5}[A-Z]|NSK[A-Z][0-9]{5}[A-Z]|PNE[A-Z][0-9]{5}[A-Z]|PTN[A-Z][0-9]{5}[A-Z]|RCH[A-Z][0-9]{5}[A-Z]|JDH[A-Z][0-9]{5}[A-Z]|JPR[A-Z][0-9]{5}[A-Z]|SHL[A-Z][0-9]{5}[A-Z], REQUIRED	
ITR.ITR2.ScheduleTDS1.TDSonSalary[].EmployerOrDeductorOrCollectDetl.EmployerOrDeductorOrCollecterName	string	True	type=string, minLength=1, maxLength=125, pattern=|(\s*([\w\d_=!@#$%\^*\(\){}\[\]\|\\:;',\.\?/~`\-\+<>&][\s\w\d_=!@#$%\^*\(\){}\[\]\|\\:;',\.\?/~`\-\+<>&]*)\s*), REQUIRED	
ITR.ITR2.ScheduleTDS1.TDSonSalary[].IncChrgSal	integer	True	type=integer, minimum=0, maximum=99999999999999, REQUIRED	
ITR.ITR2.ScheduleTDS1.TDSonSalary[].TotalTDSSal	integer	True	type=integer, minimum=0, maximum=99999999999999, REQUIRED	
ITR.ITR2.ScheduleTDS1.TotalTDSonSalaries	integer	True	type=integer, minimum=0, maximum=99999999999999, REQUIRED	
ITR.ITR2.ScheduleTDS2.TDSOthThanSalaryDtls[].TDSCreditName	string	True	type=string, enum=['S', 'O'], REQUIRED	S - Self; O - Other Person
ITR.ITR2.ScheduleTDS2.TDSOthThanSalaryDtls[].PANofOtherPerson	string	False	type=string, pattern=[A-Z]{5}[0-9]{4}[A-Z]	
ITR.ITR2.ScheduleTDS2.TDSOthThanSalaryDtls[].AadhaarOfOtherPerson	string	False	type=string, pattern=[0-9]{12}	
ITR.ITR2.ScheduleTDS2.TDSOthThanSalaryDtls[].TANOfDeductor	string	True	type=string, pattern=HYD[A-Z][0-9]{5}[A-Z]|VPN[A-Z][0-9]{5}[A-Z]|BBN[A-Z][0-9]{5}[A-Z]|BPL[A-Z][0-9]{5}[A-Z]|JBP[A-Z][0-9]{5}[A-Z]|CHE[A-Z][0-9]{5}[A-Z]|CMB[A-Z][0-9]{5}[A-Z]|MRI[A-Z][0-9]{5}[A-Z]|DEL[A-Z][0-9]{5}[A-Z]|CAL[A-Z][0-9]{5}[A-Z]|MRT[A-Z][0-9]{5}[A-Z]|AHM[A-Z][0-9]{5}[A-Z]|BRD[A-Z][0-9]{5}[A-Z]|RKT[A-Z][0-9]{5}[A-Z]|SRT[A-Z][0-9]{5}[A-Z]|BLR[A-Z][0-9]{5}[A-Z]|AGR[A-Z][0-9]{5}[A-Z]|KNP[A-Z][0-9]{5}[A-Z]|CHN[A-Z][0-9]{5}[A-Z]|TVD[A-Z][0-9]{5}[A-Z]|ALD[A-Z][0-9]{5}[A-Z]|LKN[A-Z][0-9]{5}[A-Z]|MUM[A-Z][0-9]{5}[A-Z]|NGP[A-Z][0-9]{5}[A-Z]|AMR[A-Z][0-9]{5}[A-Z]|JLD[A-Z][0-9]{5}[A-Z]|PTL[A-Z][0-9]{5}[A-Z]|RTK[A-Z][0-9]{5}[A-Z]|KLP[A-Z][0-9]{5}[A-Z]|NSK[A-Z][0-9]{5}[A-Z]|PNE[A-Z][0-9]{5}[A-Z]|PTN[A-Z][0-9]{5}[A-Z]|RCH[A-Z][0-9]{5}[A-Z]|JDH[A-Z][0-9]{5}[A-Z]|JPR[A-Z][0-9]{5}[A-Z]|SHL[A-Z][0-9]{5}[A-Z], REQUIRED	
ITR.ITR2.ScheduleTDS2.TDSOthThanSalaryDtls[].TDSSection	string	True	type=string, pattern=|(\s*([\w\d_=!@#$%\^*\(\){}\[\]\|\\:;',\.\?/~`\-\+<>&][\s\w\d_=!@#$%\^*\(\){}\[\]\|\\:;',\.\?/~`\-\+<>&]*)\s*), enum=['92A', '92B', '92C', '192A', '193', '194', '94A', '94B', '94BA', '4BB', '94C', '94D', '4DA', '94E', '4EE', '4F', '4G', '4H', '4-IA', '4-IB', '4IA', '4IB', '4IC…], REQUIRED	92A:192- Salary-Payment to Government employees other than Indian Government employees; 92B:192- Salary-Payment to employees other than Government employees; 92C:192- Salary-Payment to Indian Government employees; 192A:192A/2AA- TDS on PF withdrawal; 193:193- Interest on Securities; 194:194- Dividends; 94A:194A- Interest other than 'Interest on securities'; 94B:194B- Winning from lottery or crossword puzzle; 94BA:194BA- Winnings from online games; 4BB:194BB- Winning from horse race; 94C:194C- Payments to contractors and sub-contractors; 94D:194D- Insurance commission; 4DA:194DA- Payment in respect of life insurance policy; 94E:194E- Payments to non-resident sportsmen or sports associations; 4EE:194EE- Payments in respect of deposits under National Savings; 4F:194F/94F- Payments on account of repurchase of units by Mutual Fund or Unit Trust of India; 4G:194G/94G- Commission, price, etc. on sale of lottery tickets; 4H:194H/94H- Commission or brokerage; 4-IA:194I(a)/4IA- Rent on hiring of plant and machinery; 4-IB:194I(b)/4IB - Rent on other than plant and machinery; 4IA:194IA/9IA- TDS on Sale of immovable property; 4IB:194IB/9IB- Payment of rent by certain individuals or Hindu undivided; 4IC:194IC- Payment under specified agreement; 94J-A:194J(a)/4JA - Fees for technical services; 94J-B:194J(b)/4JB- Fees for professional services or royalty etc; 94K:194K- Income payable to a resident assessee in respect of units of a specified mutual fund or of the units of the Unit Trust of India; 4LA:194LA- Payment of compensation on acquisition of certain immovable; 4LB:194LB- Income by way of Interest from Infrastructure Debt fund; 4LC1:194LC/LC1- 194LC (2)(i) and (ia) Income under clause (i) and (ia) of sub-section (2) of section 194LC; 4LC2:194LC/LC2- 194LC (2)(ib) Income under clause (ib) of sub-section (2) of section 194LC; 4LC3:194LC/LC3- 194LC (2)(ic) Income under clause (ic) of sub-section (2) of section 194LC; 4BA1:194LBA(a)/BA1- Certain income in the form of interest from units of a business trust to a resident unit holder; 4BA2: 194LBA(b)/BA2- Certain income in the form of dividend from units of a business trust to a resident unit holder; LBA1:194LBA(a)/BA1- 194LBA(a) income referred to in section 10(23FC)(a) from units of a business trust-NR; LBA2:194LBA(b)/BA2-194LBA(b) Income referred to in section 10(23FC)(b) from units of a business trust-NR; LBA3:194LBA(c)/BA3- 194LBA(c) Income referred to in section 10(23FCA) from units of a business trust-NR; LBB: 194LBB- Income in respect of units of investment fund; 94R:194R- Benefits or perquisites of business or profession; 94S:194S- Payment of consideration for transfer of virtual digital asset by persons other than specified persons; 94B-P:Proviso to section 194B/4BP- Winnings from lotteries and crossword puzzles where consideration is made in kind or cash is not sufficient to meet the tax liability and tax has been paid before such winnings are released; 94R-P: First Proviso to sub-section(1) of section 194R/4RP- Benefits or perquisites of business or profession where such benefit is provided in kind or where part in cash is not sufficient to meet tax liability and tax required to be deducted is paid before such benefit is released; 94S-P:Proviso to sub- section(1) of section 194S/4SP- Payment for transfer of virtual digital asset where payment is in kind or in exchange of another virtual digital asset and tax required to be deducted is paid before such payment is released; LBC:194LBC- Income in respect of investment in securitization trust; 4LD:194LD- TDS on interest on bonds / government securities; 94M:194M- Payment of certain sums by certain individuals or HUF; 94N:194N- Payment of certain amounts in cash other than cases covered by first proviso or third proviso; 94N-F: 194N/4NF -First Proviso Payment of certain amounts in cash to non-filers except in case of co-operativesocieties; 94N-C:194N/4NC- Third Proviso Payment of certain amounts in cash to co-operative societies not covered by first proviso; 94N-FT: 194N/NFT- First Proviso read with Third Proviso Payment of certain amount in cash to non-filers being co-operative societies; 94O:194O- Payment of certain sums by e-commerce operator to e-commerce participant.; 94P: 194P- Deduction of tax in case of specified senior citizen; 94Q:194Q- Deduction of tax at source on payment of certain sum for purchase of goods; 195:195- Other sums payable to a non-resident; 96A:196A- Income in respect of units of non-residents; 96B:196B- Payments in respect of units to an offshore fund; 96C:196C- Income from foreign currency bonds or shares of Indian; 96D:196D- Income of foreign institutional investors from securities; 96DA:196D(1A)/6DA- Income of specified fund from securities; 94BA-P: 194BA(2)/BAP-Sub-section (2) of section 194BA Net Winnings from online games where the net winnings are made in kind or cash is not sufficient to meet the tax liability and tax has been paid before such net winnings are released;
ITR.ITR2.ScheduleTDS2.TDSOthThanSalaryDtls[].DeductedYr	integer	False	type=integer, minimum=2008, maximum=2023, enum=[2023, 2022, 2021, 2020, 2019, 2018, 2017, 2016, 2015, 2014, 2013, 2012, 2011, 2010, 2009, 2008]	
ITR.ITR2.ScheduleTDS2.TDSOthThanSalaryDtls[].BroughtFwdTDSAmt	integer	False	type=integer, minimum=0, maximum=99999999999999	
ITR.ITR2.ScheduleTDS2.TDSOthThanSalaryDtls[].TaxDeductCreditDtls.TaxDeductedOwnHands	integer	False	type=integer, minimum=0, maximum=99999999999999	
ITR.ITR2.ScheduleTDS2.TDSOthThanSalaryDtls[].TaxDeductCreditDtls.TaxDeductedIncome	integer	False	type=integer, minimum=0, maximum=99999999999999	
ITR.ITR2.ScheduleTDS2.TDSOthThanSalaryDtls[].TaxDeductCreditDtls.TaxDeductedTDS	integer	False	type=integer, minimum=0, maximum=99999999999999	
ITR.ITR2.ScheduleTDS2.TDSOthThanSalaryDtls[].TaxDeductCreditDtls.TaxClaimedOwnHands	integer	True	type=integer, minimum=0, maximum=99999999999999, REQUIRED	
ITR.ITR2.ScheduleTDS2.TDSOthThanSalaryDtls[].TaxDeductCreditDtls.TaxClaimedIncome	integer	False	type=integer, minimum=0, maximum=99999999999999	
ITR.ITR2.ScheduleTDS2.TDSOthThanSalaryDtls[].TaxDeductCreditDtls.TaxClaimedTDS	integer	False	type=integer, minimum=0, maximum=99999999999999	
ITR.ITR2.ScheduleTDS2.TDSOthThanSalaryDtls[].TaxDeductCreditDtls.TaxClaimedSpouseOthPrsnPAN	string	False	type=string, pattern=[A-Z]{5}[0-9]{4}[A-Z]	
ITR.ITR2.ScheduleTDS2.TDSOthThanSalaryDtls[].TaxDeductCreditDtls.SpouseOthPrsnAadhaar	string	False	type=string, pattern=[0-9]{12}	
ITR.ITR2.ScheduleTDS2.TDSOthThanSalaryDtls[].GrossAmount	integer	False	type=integer, minimum=0, maximum=99999999999999	
ITR.ITR2.ScheduleTDS2.TDSOthThanSalaryDtls[].HeadOfIncome	string	False	type=string, enum=['HP', 'CG', 'OS', 'EI', 'NA']	HP - Income from House Property; CG - Income from Capital Gains; OS - Income from Other Sources; EI - Exempt Income; NA - Not Applicable
ITR.ITR2.ScheduleTDS2.TDSOthThanSalaryDtls[].AmtCarriedFwd	integer	True	type=integer, minimum=0, maximum=99999999999999, REQUIRED	
ITR.ITR2.ScheduleTDS2.TotalTDSonOthThanSals	integer	True	type=integer, minimum=0, maximum=99999999999999, REQUIRED	
ITR.ITR2.ScheduleTDS3.TDS3onOthThanSalDtls[].TDSCreditName	string	True	type=string, enum=['S', 'O'], REQUIRED	S - Self; O - Other Person
ITR.ITR2.ScheduleTDS3.TDS3onOthThanSalDtls[].PANofOtherPerson	string	False	type=string, pattern=[A-Z]{5}[0-9]{4}[A-Z]	
ITR.ITR2.ScheduleTDS3.TDS3onOthThanSalDtls[].AadhaarOfOtherPerson	string	False	type=string, pattern=[0-9]{12}	
ITR.ITR2.ScheduleTDS3.TDS3onOthThanSalDtls[].PANOfBuyerTenant	string	True	type=string, pattern=[A-Z]{5}[0-9]{4}[A-Z], REQUIRED	
ITR.ITR2.ScheduleTDS3.TDS3onOthThanSalDtls[].AadhaarOfBuyerTenant	string	False	type=string, pattern=[0-9]{12}	
ITR.ITR2.ScheduleTDS3.TDS3onOthThanSalDtls[].TDSSection	string	True	type=string, pattern=|(\s*([\w\d_=!@#$%\^*\(\){}\[\]\|\\:;',\.\?/~`\-\+<>&][\s\w\d_=!@#$%\^*\(\){}\[\]\|\\:;',\.\?/~`\-\+<>&]*)\s*), enum=['92A', '92B', '92C', '192A', '193', '194', '94A', '94B', '94BA', '4BB', '94C', '94D', '4DA', '94E', '4EE', '4F', '4G', '4H', '4-IA', '4-IB', '4IA', '4IB', '4IC…], REQUIRED	92A:192- Salary-Payment to Government employees other than Indian Government employees; 92B:192- Salary-Payment to employees other than Government employees; 92C:192- Salary-Payment to Indian Government employees; 192A:192A/2AA- TDS on PF withdrawal; 193:193- Interest on Securities; 194:194- Dividends; 94A:194A- Interest other than 'Interest on securities'; 94B:194B- Winning from lottery or crossword puzzle; 94BA:194BA- Winnings from online games; 4BB:194BB- Winning from horse race; 94C:194C- Payments to contractors and sub-contractors; 94D:194D- Insurance commission; 4DA:194DA- Payment in respect of life insurance policy; 94E:194E- Payments to non-resident sportsmen or sports associations; 4EE:194EE- Payments in respect of deposits under National Savings; 4F:194F/94F- Payments on account of repurchase of units by Mutual Fund or Unit Trust of India; 4G:194G/94G- Commission, price, etc. on sale of lottery tickets; 4H:194H/94H- Commission or brokerage; 4-IA:194I(a)/4IA- Rent on hiring of plant and machinery; 4-IB:194I(b)/4IB - Rent on other than plant and machinery; 4IA:194IA/9IA- TDS on Sale of immovable property; 4IB:194IB/9IB- Payment of rent by certain individuals or Hindu undivided; 4IC:194IC- Payment under specified agreement; 94J-A:194J(a)/4JA - Fees for technical services; 94J-B:194J(b)/4JB- Fees for professional services or royalty etc; 94K:194K- Income payable to a resident assessee in respect of units of a specified mutual fund or of the units of the Unit Trust of India; 4LA:194LA- Payment of compensation on acquisition of certain immovable; 4LB:194LB- Income by way of Interest from Infrastructure Debt fund; 4LC1:194LC/LC1- 194LC (2)(i) and (ia) Income under clause (i) and (ia) of sub-section (2) of section 194LC; 4LC2:194LC/LC2- 194LC (2)(ib) Income under clause (ib) of sub-section (2) of section 194LC; 4LC3:194LC/LC3- 194LC (2)(ic) Income under clause (ic) of sub-section (2) of section 194LC; 4BA1:194LBA(a)/BA1- Certain income in the form of interest from units of a business trust to a resident unit holder; 4BA2: 194LBA(b)/BA2- Certain income in the form of dividend from units of a business trust to a resident unit holder; LBA1:194LBA(a)/BA1- 194LBA(a) income referred to in section 10(23FC)(a) from units of a business trust-NR; LBA2:194LBA(b)/BA2-194LBA(b) Income referred to in section 10(23FC)(b) from units of a business trust-NR; LBA3:194LBA(c)/BA3- 194LBA(c) Income referred to in section 10(23FCA) from units of a business trust-NR; LBB: 194LBB- Income in respect of units of investment fund; 94R:194R- Benefits or perquisites of business or profession; 94S:194S- Payment of consideration for transfer of virtual digital asset by persons other than specified persons; 94B-P:Proviso to section 194B/4BP- Winnings from lotteries and crossword puzzles where consideration is made in kind or cash is not sufficient to meet the tax liability and tax has been paid before such winnings are released; 94R-P: First Proviso to sub-section(1) of section 194R/4RP- Benefits or perquisites of business or profession where such benefit is provided in kind or where part in cash is not sufficient to meet tax liability and tax required to be deducted is paid before such benefit is released; 94S-P:Proviso to sub- section(1) of section 194S/4SP- Payment for transfer of virtual digital asset where payment is in kind or in exchange of another virtual digital asset and tax required to be deducted is paid before such payment is released; LBC:194LBC- Income in respect of investment in securitization trust; 4LD:194LD- TDS on interest on bonds / government securities; 94M:194M- Payment of certain sums by certain individuals or HUF; 94N:194N- Payment of certain amounts in cash other than cases covered by first proviso or third proviso; 94N-F: 194N/4NF -First Proviso Payment of certain amounts in cash to non-filers except in case of co-operativesocieties; 94N-C:194N/4NC- Third Proviso Payment of certain amounts in cash to co-operative societies not covered by first proviso; 94N-FT: 194N/NFT- First Proviso read with Third Proviso Payment of certain amount in cash to non-filers being co-operative societies; 94O:194O- Payment of certain sums by e-commerce operator to e-commerce participant.; 94P: 194P- Deduction of tax in case of specified senior citizen; 94Q:194Q- Deduction of tax at source on payment of certain sum for purchase of goods; 195:195- Other sums payable to a non-resident; 96A:196A- Income in respect of units of non-residents; 96B:196B- Payments in respect of units to an offshore fund; 96C:196C- Income from foreign currency bonds or shares of Indian; 96D:196D- Income of foreign institutional investors from securities; 96DA:196D(1A)/6DA- Income of specified fund from securities; 94BA-P: 194BA(2)/BAP-Sub-section (2) of section 194BA Net Winnings from online games where the net winnings are made in kind or cash is not sufficient to meet the tax liability and tax has been paid before such net winnings are released;
ITR.ITR2.ScheduleTDS3.TDS3onOthThanSalDtls[].DeductedYr	integer	False	type=integer, minimum=2008, maximum=2023, enum=[2023, 2022, 2021, 2020, 2019, 2018, 2017, 2016, 2015, 2014, 2013, 2012, 2011, 2010, 2009, 2008]	
ITR.ITR2.ScheduleTDS3.TDS3onOthThanSalDtls[].BroughtFwdTDSAmt	integer	False	type=integer, minimum=0, maximum=99999999999999	
ITR.ITR2.ScheduleTDS3.TDS3onOthThanSalDtls[].TaxDeductCreditDtls.TaxDeductedOwnHands	integer	False	type=integer, minimum=0, maximum=99999999999999	
ITR.ITR2.ScheduleTDS3.TDS3onOthThanSalDtls[].TaxDeductCreditDtls.TaxDeductedIncome	integer	False	type=integer, minimum=0, maximum=99999999999999	
ITR.ITR2.ScheduleTDS3.TDS3onOthThanSalDtls[].TaxDeductCreditDtls.TaxDeductedTDS	integer	False	type=integer, minimum=0, maximum=99999999999999	
ITR.ITR2.ScheduleTDS3.TDS3onOthThanSalDtls[].TaxDeductCreditDtls.TaxClaimedOwnHands	integer	True	type=integer, minimum=0, maximum=99999999999999, REQUIRED	
ITR.ITR2.ScheduleTDS3.TDS3onOthThanSalDtls[].TaxDeductCreditDtls.TaxClaimedIncome	integer	False	type=integer, minimum=0, maximum=99999999999999	
ITR.ITR2.ScheduleTDS3.TDS3onOthThanSalDtls[].TaxDeductCreditDtls.TaxClaimedTDS	integer	False	type=integer, minimum=0, maximum=99999999999999	
ITR.ITR2.ScheduleTDS3.TDS3onOthThanSalDtls[].TaxDeductCreditDtls.TaxClaimedSpouseOthPrsnPAN	string	False	type=string, pattern=[A-Z]{5}[0-9]{4}[A-Z]	
ITR.ITR2.ScheduleTDS3.TDS3onOthThanSalDtls[].TaxDeductCreditDtls.SpouseOthPrsnAadhaar	string	False	type=string, pattern=[0-9]{12}	
ITR.ITR2.ScheduleTDS3.TDS3onOthThanSalDtls[].GrossAmount	integer	False	type=integer, minimum=0, maximum=99999999999999	
ITR.ITR2.ScheduleTDS3.TDS3onOthThanSalDtls[].HeadOfIncome	string	False	type=string, enum=['HP', 'CG', 'OS', 'EI']	HP - Income from House Property; CG - Income from Capital Gains; OS - Income from Other Sources; EI - Exempt Income
ITR.ITR2.ScheduleTDS3.TDS3onOthThanSalDtls[].AmtCarriedFwd	integer	True	type=integer, minimum=0, maximum=99999999999999, REQUIRED	
ITR.ITR2.ScheduleTDS3.TotalTDS3OnOthThanSal	integer	True	type=integer, minimum=0, maximum=99999999999999, REQUIRED	
ITR.ITR2.ScheduleTCS.TCS[].TCSCreditOwner	string	True	type=string, pattern=|(\s*([\w\d_=!@#$%\^*\(\){}\[\]\|\\:;',\.\?/~`\-\+<>&][\s\w\d_=!@#$%\^*\(\){}\[\]\|\\:;',\.\?/~`\-\+<>&]*)\s*), enum=['1', '2'], REQUIRED	1 - Self ; 2 - Spouse or Other Person
ITR.ITR2.ScheduleTCS.TCS[].PANOfSpouseOrOthrPrsn	string	False	type=string, pattern=[A-Z]{5}[0-9]{4}[A-Z]	
ITR.ITR2.ScheduleTCS.TCS[].EmployerOrDeductorOrCollectTAN	string	True	type=string, minLength=10, maxLength=10, pattern=HYD[A-Z][0-9]{5}[A-Z]|VPN[A-Z][0-9]{5}[A-Z]|BBN[A-Z][0-9]{5}[A-Z]|BPL[A-Z][0-9]{5}[A-Z]|JBP[A-Z][0-9]{5}[A-Z]|CHE[A-Z][0-9]{5}[A-Z]|CMB[A-Z][0-9]{5}[A-Z]|MRI[A-Z][0-9]{5}[A-Z]|DEL[A-Z][0-9]{5}[A-Z]|CAL[A-Z][0-9]{5}[A-Z]|MRT[A-Z][0-9]{5}[A-Z]|AHM[A-Z][0-9]{5}[A-Z]|BRD[A-Z][0-9]{5}[A-Z]|RKT[A-Z][0-9]{5}[A-Z]|SRT[A-Z][0-9]{5}[A-Z]|BLR[A-Z][0-9]{5}[A-Z]|AGR[A-Z][0-9]{5}[A-Z]|KNP[A-Z][0-9]{5}[A-Z]|CHN[A-Z][0-9]{5}[A-Z]|TVD[A-Z][0-9]{5}[A-Z]|ALD[A-Z][0-9]{5}[A-Z]|LKN[A-Z][0-9]{5}[A-Z]|MUM[A-Z][0-9]{5}[A-Z]|NGP[A-Z][0-9]{5}[A-Z]|AMR[A-Z][0-9]{5}[A-Z]|JLD[A-Z][0-9]{5}[A-Z]|PTL[A-Z][0-9]{5}[A-Z]|RTK[A-Z][0-9]{5}[A-Z]|KLP[A-Z][0-9]{5}[A-Z]|NSK[A-Z][0-9]{5}[A-Z]|PNE[A-Z][0-9]{5}[A-Z]|PTN[A-Z][0-9]{5}[A-Z]|RCH[A-Z][0-9]{5}[A-Z]|JDH[A-Z][0-9]{5}[A-Z]|JPR[A-Z][0-9]{5}[A-Z]|SHL[A-Z][0-9]{5}[A-Z], REQUIRED	
ITR.ITR2.ScheduleTCS.TCS[].DeductedYr	integer	False	type=integer, minimum=2008, maximum=2023, enum=[2023, 2022, 2021, 2020, 2019, 2018, 2017, 2016, 2015, 2014, 2013, 2012, 2011, 2010, 2009, 2008]	
ITR.ITR2.ScheduleTCS.TCS[].BroughtFwdTDSAmt	integer	False	type=integer, minimum=0, maximum=99999999999999	
ITR.ITR2.ScheduleTCS.TCS[].TCSCurrFYDtls.TCSAmtCollOwnHand	integer	False	type=integer, minimum=0, maximum=99999999999999	
ITR.ITR2.ScheduleTCS.TCS[].TCSCurrFYDtls.TCSAmtCollSpouseOrOthrHand	integer	False	type=integer, minimum=0, maximum=99999999999999	
ITR.ITR2.ScheduleTCS.TCS[].TCSClaimedThisYearDtls.TCSAmtCollOwnHand	integer	False	type=integer, minimum=0, maximum=99999999999999	
ITR.ITR2.ScheduleTCS.TCS[].TCSClaimedThisYearDtls.TCSAmtCollSpouseOrOthrHand	integer	False	type=integer, minimum=0, maximum=99999999999999	
ITR.ITR2.ScheduleTCS.TCS[].TCSClaimedThisYearDtls.PANOfSpouseOrOthrPrsn	string	False	type=string, pattern=[A-Z]{5}[0-9]{4}[A-Z]	
ITR.ITR2.ScheduleTCS.TCS[].AmtCarriedFwd	integer	False	type=integer, minimum=0, maximum=99999999999999	
ITR.ITR2.ScheduleTCS.TotalSchTCS	integer	True	type=integer, minimum=0, maximum=99999999999999, REQUIRED	
ITR.ITR2.Verification.Declaration.AssesseeVerName	string	True	type=string, minLength=1, maxLength=125, pattern=|(\s*([\w\d_=!@#$%\^*\(\){}\[\]\|\\:;',\.\?/~`\-\+<>&][\s\w\d_=!@#$%\^*\(\){}\[\]\|\\:;',\.\?/~`\-\+<>&]*)\s*), REQUIRED	
ITR.ITR2.Verification.Declaration.FatherName	string	True	type=string, minLength=1, maxLength=125, pattern=|(\s*([\w\d_=!@#$%\^*\(\){}\[\]\|\\:;',\.\?/~`\-\+<>&][\s\w\d_=!@#$%\^*\(\){}\[\]\|\\:;',\.\?/~`\-\+<>&]*)\s*), REQUIRED	
ITR.ITR2.Verification.Declaration.AssesseeVerPAN	string	True	type=string, pattern=[A-Z]{3}[P][A-Z][0-9]{4}[A-Z], REQUIRED	
ITR.ITR2.Verification.Capacity	string	True	type=string, enum=['S', 'R', 'K', 'A'], REQUIRED	S : Self; R : Representative; K : Karta; A : Authorised Signatory
ITR.ITR2.Verification.Date	string	False	type=string, pattern=([12]\d{3}-(0[1-9]|1[0-2])-(0[1-9]|[12]\d|3[01]))	Date in YYYY-MM-DD format
ITR.ITR2.Verification.Place	string	False	type=string, minLength=1, maxLength=50, pattern=|(\s*([\w\d_=!@#$%\^*\(\){}\[\]\|\\:;',\.\?/~`\-\+<>&][\s\w\d_=!@#$%\^*\(\){}\[\]\|\\:;',\.\?/~`\-\+<>&]*)\s*)	
ITR.ITR2.TaxReturnPreparer.IdentificationNoOfTRP	string	True	type=string, pattern=[T][0-9]{9}|[0-9]{6}, REQUIRED	
ITR.ITR2.TaxReturnPreparer.NameOfTRP	string	True	type=string, minLength=1, maxLength=125, pattern=|(\s*([\w\d_=!@#$%\^*\(\){}\[\]\|\\:;',\.\?/~`\-\+<>&][\s\w\d_=!@#$%\^*\(\){}\[\]\|\\:;',\.\?/~`\-\+<>&]*)\s*), REQUIRED	
ITR.ITR2.TaxReturnPreparer.ReImbFrmGov	integer	True	type=integer, minimum=0, maximum=99999999999999, REQUIRED	
ITR.ITR2.ScheduleESOP.PanofStartUp	string	True	type=string, pattern=[A-Z]{5}[0-9]{4}[A-Z], REQUIRED	
ITR.ITR2.ScheduleESOP.DPIITRegNo	string	True	type=string, pattern=DIPP[0-9]{3,5}, REQUIRED	
ITR.ITR2.ScheduleESOP.ScheduleESOP2122_Type.AssessmentYear	string	True	type=string, pattern=2021-22, REQUIRED	
ITR.ITR2.ScheduleESOP.ScheduleESOP2122_Type.TaxDeferredBFEarlierAY	integer	False	type=integer, minimum=0, maximum=99999999999999	
ITR.ITR2.ScheduleESOP.ScheduleESOP2122_Type.ScheduleESOPEventDtls.SecurityType	string	False	type=string, enum=['FS', 'PS', 'NS']	FS - Fully Sold; PS - Partly Sold; NS - Not sold
ITR.ITR2.ScheduleESOP.ScheduleESOP2122_Type.ScheduleESOPEventDtls.ScheduleESOPEventDtlsType[].Date	string	False	type=string, pattern=([12]\d{3}-(0[1-9]|1[0-2])-(0[1-9]|[12]\d|3[01]))	Date in YYYY-MM-DD format
ITR.ITR2.ScheduleESOP.ScheduleESOP2122_Type.ScheduleESOPEventDtls.ScheduleESOPEventDtlsType[].TaxAttributedAmt	integer	False	type=integer, minimum=0, maximum=99999999999999	
ITR.ITR2.ScheduleESOP.ScheduleESOP2122_Type.ScheduleESOPEventDtls.CeasedEmployee	string	False	type=string, pattern=|(\s*([\w\d_=!@#$%\^*\(\){}\[\]\|\\:;',\.\?/~`\-\+<>&][\s\w\d_=!@#$%\^*\(\){}\[\]\|\\:;',\.\?/~`\-\+<>&]*)\s*), enum=['Y', 'N']	Y-YES; N-NO
ITR.ITR2.ScheduleESOP.ScheduleESOP2122_Type.ScheduleESOPEventDtls.DateOfCeasing	string	False	type=string, pattern=([12]\d{3}-(0[1-9]|1[0-2])-(0[1-9]|[12]\d|3[01]))	Date in YYYY-MM-DD format
ITR.ITR2.ScheduleESOP.ScheduleESOP2122_Type.TotalTaxAttributedAmt21	integer	False	type=integer, minimum=0, maximum=99999999999999	
ITR.ITR2.ScheduleESOP.ScheduleESOP2122_Type.TaxPayableCurrentAY	integer	False	type=integer, minimum=0, maximum=99999999999999	
ITR.ITR2.ScheduleESOP.ScheduleESOP2122_Type.BalanceTaxCF	integer	False	type=integer, minimum=0, maximum=99999999999999	
ITR.ITR2.ScheduleESOP.ScheduleESOP2223_Type.AssessmentYear	string	True	type=string, pattern=2022-23, REQUIRED	
ITR.ITR2.ScheduleESOP.ScheduleESOP2223_Type.TaxDeferredBFEarlierAY	integer	False	type=integer, minimum=0, maximum=99999999999999	
ITR.ITR2.ScheduleESOP.ScheduleESOP2223_Type.ScheduleESOPEventDtls.SecurityType	string	False	type=string, enum=['FS', 'PS', 'NS']	FS - Fully Sold; PS - Partly Sold; NS - Not sold
ITR.ITR2.ScheduleESOP.ScheduleESOP2223_Type.ScheduleESOPEventDtls.ScheduleESOPEventDtlsType[].Date	string	False	type=string, pattern=([12]\d{3}-(0[1-9]|1[0-2])-(0[1-9]|[12]\d|3[01]))	Date in YYYY-MM-DD format
ITR.ITR2.ScheduleESOP.ScheduleESOP2223_Type.ScheduleESOPEventDtls.ScheduleESOPEventDtlsType[].TaxAttributedAmt	integer	False	type=integer, minimum=0, maximum=99999999999999	
ITR.ITR2.ScheduleESOP.ScheduleESOP2223_Type.ScheduleESOPEventDtls.CeasedEmployee	string	False	type=string, pattern=|(\s*([\w\d_=!@#$%\^*\(\){}\[\]\|\\:;',\.\?/~`\-\+<>&][\s\w\d_=!@#$%\^*\(\){}\[\]\|\\:;',\.\?/~`\-\+<>&]*)\s*), enum=['Y', 'N']	Y-YES; N-NO
ITR.ITR2.ScheduleESOP.ScheduleESOP2223_Type.ScheduleESOPEventDtls.DateOfCeasing	string	False	type=string, pattern=([12]\d{3}-(0[1-9]|1[0-2])-(0[1-9]|[12]\d|3[01]))	Date in YYYY-MM-DD format
ITR.ITR2.ScheduleESOP.ScheduleESOP2223_Type.TotalTaxAttributedAmt22	integer	False	type=integer, minimum=0, maximum=99999999999999	
ITR.ITR2.ScheduleESOP.ScheduleESOP2223_Type.TaxPayableCurrentAY	integer	False	type=integer, minimum=0, maximum=99999999999999	
ITR.ITR2.ScheduleESOP.ScheduleESOP2223_Type.BalanceTaxCF	integer	False	type=integer, minimum=0, maximum=99999999999999	
ITR.ITR2.ScheduleESOP.ScheduleESOP2324_Type.AssessmentYear	string	True	type=string, pattern=2023-24, REQUIRED	
ITR.ITR2.ScheduleESOP.ScheduleESOP2324_Type.TaxDeferredBFEarlierAY	integer	False	type=integer, minimum=0, maximum=99999999999999	
ITR.ITR2.ScheduleESOP.ScheduleESOP2324_Type.ScheduleESOPEventDtls.SecurityType	string	False	type=string, enum=['FS', 'PS', 'NS']	FS - Fully Sold; PS - Partly Sold; NS - Not sold
ITR.ITR2.ScheduleESOP.ScheduleESOP2324_Type.ScheduleESOPEventDtls.ScheduleESOPEventDtlsType[].Date	string	False	type=string, pattern=([12]\d{3}-(0[1-9]|1[0-2])-(0[1-9]|[12]\d|3[01]))	Date in YYYY-MM-DD format
ITR.ITR2.ScheduleESOP.ScheduleESOP2324_Type.ScheduleESOPEventDtls.ScheduleESOPEventDtlsType[].TaxAttributedAmt	integer	False	type=integer, minimum=0, maximum=99999999999999	
ITR.ITR2.ScheduleESOP.ScheduleESOP2324_Type.ScheduleESOPEventDtls.CeasedEmployee	string	False	type=string, pattern=|(\s*([\w\d_=!@#$%\^*\(\){}\[\]\|\\:;',\.\?/~`\-\+<>&][\s\w\d_=!@#$%\^*\(\){}\[\]\|\\:;',\.\?/~`\-\+<>&]*)\s*), enum=['Y', 'N']	Y-YES; N-NO
ITR.ITR2.ScheduleESOP.ScheduleESOP2324_Type.ScheduleESOPEventDtls.DateOfCeasing	string	False	type=string, pattern=([12]\d{3}-(0[1-9]|1[0-2])-(0[1-9]|[12]\d|3[01]))	Date in YYYY-MM-DD format
ITR.ITR2.ScheduleESOP.ScheduleESOP2324_Type.TotalTaxAttributedAmt23	integer	False	type=integer, minimum=0, maximum=99999999999999	
ITR.ITR2.ScheduleESOP.ScheduleESOP2324_Type.TaxPayableCurrentAY	integer	False	type=integer, minimum=0, maximum=99999999999999	
ITR.ITR2.ScheduleESOP.ScheduleESOP2324_Type.BalanceTaxCF	integer	False	type=integer, minimum=0, maximum=99999999999999	
ITR.ITR2.ScheduleESOP.ScheduleESOP2425_Type.AssessmentYear	string	True	type=string, pattern=2024-25, REQUIRED	
ITR.ITR2.ScheduleESOP.ScheduleESOP2425_Type.TaxDeferredBFEarlierAY	integer	False	type=integer, minimum=0, maximum=99999999999999	
ITR.ITR2.ScheduleESOP.ScheduleESOP2425_Type.ScheduleESOPEventDtls.SecurityType	string	False	type=string, enum=['FS', 'PS', 'NS']	FS - Fully Sold; PS - Partly Sold; NS - Not sold
ITR.ITR2.ScheduleESOP.ScheduleESOP2425_Type.ScheduleESOPEventDtls.ScheduleESOPEventDtlsType[].Date	string	False	type=string, pattern=([12]\d{3}-(0[1-9]|1[0-2])-(0[1-9]|[12]\d|3[01]))	Date in YYYY-MM-DD format
ITR.ITR2.ScheduleESOP.ScheduleESOP2425_Type.ScheduleESOPEventDtls.ScheduleESOPEventDtlsType[].TaxAttributedAmt	integer	False	type=integer, minimum=0, maximum=99999999999999	
ITR.ITR2.ScheduleESOP.ScheduleESOP2425_Type.ScheduleESOPEventDtls.CeasedEmployee	string	False	type=string, pattern=|(\s*([\w\d_=!@#$%\^*\(\){}\[\]\|\\:;',\.\?/~`\-\+<>&][\s\w\d_=!@#$%\^*\(\){}\[\]\|\\:;',\.\?/~`\-\+<>&]*)\s*), enum=['Y', 'N']	Y-YES; N-NO
ITR.ITR2.ScheduleESOP.ScheduleESOP2425_Type.ScheduleESOPEventDtls.DateOfCeasing	string	False	type=string, pattern=([12]\d{3}-(0[1-9]|1[0-2])-(0[1-9]|[12]\d|3[01]))	Date in YYYY-MM-DD format
ITR.ITR2.ScheduleESOP.ScheduleESOP2425_Type.TotalTaxAttributedAmt24	integer	False	type=integer, minimum=0, maximum=99999999999999	
ITR.ITR2.ScheduleESOP.ScheduleESOP2425_Type.TaxPayableCurrentAY	integer	False	type=integer, minimum=0, maximum=99999999999999	
ITR.ITR2.ScheduleESOP.ScheduleESOP2425_Type.BalanceTaxCF	integer	False	type=integer, minimum=0, maximum=99999999999999	
ITR.ITR2.ScheduleESOP.ScheduleESOP2526_Type.AssessmentYear	string	True	type=string, pattern=2025-26, REQUIRED	
ITR.ITR2.ScheduleESOP.ScheduleESOP2526_Type.BalanceTaxCF	integer	False	type=integer, minimum=0, maximum=99999999999999	
ITR.ITR2.ScheduleESOP.TotalTaxAttributedAmt	integer	True	type=integer, minimum=0, maximum=99999999999999, REQUIRED	
