path	type	required	constraints	description
ITR.ITR4.CreationInfo.SWVersionNo	string	True	type=string, minLength=1, maxLength=10, pattern=|(\s*([\w\d_=!@#$%\^*\(\){}\[\]\|\\:;',\.\?/~`\-\+<>&"][\s\w\d_=!@#$%\^*\(\){}\[\]\|\\:;',\.\?/~`\-\+<>&"]*)\s*), REQUIRED	
ITR.ITR4.CreationInfo.SWCreatedBy	string	True	type=string, pattern=[S][W][0-9]{8}, REQUIRED	
ITR.ITR4.CreationInfo.JSONCreatedBy	string	True	type=string, pattern=[S][W][0-9]{8}, REQUIRED	
ITR.ITR4.CreationInfo.JSONCreationDate	string	True	type=string, pattern=([12]\d{3}-(0[1-9]|1[0-2])-(0[1-9]|[12]\d|3[01])), REQUIRED	JSONCreationDate in YYYY-MM-DD format
ITR.ITR4.CreationInfo.IntermediaryCity	string	True	type=string, minLength=1, maxLength=25, pattern=|(\s*([\w\d_=!@#$%\^*\(\){}\[\]\|\\:;',\.\?/~`\-\+<>&"][\s\w\d_=!@#$%\^*\(\){}\[\]\|\\:;',\.\?/~`\-\+<>&"]*)\s*), REQUIRED	
ITR.ITR4.CreationInfo.Digest	string	True	type=string, pattern=-|.{44}, REQUIRED	
ITR.ITR4.Form_ITR4.FormName	string	True	type=string, pattern=ITR-4, REQUIRED	
ITR.ITR4.Form_ITR4.Description	string	True	type=string, minLength=1, maxLength=75, pattern=|(\s*([\w\d_=!@#$%\^*\(\){}\[\]\|\\:;',\.\?/~`\-\+<>&"][\s\w\d_=!@#$%\^*\(\){}\[\]\|\\:;',\.\?/~`\-\+<>&"]*)\s*), REQUIRED	
ITR.ITR4.Form_ITR4.AssessmentYear	string	True	type=string, minLength=4, maxLength=4, pattern=2025, REQUIRED	
ITR.ITR4.Form_ITR4.SchemaVer	string	True	type=string, minLength=1, maxLength=10, pattern=Ver1.0, REQUIRED	
ITR.ITR4.Form_ITR4.FormVer	string	True	type=string, minLength=1, maxLength=10, pattern=Ver1.0, REQUIRED	
ITR.ITR4.PartA_139_8A.PAN	string	True	type=string, pattern=[A-Z]{5}[0-9]{4}[A-Z], REQUIRED	
ITR.ITR4.PartA_139_8A.Name	string	True	type=string, maxLength=125, pattern=|(\s*([\w\d_=!@#$%\^*\(\){}\[\]\|\\:;',\.\?/~`\-\+<>&"][\s\w\d_=!@#$%\^*\(\){}\[\]\|\\:;',\.\?/~`\-\+<>&"]*)\s*), REQUIRED	
ITR.ITR4.PartA_139_8A.AadhaarCardNo	string	False	type=string, pattern=[0-9]{12}	
ITR.ITR4.PartA_139_8A.AssessmentYear	string	True	type=string, pattern=2025, REQUIRED	
ITR.ITR4.PartA_139_8A.PreviouslyFiledForThisAY	string	True	type=string, pattern=Y|N, REQUIRED	
ITR.ITR4.PartA_139_8A.PreviouslyFiledForThisAY_139_8A	string	False	type=string, pattern=|(\s*([\w\d_=!@#$%\^*\(\){}\[\]\|\\:;',\.\?/~`\-\+<>&"][\s\w\d_=!@#$%\^*\(\){}\[\]\|\\:;',\.\?/~`\-\+<>&"]*)\s*), enum=['1', '2']	1 - 139(1); 2 - Other
ITR.ITR4.PartA_139_8A.Applicable_139_8A.ITRForm	string	False	type=string, pattern=|(\s*([\w\d_=!@#$%\^*\(\){}\[\]\|\\:;',\.\?/~`\-\+<>&"][\s\w\d_=!@#$%\^*\(\){}\[\]\|\\:;',\.\?/~`\-\+<>&"]*)\s*), enum=['ITR1', 'ITR2', 'ITR3', 'ITR4', 'ITR5', 'ITR6', 'ITR7']	ITR1 - ITR1; ITR2 - ITR2; ITR3 - ITR3; ITR4 - ITR4; ITR5 - ITR5; ITR6 - ITR6; ITR7 - ITR7;
ITR.ITR4.PartA_139_8A.Applicable_139_8A.AcknowledgementNo	string	True	type=string, maxLength=15, pattern=[0-9]{15}, REQUIRED	Enter Acknowledgment No. of Original return
ITR.ITR4.PartA_139_8A.Applicable_139_8A.OrigRetFiledDate	string	True	type=string, pattern=([12]\d{3}-(0[1-9]|1[0-2])-(0[1-9]|[12]\d|3[01])), REQUIRED	Enter Date of filing of Original return in YYYY-MM-DD format
ITR.ITR4.PartA_139_8A.LaidOutIn_139_8A	string	True	type=string, pattern=Y|N, REQUIRED	
ITR.ITR4.PartA_139_8A.ITRFormUpdatingInc	string	True	type=string, pattern=|(\s*([\w\d_=!@#$%\^*\(\){}\[\]\|\\:;',\.\?/~`\-\+<>&"][\s\w\d_=!@#$%\^*\(\){}\[\]\|\\:;',\.\?/~`\-\+<>&"]*)\s*), enum=['ITR4'], REQUIRED	ITR4 - ITR4
ITR.ITR4.PartA_139_8A.UpdatingInc.ReasonsForUpdatingIncDtls[].ReasonsForUpdatingIncome	string	True	type=string, pattern=|(\s*([\w\d_=!@#$%\^*\(\){}\[\]\|\\:;',\.\?/~`\-\+<>&"][\s\w\d_=!@#$%\^*\(\){}\[\]\|\\:;',\.\?/~`\-\+<>&"]*)\s*), enum=['1', '2', '3', '4', '5', '6', '7', 'OTH'], REQUIRED	1 - Return previously not filed; 2 - Income not reported correctly; 3 - Wrong heads of income chosen; 4 - Reduction of carried forward loss; 5 - Reduction of unabsorbed depreciation; 6 - Reduction of tax credit u/s 115JB/115JC; 7 - Wrong rate of tax; OTH-Others
ITR.ITR4.PartA_139_8A.UpdatedReturnDuringPeriod	string	True	type=string, pattern=|(\s*([\w\d_=!@#$%\^*\(\){}\[\]\|\\:;',\.\?/~`\-\+<>&"][\s\w\d_=!@#$%\^*\(\){}\[\]\|\\:;',\.\?/~`\-\+<>&"]*)\s*), enum=['1', '2', '3', '4'], REQUIRED	1 - Up to 12 months from the end of Relevant Assessment Year; 2 - Between 12 to 24 Months from the end of Relevant Assessment Year; 3 - Between 24 to 36 Months from the end of Relevant Assessment Year; 4 - Between 36 to 48 Months from the end of Relevant Assessment Year
ITR.ITR4.PartA_139_8A.RetrntoRedCarriedFL.UnabsorbedDepreciation	string	True	type=string, pattern=Y|N, REQUIRED	
ITR.ITR4.PartA_139_8A.RetrntoRedCarriedFL.UDYear.UnabsorbedDepreciationYearDtls[].UnabsorbedDepreciationYear	string	True	type=string, pattern=|(\s*([\w\d_=!@#$%\^*\(\){}\[\]\|\\:;',\.\?/~`\-\+<>&"][\s\w\d_=!@#$%\^*\(\){}\[\]\|\\:;',\.\?/~`\-\+<>&"]*)\s*), enum=['2026', '2027'], REQUIRED	2026; 2027
ITR.ITR4.PartA_139_8A.RetrntoRedCarriedFL.UDYear.UnabsorbedDepreciationYearDtls[].RevisedReturnFile	string	False	type=string, pattern=Y|N	
ITR.ITR4.PartA_139_8A.RetrntoRedCarriedFL.UDYear.UnabsorbedDepreciationYearDtls[].UpdatedReturnFile	string	False	type=string, pattern=Y|N	
ITR.ITR4.PartB-ATI.HeadOfInc.Salaries	integer	False	type=integer, minimum=-99999999999999, maximum=99999999999999	Income from Salary
ITR.ITR4.PartB-ATI.HeadOfInc.IncomeFromHP	integer	False	type=integer, minimum=-99999999999999, maximum=99999999999999	Income from house property
ITR.ITR4.PartB-ATI.HeadOfInc.IncomeFromBP	integer	False	type=integer, minimum=-99999999999999, maximum=99999999999999	Income from Business or Profession
ITR.ITR4.PartB-ATI.HeadOfInc.IncomeFromCG	integer	False	type=integer, minimum=-99999999999999, maximum=99999999999999	Income from Capital Gains
ITR.ITR4.PartB-ATI.HeadOfInc.IncomeFromOS	integer	False	type=integer, minimum=-99999999999999, maximum=99999999999999	Income from Other Sources
ITR.ITR4.PartB-ATI.HeadOfInc.Total	integer	False	type=integer, minimum=-99999999999999, maximum=99999999999999	
ITR.ITR4.PartB-ATI.LatestTotInc	integer	False	type=integer, minimum=0, maximum=99999999999999	
ITR.ITR4.PartB-ATI.UpdatedTotInc	integer	True	type=integer, minimum=0, maximum=99999999999999, REQUIRED	
ITR.ITR4.PartB-ATI.AmtPayable	integer	True	type=integer, minimum=0, maximum=99999999999999, REQUIRED	
ITR.ITR4.PartB-ATI.AmtRefundable	integer	False	type=integer, minimum=0, maximum=99999999999999	
ITR.ITR4.PartB-ATI.LastAmtPayable	integer	False	type=integer, minimum=0, maximum=99999999999999	
ITR.ITR4.PartB-ATI.Refund	integer	False	type=integer, minimum=0, maximum=99999999999999	
ITR.ITR4.PartB-ATI.TotRefund	integer	False	type=integer, minimum=0, maximum=99999999999999	
ITR.ITR4.PartB-ATI.FeeIncUS234F	integer	True	type=integer, minimum=0, maximum=5000, REQUIRED	
ITR.ITR4.PartB-ATI.RegAssessementTAX	integer	False	type=integer, minimum=0, maximum=99999999999999	
ITR.ITR4.PartB-ATI.AggrLiabilityRefund	integer	True	type=integer, minimum=0, maximum=99999999999999, REQUIRED	
ITR.ITR4.PartB-ATI.AggrLiabilityNoRefund	integer	True	type=integer, minimum=0, maximum=99999999999999, REQUIRED	
ITR.ITR4.PartB-ATI.AddtnlIncTax	integer	True	type=integer, minimum=0, maximum=99999999999999, REQUIRED	
ITR.ITR4.PartB-ATI.NetPayable	integer	True	type=integer, minimum=0, maximum=99999999999999, REQUIRED	
ITR.ITR4.PartB-ATI.TaxUS140B	integer	True	type=integer, minimum=0, maximum=99999999999999, REQUIRED	
ITR.ITR4.PartB-ATI.TaxDue10_11	integer	True	type=integer, minimum=0, maximum=99999999999999, REQUIRED	
ITR.ITR4.PartB-ATI.ScheduleIT1.TaxPayment1.ITTaxPayments[].slno	integer	False	type=integer, minimum=0, maximum=99999999999999	
ITR.ITR4.PartB-ATI.ScheduleIT1.TaxPayment1.ITTaxPayments[].BSRCode	string	True	type=string, pattern=[0-9]{3}[0-9A-Z]{4}, REQUIRED	
ITR.ITR4.PartB-ATI.ScheduleIT1.TaxPayment1.ITTaxPayments[].DateDep	string	True	type=string, pattern=([12]\d{3}-(0[1-9]|1[0-2])-(0[1-9]|[12]\d|3[01])), REQUIRED	Date in YYYY-MM-DD format on or after 2022-04-01
ITR.ITR4.PartB-ATI.ScheduleIT1.TaxPayment1.ITTaxPayments[].SrlNoOfChaln	integer	True	type=integer, minimum=0, maximum=99999, REQUIRED	
ITR.ITR4.PartB-ATI.ScheduleIT1.TaxPayment1.ITTaxPayments[].Amt	integer	True	type=integer, minimum=0, maximum=99999999999999, REQUIRED	
ITR.ITR4.PartB-ATI.ScheduleIT1.Total	integer	True	type=integer, minimum=0, maximum=99999999999999, REQUIRED	
ITR.ITR4.PartB-ATI.ScheduleIT2.TaxPayment2.ITTaxPayments[].slno	integer	False	type=integer, minimum=0, maximum=99999999999999	
ITR.ITR4.PartB-ATI.ScheduleIT2.TaxPayment2.ITTaxPayments[].BSRCode	string	True	type=string, pattern=[0-9]{3}[0-9A-Z]{4}, REQUIRED	
ITR.ITR4.PartB-ATI.ScheduleIT2.TaxPayment2.ITTaxPayments[].DateDep	string	True	type=string, pattern=([12]\d{3}-(0[1-9]|1[0-2])-(0[1-9]|[12]\d|3[01])), REQUIRED	Date in YYYY-MM-DD format on or after 2022-04-01
ITR.ITR4.PartB-ATI.ScheduleIT2.TaxPayment2.ITTaxPayments[].SrlNoOfChaln	integer	True	type=integer, minimum=0, maximum=99999, REQUIRED	
ITR.ITR4.PartB-ATI.ScheduleIT2.TaxPayment2.ITTaxPayments[].Amt	integer	True	type=integer, minimum=0, maximum=99999999999999, REQUIRED	
ITR.ITR4.PartB-ATI.ScheduleIT2.Total	integer	True	type=integer, minimum=0, maximum=99999999999999, REQUIRED	
ITR.ITR4.PartB-ATI.ReleifUS89	integer	True	type=integer, minimum=0, maximum=99999999999999, REQUIRED	
ITR.ITR4.PersonalInfo.AssesseeName.FirstName	string	False	type=string, maxLength=25, pattern=|(\s*([\w\d_=!@#$%\^*\(\){}\[\]\|\\:;',\.\?/~`\-\+<>&"][\s\w\d_=!@#$%\^*\(\){}\[\]\|\\:;',\.\?/~`\-\+<>&"]*)\s*)	
ITR.ITR4.PersonalInfo.AssesseeName.MiddleName	string	False	type=string, maxLength=25, pattern=|(\s*([\w\d_=!@#$%\^*\(\){}\[\]\|\\:;',\.\?/~`\-\+<>&"][\s\w\d_=!@#$%\^*\(\){}\[\]\|\\:;',\.\?/~`\-\+<>&"]*)\s*)	
ITR.ITR4.PersonalInfo.AssesseeName.SurNameOrOrgName	string	True	type=string, minLength=1, maxLength=75, pattern=|(\s*([\w\d_=!@#$%\^*\(\){}\[\]\|\\:;',\.\?/~`\-\+<>&"][\s\w\d_=!@#$%\^*\(\){}\[\]\|\\:;',\.\?/~`\-\+<>&"]*)\s*), REQUIRED	Enter Last or Sur name for Individual or HUF or Org name here
ITR.ITR4.PersonalInfo.PAN	string	True	type=string, pattern=[A-Z]{5}[0-9]{4}[A-Z], REQUIRED	
ITR.ITR4.PersonalInfo.Address.ResidenceNo	string	True	type=string, minLength=1, maxLength=50, pattern=|(\s*([\w\d_=!@#$%\^*\(\){}\[\]\|\\:;',\.\?/~`\-\+<>&"][\s\w\d_=!@#$%\^*\(\){}\[\]\|\\:;',\.\?/~`\-\+<>&"]*)\s*), REQUIRED	
ITR.ITR4.PersonalInfo.Address.ResidenceName	string	False	type=string, maxLength=50, pattern=|(\s*([\w\d_=!@#$%\^*\(\){}\[\]\|\\:;',\.\?/~`\-\+<>&"][\s\w\d_=!@#$%\^*\(\){}\[\]\|\\:;',\.\?/~`\-\+<>&"]*)\s*)	
ITR.ITR4.PersonalInfo.Address.RoadOrStreet	string	False	type=string, maxLength=50, pattern=|(\s*([\w\d_=!@#$%\^*\(\){}\[\]\|\\:;',\.\?/~`\-\+<>&"][\s\w\d_=!@#$%\^*\(\){}\[\]\|\\:;',\.\?/~`\-\+<>&"]*)\s*)	
ITR.ITR4.PersonalInfo.Address.LocalityOrArea	string	True	type=string, minLength=1, maxLength=50, pattern=|(\s*([\w\d_=!@#$%\^*\(\){}\[\]\|\\:;',\.\?/~`\-\+<>&"][\s\w\d_=!@#$%\^*\(\){}\[\]\|\\:;',\.\?/~`\-\+<>&"]*)\s*), REQUIRED	
ITR.ITR4.PersonalInfo.Address.CityOrTownOrDistrict	string	True	type=string, minLength=1, maxLength=50, pattern=|(\s*([\w\d_=!@#$%\^*\(\){}\[\]\|\\:;',\.\?/~`\-\+<>&"][\s\w\d_=!@#$%\^*\(\){}\[\]\|\\:;',\.\?/~`\-\+<>&"]*)\s*), REQUIRED	
ITR.ITR4.PersonalInfo.Address.StateCode	string	True	type=string, pattern=|(\s*([\w\d_=!@#$%\^*\(\){}\[\]\|\\:;',\.\?/~`\-\+<>&"][\s\w\d_=!@#$%\^*\(\){}\[\]\|\\:;',\.\?/~`\-\+<>&"]*)\s*), enum=['01', '02', '03', '04', '05', '06', '07', '08', '09', '10', '11', '12', '13', '14', '15', '16', '17', '18', '19', '20', '21', '22', '23', '24', '25', '26', '27…], REQUIRED	01-Andaman and Nicobar islands; 02-Andhra Pradesh; 03-Arunachal Pradesh; 04-Assam; 05-Bihar; 06-Chandigarh; 07-Dadra Nagar and Haveli; 08-Daman and Diu; 09- Delhi; 10- Goa; 11-Gujarat; 12- Haryana; 13- Himachal Pradesh; 14-Jammu and Kashmir; 15- Karnataka; 16- Kerala; 17- Lakshadweep; 18-Madhya Pradesh; 19-Maharashtra; 20-Manipur; 21-meghalaya; 22-Mizoram; 23-Nagaland; 24- Odisha; 25- Puducherry; 26- Punjab; 27-Rajasthan; 28- Sikkim; 29-Tamil Nadu; 30- Tripura; 31-Uttar Pradesh; 32- West Bengal; 33- Chhattisgarh; 34- Uttarakhand; 35- Jharkhand; 36- Telangana; 37- Ladakh; 99- Foreign
ITR.ITR4.PersonalInfo.Address.CountryCode	string	True	type=string, pattern=|(\s*([\w\d_=!@#$%\^*\(\){}\[\]\|\\:;',\.\?/~`\-\+<>&"][\s\w\d_=!@#$%\^*\(\){}\[\]\|\\:;',\.\?/~`\-\+<>&"]*)\s*), enum=['93', '1001', '355', '213', '684', '376', '244', '1264', '1010', '1268', '54', '374', '297', '61', '43', '994', '1242', '973', '880', '1246', '375', '32', '501…], REQUIRED	93 : AFGHANISTAN, 1001 : ÅLAND ISLANDS, 355 : ALBANIA, 213 : ALGERIA, 684 : AMERICAN SAMOA, 376 : ANDORRA, 244 : ANGOLA, 1264 : ANGUILLA, 1010 : ANTARCTICA, 1268 : ANTIGUA AND BARBUDA, 54 : ARGENTINA, 374 : ARMENIA, 297 : ARUBA, 61 : AUSTRALIA, 43 : AUSTRIA, 994 : AZERBAIJAN, 1242 : BAHAMAS, 973 : BAHRAIN, 880 : BANGLADESH, 1246 : BARBADOS, 375 : BELARUS, 32 : BELGIUM, 501 : BELIZE, 229 : BENIN, 1441 : BERMUDA, 975 : BHUTAN, 591 : BOLIVIA (PLURINATIONAL STATE OF), 1002 : BONAIRE, SINT EUSTATIUS AND SABA, 387 : BOSNIA AND HERZEGOVINA, 267 : BOTSWANA, 1003 : BOUVET ISLAND, 55 : BRAZIL, 1014 : BRITISH INDIAN OCEAN TERRITORY, 673 : BRUNEI DARUSSALAM, 359 : BULGARIA, 226 : BURKINA FASO, 257 : BURUNDI, 238 : CABO VERDE, 855 : CAMBODIA, 237 : CAMEROON, 1 : CANADA, 1345 : CAYMAN ISLANDS, 236 : CENTRAL AFRICAN REPUBLIC, 235 : CHAD, 56 : CHILE, 86 : CHINA, 9 : CHRISTMAS ISLAND, 672 : COCOS (KEELING) ISLANDS, 57 : COLOMBIA, 270 : COMOROS, 242 : CONGO, 243 : CONGO (DEMOCRATIC REPUBLIC OF THE), 682 : COOK ISLANDS, 506 : COSTA RICA, 225 : CÔTE D'IVOIRE, 385 : CROATIA, 53 : CUBA, 1015 : CURAÇAO, 357 : CYPRUS, 420 : CZECHIA, 45 : DENMARK, 253 : DJIBOUTI, 1767 : DOMINICA, 1809 : DOMINICAN REPUBLIC, 593 : ECUADOR, 20 : EGYPT, 503 : EL SALVADOR, 240 : EQUATORIAL GUINEA, 291 : ERITREA, 372 : ESTONIA, 251 : ETHIOPIA, 500 : FALKLAND ISLANDS (MALVINAS), 298 : FAROE ISLANDS, 679 : FIJI, 358 : FINLAND, 33 : FRANCE, 594 : FRENCH GUIANA, 689 : FRENCH POLYNESIA, 1004 : FRENCH SOUTHERN TERRITORIES, 241 : GABON, 220 : GAMBIA, 995 : GEORGIA, 49 : GERMANY, 233 : GHANA, 350 : GIBRALTAR, 30 : GREECE, 299 : GREENLAND, 1473 : GRENADA, 590 : GUADELOUPE, 1671 : GUAM, 502 : GUATEMALA, 1481 : GUERNSEY, 224 : GUINEA, 245 : GUINEA-BISSAU, 592 : GUYANA, 509 : HAITI, 1005 : HEARD ISLAND AND MCDONALD ISLANDS, 6 : HOLY SEE, 504 : HONDURAS, 852 : HONG KONG, 36 : HUNGARY, 354 : ICELAND, 91 : INDIA, 62 : INDONESIA, 98 : IRAN (ISLAMIC REPUBLIC OF), 964 : IRAQ, 353 : IRELAND, 1624 : ISLE OF MAN, 972 : ISRAEL, 5 : ITALY, 1876 : JAMAICA, 81 : JAPAN, 1534 : JERSEY, 962 : JORDAN, 7 : KAZAKHSTAN, 254 : KENYA, 686 : KIRIBATI, 850 : KOREA(DEMOCRATIC PEOPLE'S REPUBLIC OF), 82 : KOREA (REPUBLIC OF), 965 : KUWAIT, 996 : KYRGYZSTAN, 856 : LAO PEOPLE'S DEMOCRATIC REPUBLIC, 371 : LATVIA, 961 : LEBANON, 266 : LESOTHO, 231 : LIBERIA, 218 : LIBYA, 423 : LIECHTENSTEIN, 370 : LITHUANIA, 352 : LUXEMBOURG, 853 : MACAO, 389 : MACEDONIA(THE FORMER YUGOSLAV REPUBLIC OF), 261 : MADAGASCAR, 265 : MALAWI, 60 : MALAYSIA, 960 : MALDIVES, 223 : MALI, 356 : MALTA, 692 : MARSHALL ISLANDS, 596 : MARTINIQUE, 222 : MAURITANIA, 230 : MAURITIUS, 269 : MAYOTTE, 52 : MEXICO, 691 : MICRONESIA (FEDERATED STATES OF), 373 : MOLDOVA (REPUBLIC OF), 377 : MONACO, 976 : MONGOLIA, 382 : MONTENEGRO, 1664 : MONTSERRAT, 212 : MOROCCO, 258 : MOZAMBIQUE, 95 : MYANMAR, 264 : NAMIBIA, 674 : NAURU, 977 : NEPAL, 31 : NETHERLANDS, 687 : NEW CALEDONIA, 64 : NEW ZEALAND, 505 : NICARAGUA, 227 : NIGER, 234 : NIGERIA, 683 : NIUE, 15 : NORFOLK ISLAND, 1670 : NORTHERN MARIANA ISLANDS, 47 : NORWAY, 968 : OMAN, 92 : PAKISTAN, 680 : PALAU, 970 : PALESTINE, STATE OF, 507 : PANAMA, 675 : PAPUA NEW GUINEA, 595 : PARAGUAY, 51 : PERU, 63 : PHILIPPINES, 1011 : PITCAIRN, 48 : POLAND, 14 : PORTUGAL, 1787 : PUERTO RICO, 974 : QATAR, 262 : RÉUNION, 40 : ROMANIA, 8 : RUSSIAN FEDERATION, 250 : RWANDA, 1006 : SAINT BARTHÉLEMY, 290 : SAINT HELENA, ASCENSION AND TRISTAN DA CUNHA, 1869 : SAINT KITTS AND NEVIS, 1758 : SAINT LUCIA, 1007 : SAINT MARTIN (FRENCH PART), 508 : SAINT PIERRE AND MIQUELON, 1784 : SAINT VINCENT AND THE GRENADINES, 685 : SAMOA, 378 : SAN MARINO, 239 : SAO TOME AND PRINCIPE, 966 : SAUDI ARABIA, 221 : SENEGAL, 381 : SERBIA, 248 : SEYCHELLES, 232 : SIERRA LEONE, 65 : SINGAPORE, 1721 : SINT MAARTEN (DUTCH PART), 421 : SLOVAKIA, 386 : SLOVENIA, 677 : SOLOMON ISLANDS, 252 : SOMALIA, 28 : SOUTH AFRICA, 1008 : SOUTH GEORGIA AND THE SOUTH SANDWICH ISLANDS, 211 : SOUTH SUDAN, 35 : SPAIN, 94 : SRI LANKA, 249 : SUDAN, 597 : SURINAME, 1012 : SVALBARD AND JAN MAYEN, 268 : SWAZILAND, 46 : SWEDEN, 41 : SWITZERLAND, 963 : SYRIAN ARAB REPUBLIC, 886 : TAIWAN, 992 : TAJIKISTAN, 255 : TANZANIA, UNITED REPUBLIC OF, 66 : THAILAND, 670 : TIMOR-LESTE (EAST TIMOR), 228 : TOGO, 690 : TOKELAU, 676 : TONGA, 1868 : TRINIDAD AND TOBAGO, 216 : TUNISIA, 90 : TURKEY, 993 : TURKMENISTAN, 1649 : TURKS AND CAICOS ISLANDS, 688 : TUVALU, 256 : UGANDA, 380 : UKRAINE, 971 : UNITED ARAB EMIRATES, 44 : UNITED KINGDOM OF GREAT BRITAIN AND NORTHERN IRELAND, 2 : UNITED STATES OF AMERICA, 1009 : UNITED STATES MINOR OUTLYING ISLANDS, 598 : URUGUAY, 998 : UZBEKISTAN, 678 : VANUATU, 58 : VENEZUELA (BOLIVARIAN REPUBLIC OF), 84 : VIET NAM, 1284 : VIRGIN ISLANDS (BRITISH), 1340 : VIRGIN ISLANDS (U.S.), 681 : WALLIS AND FUTUNA, 1013 : WESTERN SAHARA, 967 : YEMEN, 260 : ZAMBIA, 263 : ZIMBABWE, 9999 : OTHERS
ITR.ITR4.PersonalInfo.Address.PinCode	integer	False	type=integer, minimum=100000, maximum=999999, pattern=[1-9]{1}[0-9]{5}	
ITR.ITR4.PersonalInfo.Address.ZipCode	string	False	type=string, maxLength=8	
ITR.ITR4.PersonalInfo.Address.Phone.STDcode	integer	True	type=integer, minimum=0, maximum=99999, REQUIRED	
ITR.ITR4.PersonalInfo.Address.Phone.PhoneNo	string	True	type=string, pattern=[0-9]{1,12}, REQUIRED	
ITR.ITR4.PersonalInfo.Address.CountryCodeMobile	integer	True	type=integer, pattern=[0-9]{1,5}, REQUIRED	
ITR.ITR4.PersonalInfo.Address.MobileNo	integer	True	type=integer, pattern=[1-9]{1}[0-9]{9}|[1-9]{1}[0-9]{4,9}, REQUIRED	
ITR.ITR4.PersonalInfo.Address.CountryCodeMobileNoSec	integer	False	type=integer, pattern=[0-9]{1,5}	
ITR.ITR4.PersonalInfo.Address.MobileNoSec	integer	False	type=integer, pattern=[1-9]{1}[0-9]{9}|[1-9]{1}[0-9]{4,9}	
ITR.ITR4.PersonalInfo.Address.EmailAddress	string	True	type=string, maxLength=125, pattern=([\.a-zA-Z0-9_\-])+@([a-zA-Z0-9_\-])+(([a-zA-Z0-9_\-])*\.([a-zA-Z0-9_\-])+)+, REQUIRED	Email Id is required for receiving copy of ITR-V
ITR.ITR4.PersonalInfo.Address.EmailAddressSec	string	False	type=string, maxLength=125, pattern=([\.a-zA-Z0-9_\-])+@([a-zA-Z0-9_\-])+(([a-zA-Z0-9_\-])*\.([a-zA-Z0-9_\-])+)+	Alternate Email Id
ITR.ITR4.PersonalInfo.DOB	string	True	type=string, pattern=([12]\d{3}-(0[1-9]|1[0-2])-(0[1-9]|[12]\d|3[01])), REQUIRED	Date of Birth of the Assessee format YYYY-MM-DD; maximum date allowed 2025-03-31
ITR.ITR4.PersonalInfo.EmployerCategory	string	True	type=string, enum=['CGOV', 'SGOV', 'PSU', 'PE', 'PESG', 'PEPS', 'PEO', 'OTH', 'NA'], REQUIRED	CGOV:Central Government, SGOV:State Government, PSU:Public Sector Undertaking, PE:Pensioners - Central Government, PESG:Pensioners - State Government, PEPS:Pensioners - Public sector undertaking, PEO:Pensioners - Others, OTH:Others, NA:Not Applicable
ITR.ITR4.PersonalInfo.Status	string	True	type=string, enum=['I', 'H', 'F'], REQUIRED	I : Individual; H : HUF; F : Firm (other than LLP)
ITR.ITR4.PersonalInfo.AadhaarCardNo	string	False	type=string, pattern=[0-9]{12}	
ITR.ITR4.FilingStatus.ReturnFileSec	integer	True	type=integer, minimum=11, maximum=21, enum=[11, 12, 13, 14, 16, 17, 18, 20, 21], REQUIRED	11 : 139(1)-On or before due date; 12 : 139(4)-After due date; 13 : 142(1); 14 : 148; 16 : 153C, 17 : 139(5)-Revised Return; 18 : 139(9); 20 : 119(2)(b) - After condonation of delay; 21 : 139(8A)-Updated Return
ITR.ITR4.FilingStatus.OptOutNewTaxRegime_Form10IEA_AY24_25	string	True	type=string, enum=['Y', 'N', 'NA'], REQUIRED	Y : Yes, N : No, NA : Not applicable
ITR.ITR4.FilingStatus.Form10IEADate_AY24_25	string	False	type=string, pattern=([12]\d{3}-(0[1-9]|1[0-2])-(0[1-9]|[12]\d|3[01]))	Form 10IEA filing date in YYYY-MM-DD format
ITR.ITR4.FilingStatus.Form10IEAAckNo_AY24_25	integer	False	type=integer, minimum=100000000000000, maximum=999999999999999	
ITR.ITR4.FilingStatus.Yes_ContOptOutNewTaxReg	string	False	type=string, enum=['Y', 'N']	Y : Yes, N : No
ITR.ITR4.FilingStatus.No_OptOutNewTaxReg	string	False	type=string, enum=['Y', 'N']	Y : Yes, N : No
ITR.ITR4.FilingStatus.NA_OptOutNewTaxReg	string	False	type=string, enum=['Y', 'N']	Y : Yes, N : No
ITR.ITR4.FilingStatus.Form10IEADate	string	False	type=string, pattern=([12]\d{3}-(0[1-9]|1[0-2])-(0[1-9]|[12]\d|3[01]))	Form 10IEA filing date in YYYY-MM-DD format
ITR.ITR4.FilingStatus.Form10IEAAckNo	integer	False	type=integer, minimum=100000000000000, maximum=999999999999999	
ITR.ITR4.FilingStatus.SeventhProvisio139	string	False	type=string, pattern=Y|N	
ITR.ITR4.FilingStatus.DepAmtAggAmtExcd1CrPrYrFlg	string	False	type=string, pattern=Y|N	
ITR.ITR4.FilingStatus.AmtSeventhProvisio139i	integer	False	type=integer, minimum=10000000, maximum=99999999999999	
ITR.ITR4.FilingStatus.IncrExpAggAmt2LkTrvFrgnCntryFlg	string	False	type=string, pattern=Y|N	
ITR.ITR4.FilingStatus.AmtSeventhProvisio139ii	integer	False	type=integer, minimum=200000, maximum=99999999999999	
ITR.ITR4.FilingStatus.IncrExpAggAmt1LkElctrctyPrYrFlg	string	False	type=string, pattern=Y|N	
ITR.ITR4.FilingStatus.AmtSeventhProvisio139iii	integer	False	type=integer, minimum=100000, maximum=99999999999999	
ITR.ITR4.FilingStatus.clauseiv7provisio139i	string	False	type=string, pattern=Y|N	
ITR.ITR4.FilingStatus.clauseiv7provisio139iDtls[].clauseiv7provisio139iNature	string	True	type=string, enum=['1', '2', '3', '4'], REQUIRED	1 - The total sales, turnover or gross receipts, as the case may be, of the person in the business exceeds sixty lakh rupees during the previous year; 2 - The total gross receipts of the person in profession exceeds ten lakh rupees during the previous year; 3 - The aggregate of tax deducted at source and tax collected at source during the previous year, in the case of the person, is twenty-five thousand rupees or more(fifty thousand for resident senior citizen); 4 - The deposit in one or more savings bank account of the person, in aggregate, is fifty lakh rupees or more, in the previous year
ITR.ITR4.FilingStatus.clauseiv7provisio139iDtls[].clauseiv7provisio139iAmount	integer	True	type=integer, minimum=0, maximum=99999999999999, REQUIRED	
ITR.ITR4.FilingStatus.ReceiptNo	string	False	type=string, pattern=[0-9]{15}	Enter the Receipt number of the; original return.
ITR.ITR4.FilingStatus.NoticeNo	string	False	type=string, maxLength=100, pattern=|(\s*([\w\d_=!@#$%\^*\(\){}\[\]\|\\:;',\.\?/~`\-\+<>&"][\s\w\d_=!@#$%\^*\(\){}\[\]\|\\:;',\.\?/~`\-\+<>&"]*)\s*)	
ITR.ITR4.FilingStatus.OrigRetFiledDate	string	False	type=string, pattern=([12]\d{3}-(0[1-9]|1[0-2])-(0[1-9]|[12]\d|3[01]))	Enter Date of filing of Original return in YYYY-MM-DD format
ITR.ITR4.FilingStatus.NoticeDateUnderSec	string	False	type=string, pattern=([12]\d{3}-(0[1-9]|1[0-2])-(0[1-9]|[12]\d|3[01]))	Date of Order or Notice in YYYY-MM-DD format
ITR.ITR4.FilingStatus.AsseseeRepFlg	string	True	type=string, pattern=|(\s*([\w\d_=!@#$%\^*\(\){}\[\]\|\\:;',\.\?/~`\-\+<>&"][\s\w\d_=!@#$%\^*\(\){}\[\]\|\\:;',\.\?/~`\-\+<>&"]*)\s*), enum=['Y', 'N'], REQUIRED	Y - Yes; N - No
ITR.ITR4.FilingStatus.AssesseeRep.RepName	string	True	type=string, minLength=1, maxLength=125, pattern=|(\s*([\w\d_=!@#$%\^*\(\){}\[\]\|\\:;',\.\?/~`\-\+<>&"][\s\w\d_=!@#$%\^*\(\){}\[\]\|\\:;',\.\?/~`\-\+<>&"]*)\s*), REQUIRED	
ITR.ITR4.FilingStatus.AssesseeRep.RepCapacity	string	True	type=string, pattern=|(\s*([\w\d_=!@#$%\^*\(\){}\[\]\|\\:;',\.\?/~`\-\+<>&"][\s\w\d_=!@#$%\^*\(\){}\[\]\|\\:;',\.\?/~`\-\+<>&"]*)\s*), enum=['L', 'M', 'G', 'O'], REQUIRED	L - Legal Heir; M - Manager; G - Guardian; O - Other
ITR.ITR4.FilingStatus.AssesseeRep.RepAddress	string	True	type=string, minLength=1, maxLength=250, pattern=|(\s*([\w\d_=!@#$%\^*\(\){}\[\]\|\\:;',\.\?/~`\-\+<>&"][\s\w\d_=!@#$%\^*\(\){}\[\]\|\\:;',\.\?/~`\-\+<>&"]*)\s*), REQUIRED	
ITR.ITR4.FilingStatus.AssesseeRep.RepPAN	string	True	type=string, pattern=[A-Z]{5}[0-9]{4}[A-Z], REQUIRED	
ITR.ITR4.FilingStatus.AssesseeRep.RepAadhaar	string	False	type=string, pattern=[0-9]{12}	
ITR.ITR4.FilingStatus.ItrFilingDueDate	string	True	type=string, minLength=9, maxLength=10, pattern=2025-07-31, REQUIRED	
ITR.ITR4.IncomeDeductions.IncomeFromBusinessProf	integer	True	type=integer, minimum=0, maximum=99999999999999, REQUIRED	
ITR.ITR4.IncomeDeductions.GrossSalary	integer	True	type=integer, minimum=0, maximum=99999999999999, REQUIRED	
ITR.ITR4.IncomeDeductions.Salary	integer	False	type=integer, minimum=0, maximum=99999999999999	
ITR.ITR4.IncomeDeductions.PerquisitesValue	integer	False	type=integer, minimum=0, maximum=99999999999999	
ITR.ITR4.IncomeDeductions.ProfitsInSalary	integer	False	type=integer, minimum=0, maximum=99999999999999	
ITR.ITR4.IncomeDeductions.IncomeNotified89A	integer	True	type=integer, minimum=0, maximum=99999999999999, REQUIRED	
ITR.ITR4.IncomeDeductions.IncomeNotified89AType[].NOT89ACountrycode	string	True	type=string, enum=['US', 'UK', 'CA'], REQUIRED	US - United States; UK - United Kingdom; CA - Canada
ITR.ITR4.IncomeDeductions.IncomeNotified89AType[].NOT89AAmount	integer	True	type=integer, minimum=0, maximum=99999999999999, REQUIRED	
ITR.ITR4.IncomeDeductions.IncomeNotifiedOther89A	integer	False	type=integer, minimum=0, maximum=99999999999999	
ITR.ITR4.IncomeDeductions.AllwncExemptUs10.AllwncExemptUs10Dtls[].SalNatureDesc	string	True	type=string, pattern=|(\s*([\w\d_=!@#$%\^*\(\){}\[\]\|\\:;',\.\?/~`\-\+<>&"][\s\w\d_=!@#$%\^*\(\){}\[\]\|\\:;',\.\?/~`\-\+<>&"]*)\s*), enum=['10(5)', '10(6)', '10(7)', '10(10)', '10(10A)', '10(10AA)', '10(10B)(i)', '10(10B)(ii)', '10(10C)', '10(10CC)', '10(13A)', '10(14)(i)', '10(14)(ii)', '10(14)(i…], REQUIRED	10(5) - Sec 10(5)-Leave Travel concession/assistance; 10(6) - Sec 10(6)-Remuneration received as an official, by whatever name called, of an embassy, high commission etc.; 10(7) - Sec 10(7)-Allowances or perquisites paid or allowed as such outside India by the Government to a citizen of India for rendering service outside India; 10(10) - Sec 10(10)-Death-cum-retirement gratuity received ; 10(10A) - Sec 10(10A)-Commuted value of pension received; 10(10AA) - Sec 10(10AA)-Earned leave encashment on Retirement; 10(10B)(i) - Sec 10(10B)-First proviso - Compensation limit notified by CG in the Official Gazette; 10(10B)(ii) - Sec 10(10B)-Second proviso - Compensation under scheme approved by the Central Government; 10(10C) - Sec 10(10C)- Amount received/receivable on voluntary retirement or termination of service; 10(10CC) - Sec 10(10CC)-Tax paid by employer on non-monetary perquisite; 10(13A) - Sec 10(13A)-Allowance to meet expenditure incurred on house rent; 10(14)(i) - Sec 10(14)(i)- Prescribed Allowances or benefits (not in a nature of perquisite) specifically granted to meet expenses wholly, necessarily and exclusively and to the extent actually incurred, in performance of duties of office or employment; 10(14)(ii) - Sec 10(14)(ii) -Prescribed Allowances or benefits granted to meet personal expenses in performance of duties of office or employment or to compensate him for increased cost of living. ; 10(14)(i)(115BAC) - Sec 10(14)(i) -Allowances referred in sub-clauses (a) to (c) of sub-rule (1) in Rule 2BB ; 10(14)(ii)(115BAC) - Sec 10(14)(ii) -Transport allowance granted to certain physically handicapped assessee ; EIC - Exempt income received by a judge covered under the payment of salaries to Supreme Court/High Court judges Act /Rules ; OTH - Any Other
ITR.ITR4.IncomeDeductions.AllwncExemptUs10.AllwncExemptUs10Dtls[].SalOthNatOfInc	string	False	type=string, maxLength=125, pattern=|(\s*([\w\d_=!@#$%\^*\(\){}\[\]\|\\:;',\.\?/~`\-\+<>&"][\s\w\d_=!@#$%\^*\(\){}\[\]\|\\:;',\.\?/~`\-\+<>&"]*)\s*)	
ITR.ITR4.IncomeDeductions.AllwncExemptUs10.AllwncExemptUs10Dtls[].SalOthAmount	integer	True	type=integer, minimum=0, maximum=99999999999999, REQUIRED	
ITR.ITR4.IncomeDeductions.AllwncExemptUs10.TotalAllwncExemptUs10	integer	True	type=integer, minimum=0, maximum=99999999999999, REQUIRED	
ITR.ITR4.IncomeDeductions.Increliefus89A	integer	False	type=integer, minimum=0, maximum=99999999999999	
ITR.ITR4.IncomeDeductions.NetSalary	integer	True	type=integer, minimum=0, maximum=99999999999999, REQUIRED	
ITR.ITR4.IncomeDeductions.DeductionUs16	integer	True	type=integer, minimum=0, maximum=99999999999999, REQUIRED	
ITR.ITR4.IncomeDeductions.DeductionUs16ia	integer	False	type=integer, minimum=0, maximum=75000	
ITR.ITR4.IncomeDeductions.EntertainmntalwncUs16ii	integer	False	type=integer, minimum=0, maximum=5000	
ITR.ITR4.IncomeDeductions.ProfessionalTaxUs16iii	integer	False	type=integer, minimum=0, maximum=5000	
ITR.ITR4.IncomeDeductions.IncomeFromSal	integer	True	type=integer, minimum=0, maximum=99999999999999, REQUIRED	
ITR.ITR4.IncomeDeductions.TypeOfHP	string	False	type=string, pattern=S|L|D	S:Self Occupied; L:Let Out; D:Deemed let out
ITR.ITR4.IncomeDeductions.GrossRentReceived	integer	False	type=integer, minimum=0, maximum=99999999999999	
ITR.ITR4.IncomeDeductions.TaxPaidlocalAuth	integer	False	type=integer, minimum=0, maximum=99999999999999	
ITR.ITR4.IncomeDeductions.AnnualValue	integer	True	type=integer, minimum=0, maximum=99999999999999, REQUIRED	
ITR.ITR4.IncomeDeductions.AnnualValue30Percent	integer	True	type=integer, minimum=0, maximum=99999999999999, REQUIRED	
ITR.ITR4.IncomeDeductions.InterestPayable	integer	False	type=integer, minimum=0, maximum=99999999999999	
ITR.ITR4.IncomeDeductions.ArrearsUnrealizedRentRcvd	integer	False	type=integer, minimum=0, maximum=99999999999999	
ITR.ITR4.IncomeDeductions.TotalIncomeOfHP	integer	True	type=integer, minimum=-200000, maximum=99999999999999, REQUIRED	House Property income
ITR.ITR4.IncomeDeductions.IncomeOthSrc	integer	True	type=integer, maximum=99999999999999, REQUIRED	
ITR.ITR4.IncomeDeductions.OthersInc.OthersIncDtlsOthSrc[].OthSrcNatureDesc	string	True	type=string, pattern=|(\s*([\w\d_=!@#$%\^*\(\){}\[\]\|\\:;',\.\?/~`\-\+<>&"][\s\w\d_=!@#$%\^*\(\){}\[\]\|\\:;',\.\?/~`\-\+<>&"]*)\s*), enum=['SAV', 'IFD', 'TAX', 'FAP', 'DIV', '10(11)(iP)', '10(11)(iiP)', '10(12)(iP)', '10(12)(iiP)', 'NOT89A', 'OTHNOT89A', 'OTH'], REQUIRED	SAV : Interest from Saving Account; IFD : Interest from Deposit(Bank/Post Office/Cooperative Society); TAX : Interest from Income Tax Refund; FAP : Family pension; DIV : Dividend; 10(11)(iP) : Interest accrued on contributions to provident fund to the extent taxable as per first proviso to section 10(11); 10(11)(iiP) : Interest accrued on contributions to provident fund to the extent taxable as per second proviso to section 10(11); 10(12)(iP) : Interest accrued on contributions to provident fund to the extent taxable as per first proviso to section 10(12); 10(12)(iiP) : Interest accrued on contributions to provident fund to the extent taxable as per second proviso to section 10(12); NOT89A : Income from retirement benefit account maintained in a notified country u/s 89A ; OTHNOT89A : Income from retirement benefit account maintained in a country other than a country notified u/s 89A ; OTH : Any Other
ITR.ITR4.IncomeDeductions.OthersInc.OthersIncDtlsOthSrc[].NOT89A[].NOT89ACountrycode	string	True	type=string, enum=['US', 'UK', 'CA'], REQUIRED	US - United States; UK - United Kingdom; CA - Canada
ITR.ITR4.IncomeDeductions.OthersInc.OthersIncDtlsOthSrc[].NOT89A[].NOT89AAmount	integer	True	type=integer, minimum=0, maximum=99999999999999, REQUIRED	
ITR.ITR4.IncomeDeductions.OthersInc.OthersIncDtlsOthSrc[].OthSrcOthNatOfInc	string	False	type=string, maxLength=125, pattern=|(\s*([\w\d_=!@#$%\^*\(\){}\[\]\|\\:;',\.\?/~`\-\+<>&"][\s\w\d_=!@#$%\^*\(\){}\[\]\|\\:;',\.\?/~`\-\+<>&"]*)\s*)	
ITR.ITR4.IncomeDeductions.OthersInc.OthersIncDtlsOthSrc[].OthSrcOthAmount	integer	True	type=integer, minimum=0, maximum=99999999999999, REQUIRED	
ITR.ITR4.IncomeDeductions.OthersInc.OthersIncDtlsOthSrc[].DividendInc.DateRange.Upto15Of6	integer	True	type=integer, minimum=0, maximum=99999999999999, REQUIRED	
ITR.ITR4.IncomeDeductions.OthersInc.OthersIncDtlsOthSrc[].DividendInc.DateRange.Upto15Of9	integer	True	type=integer, minimum=0, maximum=99999999999999, REQUIRED	
ITR.ITR4.IncomeDeductions.OthersInc.OthersIncDtlsOthSrc[].DividendInc.DateRange.Up16Of9To15Of12	integer	True	type=integer, minimum=0, maximum=99999999999999, REQUIRED	
ITR.ITR4.IncomeDeductions.OthersInc.OthersIncDtlsOthSrc[].DividendInc.DateRange.Up16Of12To15Of3	integer	True	type=integer, minimum=0, maximum=99999999999999, REQUIRED	
ITR.ITR4.IncomeDeductions.OthersInc.OthersIncDtlsOthSrc[].DividendInc.DateRange.Up16Of3To31Of3	integer	True	type=integer, minimum=0, maximum=99999999999999, REQUIRED	
ITR.ITR4.IncomeDeductions.OthersInc.OthersIncDtlsOthSrc[].NOT89AInc.DateRange.Upto15Of6	integer	True	type=integer, minimum=0, maximum=99999999999999, REQUIRED	
ITR.ITR4.IncomeDeductions.OthersInc.OthersIncDtlsOthSrc[].NOT89AInc.DateRange.Upto15Of9	integer	True	type=integer, minimum=0, maximum=99999999999999, REQUIRED	
ITR.ITR4.IncomeDeductions.OthersInc.OthersIncDtlsOthSrc[].NOT89AInc.DateRange.Up16Of9To15Of12	integer	True	type=integer, minimum=0, maximum=99999999999999, REQUIRED	
ITR.ITR4.IncomeDeductions.OthersInc.OthersIncDtlsOthSrc[].NOT89AInc.DateRange.Up16Of12To15Of3	integer	True	type=integer, minimum=0, maximum=99999999999999, REQUIRED	
ITR.ITR4.IncomeDeductions.OthersInc.OthersIncDtlsOthSrc[].NOT89AInc.DateRange.Up16Of3To31Of3	integer	True	type=integer, minimum=0, maximum=99999999999999, REQUIRED	
ITR.ITR4.IncomeDeductions.DeductionUs57iia	integer	False	type=integer, minimum=0, maximum=25000	
ITR.ITR4.IncomeDeductions.Increliefus89AOS	integer	False	type=integer, minimum=0, maximum=99999999999999	
ITR.ITR4.IncomeDeductions.GrossTotIncome	integer	True	type=integer, maximum=99999999999999, REQUIRED	Gross Total Income without LTCG u/s 112A
ITR.ITR4.IncomeDeductions.GrossTotIncomeIncLTCG112A	integer	True	type=integer, maximum=99999999999999, REQUIRED	Gross Total Income including LTCG u/s 112A
ITR.ITR4.IncomeDeductions.UsrDeductUndChapVIA.Section80C	integer	True	type=integer, minimum=0, maximum=99999999999999, REQUIRED	
ITR.ITR4.IncomeDeductions.UsrDeductUndChapVIA.Section80CCC	integer	True	type=integer, minimum=0, maximum=99999999999999, REQUIRED	
ITR.ITR4.IncomeDeductions.UsrDeductUndChapVIA.Section80CCDEmployeeOrSE	integer	True	type=integer, minimum=0, maximum=99999999999999, REQUIRED	For Employee/SelfEmployed
ITR.ITR4.IncomeDeductions.UsrDeductUndChapVIA.Section80CCD1B	integer	True	type=integer, minimum=0, maximum=99999999999999, REQUIRED	
ITR.ITR4.IncomeDeductions.UsrDeductUndChapVIA.Section80CCDEmployer	integer	True	type=integer, minimum=0, maximum=99999999999999, REQUIRED	
ITR.ITR4.IncomeDeductions.UsrDeductUndChapVIA.PRANNum	string	False	type=string, minLength=1, maxLength=125	
ITR.ITR4.IncomeDeductions.UsrDeductUndChapVIA.Section80D	integer	True	type=integer, minimum=0, maximum=99999999999999, REQUIRED	
ITR.ITR4.IncomeDeductions.UsrDeductUndChapVIA.Section80DD	integer	True	type=integer, minimum=0, maximum=99999999999999, REQUIRED	
ITR.ITR4.IncomeDeductions.UsrDeductUndChapVIA.Section80DDBUsrType	string	False	type=string, pattern=|(\s*([\w\d_=!@#$%\^*\(\){}\[\]\|\\:;',\.\?/~`\-\+<>&"][\s\w\d_=!@#$%\^*\(\){}\[\]\|\\:;',\.\?/~`\-\+<>&"]*)\s*), enum=['1', '2']	1 : Self or dependent , 2 : Self or dependent - Senior Citizen
ITR.ITR4.IncomeDeductions.UsrDeductUndChapVIA.NameOfSpecDisease80DDB	string	False	type=string, pattern=|(\s*([\w\d_=!@#$%\^*\(\){}\[\]\|\\:;',\.\?/~`\-\+<>&"][\s\w\d_=!@#$%\^*\(\){}\[\]\|\\:;',\.\?/~`\-\+<>&"]*)\s*), enum=['a', 'b', 'c', 'd', 'e', 'f', 'g', 'h', 'i', 'j', 'k', 'l', 'm', 'n']	a : Dementia; b : Dystonia Musculorum Deformans; c : Motor Neuron Disease; d : Ataxia; e : Chorea; f : Hemiballismus; g : Aphasia; h: Parkinsons Disease; i : Malignant Cancers; j : Full Blown Acquired Immuno-Deficiency Syndrome (AIDS); k:Chronic Renal failure; l:Hematological disorders; m: Hemophilia; n:Thalassaemia
ITR.ITR4.IncomeDeductions.UsrDeductUndChapVIA.Section80DDB	integer	True	type=integer, minimum=0, maximum=99999999999999, REQUIRED	
ITR.ITR4.IncomeDeductions.UsrDeductUndChapVIA.Section80E	integer	True	type=integer, minimum=0, maximum=99999999999999, REQUIRED	
ITR.ITR4.IncomeDeductions.UsrDeductUndChapVIA.Section80EE	integer	False	type=integer, minimum=0, maximum=99999999999999	
ITR.ITR4.IncomeDeductions.UsrDeductUndChapVIA.Section80EEA	integer	False	type=integer, minimum=0, maximum=99999999999999	
ITR.ITR4.IncomeDeductions.UsrDeductUndChapVIA.Section80EEB	integer	False	type=integer, minimum=0, maximum=99999999999999	
ITR.ITR4.IncomeDeductions.UsrDeductUndChapVIA.Section80G	integer	True	type=integer, minimum=0, maximum=99999999999999, REQUIRED	
ITR.ITR4.IncomeDeductions.UsrDeductUndChapVIA.Section80GG	integer	True	type=integer, minimum=0, maximum=99999999999999, REQUIRED	
ITR.ITR4.IncomeDeductions.UsrDeductUndChapVIA.Form10BAAckNum	string	False	type=string, maxLength=15	
ITR.ITR4.IncomeDeductions.UsrDeductUndChapVIA.Section80GGC	integer	True	type=integer, minimum=0, maximum=99999999999999, REQUIRED	
ITR.ITR4.IncomeDeductions.UsrDeductUndChapVIA.Section80U	integer	True	type=integer, minimum=0, maximum=99999999999999, REQUIRED	
ITR.ITR4.IncomeDeductions.UsrDeductUndChapVIA.Section80TTA	integer	True	type=integer, minimum=0, maximum=99999999999999, REQUIRED	
ITR.ITR4.IncomeDeductions.UsrDeductUndChapVIA.Section80TTB	integer	True	type=integer, minimum=0, maximum=99999999999999, REQUIRED	
ITR.ITR4.IncomeDeductions.UsrDeductUndChapVIA.AnyOthSec80CCH	integer	True	type=integer, minimum=0, maximum=99999999999999, REQUIRED	
ITR.ITR4.IncomeDeductions.UsrDeductUndChapVIA.TotalChapVIADeductions	integer	True	type=integer, minimum=0, maximum=99999999999999, REQUIRED	
ITR.ITR4.IncomeDeductions.DeductUndChapVIA.Section80C	integer	True	type=integer, minimum=0, maximum=150000, REQUIRED	
ITR.ITR4.IncomeDeductions.DeductUndChapVIA.Section80CCC	integer	True	type=integer, minimum=0, maximum=150000, REQUIRED	
ITR.ITR4.IncomeDeductions.DeductUndChapVIA.Section80CCDEmployeeOrSE	integer	True	type=integer, minimum=0, maximum=150000, REQUIRED	For Employee/SelfEmployed
ITR.ITR4.IncomeDeductions.DeductUndChapVIA.Section80CCD1B	integer	True	type=integer, minimum=0, maximum=50000, REQUIRED	
ITR.ITR4.IncomeDeductions.DeductUndChapVIA.Section80CCDEmployer	integer	True	type=integer, minimum=0, maximum=99999999999999, REQUIRED	
ITR.ITR4.IncomeDeductions.DeductUndChapVIA.Section80D	integer	True	type=integer, minimum=0, maximum=100000, REQUIRED	
ITR.ITR4.IncomeDeductions.DeductUndChapVIA.Section80DD	integer	True	type=integer, minimum=0, maximum=125000, REQUIRED	
ITR.ITR4.IncomeDeductions.DeductUndChapVIA.Section80DDB	integer	True	type=integer, minimum=0, maximum=100000, REQUIRED	
ITR.ITR4.IncomeDeductions.DeductUndChapVIA.Section80E	integer	True	type=integer, minimum=0, maximum=99999999999999, REQUIRED	
ITR.ITR4.IncomeDeductions.DeductUndChapVIA.Section80EE	integer	False	type=integer, minimum=0, maximum=50000	
ITR.ITR4.IncomeDeductions.DeductUndChapVIA.Section80EEA	integer	False	type=integer, minimum=0, maximum=150000	
ITR.ITR4.IncomeDeductions.DeductUndChapVIA.Section80EEB	integer	False	type=integer, minimum=0, maximum=150000	
ITR.ITR4.IncomeDeductions.DeductUndChapVIA.Section80G	integer	True	type=integer, minimum=0, maximum=99999999999999, REQUIRED	
ITR.ITR4.IncomeDeductions.DeductUndChapVIA.Section80GG	integer	True	type=integer, minimum=0, maximum=60000, REQUIRED	
ITR.ITR4.IncomeDeductions.DeductUndChapVIA.Section80GGC	integer	True	type=integer, minimum=0, maximum=99999999999999, REQUIRED	
ITR.ITR4.IncomeDeductions.DeductUndChapVIA.Section80U	integer	True	type=integer, minimum=0, maximum=125000, REQUIRED	
ITR.ITR4.IncomeDeductions.DeductUndChapVIA.Section80TTA	integer	True	type=integer, minimum=0, maximum=10000, REQUIRED	
ITR.ITR4.IncomeDeductions.DeductUndChapVIA.Section80TTB	integer	True	type=integer, minimum=0, maximum=50000, REQUIRED	
ITR.ITR4.IncomeDeductions.DeductUndChapVIA.AnyOthSec80CCH	integer	True	type=integer, minimum=0, maximum=288000, REQUIRED	
ITR.ITR4.IncomeDeductions.DeductUndChapVIA.TotalChapVIADeductions	integer	True	type=integer, minimum=0, maximum=99999999999999, REQUIRED	
ITR.ITR4.IncomeDeductions.TotalIncome	integer	True	type=integer, minimum=0, maximum=5125000, REQUIRED	
ITR.ITR4.TaxComputation.TotalTaxPayable	integer	True	type=integer, minimum=0, maximum=99999999999999, REQUIRED	
ITR.ITR4.TaxComputation.Rebate87A	integer	True	type=integer, minimum=0, maximum=25000, REQUIRED	
ITR.ITR4.TaxComputation.TaxPayableOnRebate	integer	True	type=integer, minimum=0, maximum=99999999999999, REQUIRED	
ITR.ITR4.TaxComputation.EducationCess	integer	True	type=integer, minimum=0, maximum=99999999999999, REQUIRED	
ITR.ITR4.TaxComputation.GrossTaxLiability	integer	True	type=integer, minimum=0, maximum=99999999999999, REQUIRED	
ITR.ITR4.TaxComputation.Section89	integer	False	type=integer, minimum=0, maximum=99999999999999	
ITR.ITR4.TaxComputation.NetTaxLiability	integer	True	type=integer, minimum=0, maximum=99999999999999, REQUIRED	Balance Tax After Relief
ITR.ITR4.TaxComputation.IntrstPay.IntrstPayUs234A	integer	True	type=integer, minimum=0, maximum=99999999999999, REQUIRED	
ITR.ITR4.TaxComputation.IntrstPay.IntrstPayUs234B	integer	True	type=integer, minimum=0, maximum=99999999999999, REQUIRED	
ITR.ITR4.TaxComputation.IntrstPay.IntrstPayUs234C	integer	True	type=integer, minimum=0, maximum=99999999999999, REQUIRED	
ITR.ITR4.TaxComputation.IntrstPay.LateFilingFee234F	integer	True	type=integer, minimum=0, maximum=5000, REQUIRED	
ITR.ITR4.TaxComputation.TotTaxPlusIntrstPay	integer	True	type=integer, minimum=0, maximum=99999999999999, REQUIRED	
ITR.ITR4.TaxPaid.TaxesPaid.AdvanceTax	integer	True	type=integer, minimum=0, maximum=99999999999999, REQUIRED	
ITR.ITR4.TaxPaid.TaxesPaid.TDS	integer	True	type=integer, minimum=0, maximum=99999999999999, REQUIRED	
ITR.ITR4.TaxPaid.TaxesPaid.TCS	integer	True	type=integer, minimum=0, maximum=99999999999999, REQUIRED	Required for ITR4
ITR.ITR4.TaxPaid.TaxesPaid.SelfAssessmentTax	integer	True	type=integer, minimum=0, maximum=99999999999999, REQUIRED	
ITR.ITR4.TaxPaid.TaxesPaid.TotalTaxesPaid	integer	True	type=integer, minimum=0, maximum=99999999999999, REQUIRED	
ITR.ITR4.TaxPaid.BalTaxPayable	integer	True	type=integer, minimum=0, maximum=99999999999999, REQUIRED	
ITR.ITR4.Refund.RefundDue	integer	True	type=integer, minimum=0, maximum=99999999999999, REQUIRED	Refund due if Total Taxes Paid is greater than AggregateTaxInterest
ITR.ITR4.Refund.BankAccountDtls.AddtnlBankDetails[].IFSCCode	string	True	type=string, pattern=[A-Z]{4}[0][A-Z0-9]{6}, REQUIRED	
ITR.ITR4.Refund.BankAccountDtls.AddtnlBankDetails[].BankName	string	True	type=string, minLength=1, maxLength=125, pattern=|(\s*([\w\d_=!@#$%\^*\(\){}\[\]\|\\:;',\.\?/~`\-\+<>&"][\s\w\d_=!@#$%\^*\(\){}\[\]\|\\:;',\.\?/~`\-\+<>&"]*)\s*), REQUIRED	
ITR.ITR4.Refund.BankAccountDtls.AddtnlBankDetails[].BankAccountNo	string	True	type=string, minLength=1, maxLength=20, pattern=[a-zA-Z0-9]([/-]?(((\d*[1-9]\d*)*[a-zA-Z/-])|(\d*[1-9]\d*[a-zA-Z]*))+)*[0-9]*, REQUIRED	
ITR.ITR4.Refund.BankAccountDtls.AddtnlBankDetails[].AccountType	string	True	type=string, enum=['SB', 'CA', 'CC', 'OD', 'NRO', 'OTH'], REQUIRED	SB: Savings Account, CA: Current Account,CC: Cash Credit Account, OD: Over draft account, NRO: Non Resident Account, OTH: Other
ITR.ITR4.Refund.BankAccountDtls.AddtnlBankDetails[].UseForRefund	string	True	type=string, pattern=|(\s*([\w\d_=!@#$%\^*\(\){}\[\]\|\\:;',\.\?/~`\-\+<>&"][\s\w\d_=!@#$%\^*\(\){}\[\]\|\\:;',\.\?/~`\-\+<>&"]*)\s*), enum=['true', 'false'], REQUIRED	
ITR.ITR4.Schedule80G.Don100Percent.DoneeWithPan[].DoneeWithPanName	string	True	type=string, minLength=1, maxLength=125, pattern=|(\s*([\w\d_=!@#$%\^*\(\){}\[\]\|\\:;',\.\?/~`\-\+<>&"][\s\w\d_=!@#$%\^*\(\){}\[\]\|\\:;',\.\?/~`\-\+<>&"]*)\s*), REQUIRED	
ITR.ITR4.Schedule80G.Don100Percent.DoneeWithPan[].ArnNbr	string	False	type=string, maxLength=25, pattern=|(\s*([\w\d_=!@#$%\^*\(\){}\[\]\|\\:;',\.\?/~`\-\+<>&"][\s\w\d_=!@#$%\^*\(\){}\[\]\|\\:;',\.\?/~`\-\+<>&"]*)\s*)	Please enter ARN (Donation reference Number)
ITR.ITR4.Schedule80G.Don100Percent.DoneeWithPan[].DoneePAN	string	True	type=string, pattern=[A-Z]{5}[0-9]{4}[A-Z], REQUIRED	
ITR.ITR4.Schedule80G.Don100Percent.DoneeWithPan[].AddressDetail.AddrDetail	string	True	type=string, minLength=1, maxLength=200, pattern=|(\s*([\w\d_=!@#$%\^*\(\){}\[\]\|\\:;',\.\?/~`\-\+<>&"][\s\w\d_=!@#$%\^*\(\){}\[\]\|\\:;',\.\?/~`\-\+<>&"]*)\s*), REQUIRED	
ITR.ITR4.Schedule80G.Don100Percent.DoneeWithPan[].AddressDetail.CityOrTownOrDistrict	string	True	type=string, minLength=1, maxLength=50, pattern=|(\s*([\w\d_=!@#$%\^*\(\){}\[\]\|\\:;',\.\?/~`\-\+<>&"][\s\w\d_=!@#$%\^*\(\){}\[\]\|\\:;',\.\?/~`\-\+<>&"]*)\s*), REQUIRED	
ITR.ITR4.Schedule80G.Don100Percent.DoneeWithPan[].AddressDetail.StateCode	string	True	type=string, pattern=|(\s*([\w\d_=!@#$%\^*\(\){}\[\]\|\\:;',\.\?/~`\-\+<>&"][\s\w\d_=!@#$%\^*\(\){}\[\]\|\\:;',\.\?/~`\-\+<>&"]*)\s*), enum=['01', '02', '03', '04', '05', '06', '07', '08', '09', '10', '11', '12', '13', '14', '15', '16', '17', '18', '19', '20', '21', '22', '23', '24', '25', '26', '27…], REQUIRED	01-Andaman and Nicobar islands, 02-Andhra Pradesh, 03-Arunachal Pradesh, 04-Assam, 05-Bihar, 06-Chandigarh, 07-Dadra Nagar and Haveli, 08-Daman and Diu, 09- Delhi, 10- Goa, 11-Gujarat, 12- Haryana, 13- Himachal Pradesh, 14-Jammu and Kashmir, 15- Karnataka, 16- Kerala, 17- Lakshadweep, 18-Madhya Pradesh, 19-Maharashtra, 20-Manipur, 21-Meghalaya, 22-Mizoram, 23-Nagaland, 24- Odisha, 25- Puducherry, 26- Punjab, 27-Rajasthan, 28- Sikkim, 29-Tamil Nadu, 30- Tripura, 31-Uttar Pradesh, 32- West Bengal, 33- Chhattisgarh, 34- Uttarakhand, 35- Jharkhand, 36- Telangana, 37- Ladakh
ITR.ITR4.Schedule80G.Don100Percent.DoneeWithPan[].AddressDetail.PinCode	integer	True	type=integer, minimum=100000, maximum=999999, pattern=[1-9]{1}[0-9]{5}, REQUIRED	
ITR.ITR4.Schedule80G.Don100Percent.DoneeWithPan[].DonationAmtCash	integer	False	type=integer, minimum=0, maximum=99999999999999	
ITR.ITR4.Schedule80G.Don100Percent.DoneeWithPan[].DonationAmtOtherMode	integer	False	type=integer, minimum=0, maximum=99999999999999	
ITR.ITR4.Schedule80G.Don100Percent.DoneeWithPan[].DonationAmt	integer	True	type=integer, minimum=0, maximum=99999999999999, REQUIRED	
ITR.ITR4.Schedule80G.Don100Percent.DoneeWithPan[].EligibleDonationAmt	integer	True	type=integer, minimum=0, maximum=99999999999999, REQUIRED	
ITR.ITR4.Schedule80G.Don100Percent.TotDon100PercentCash	integer	True	type=integer, minimum=0, maximum=99999999999999, REQUIRED	
ITR.ITR4.Schedule80G.Don100Percent.TotDon100PercentOtherMode	integer	True	type=integer, minimum=0, maximum=99999999999999, REQUIRED	
ITR.ITR4.Schedule80G.Don100Percent.TotDon100Percent	integer	True	type=integer, minimum=0, maximum=99999999999999, REQUIRED	
ITR.ITR4.Schedule80G.Don100Percent.TotEligibleDon100Percent	integer	True	type=integer, minimum=0, maximum=99999999999999, REQUIRED	
ITR.ITR4.Schedule80G.Don50PercentNoApprReqd.DoneeWithPan[].DoneeWithPanName	string	True	type=string, minLength=1, maxLength=125, pattern=|(\s*([\w\d_=!@#$%\^*\(\){}\[\]\|\\:;',\.\?/~`\-\+<>&"][\s\w\d_=!@#$%\^*\(\){}\[\]\|\\:;',\.\?/~`\-\+<>&"]*)\s*), REQUIRED	
ITR.ITR4.Schedule80G.Don50PercentNoApprReqd.DoneeWithPan[].ArnNbr	string	False	type=string, maxLength=25, pattern=|(\s*([\w\d_=!@#$%\^*\(\){}\[\]\|\\:;',\.\?/~`\-\+<>&"][\s\w\d_=!@#$%\^*\(\){}\[\]\|\\:;',\.\?/~`\-\+<>&"]*)\s*)	Please enter ARN (Donation reference Number)
ITR.ITR4.Schedule80G.Don50PercentNoApprReqd.DoneeWithPan[].DoneePAN	string	True	type=string, pattern=[A-Z]{5}[0-9]{4}[A-Z], REQUIRED	
ITR.ITR4.Schedule80G.Don50PercentNoApprReqd.DoneeWithPan[].AddressDetail.AddrDetail	string	True	type=string, minLength=1, maxLength=200, pattern=|(\s*([\w\d_=!@#$%\^*\(\){}\[\]\|\\:;',\.\?/~`\-\+<>&"][\s\w\d_=!@#$%\^*\(\){}\[\]\|\\:;',\.\?/~`\-\+<>&"]*)\s*), REQUIRED	
ITR.ITR4.Schedule80G.Don50PercentNoApprReqd.DoneeWithPan[].AddressDetail.CityOrTownOrDistrict	string	True	type=string, minLength=1, maxLength=50, pattern=|(\s*([\w\d_=!@#$%\^*\(\){}\[\]\|\\:;',\.\?/~`\-\+<>&"][\s\w\d_=!@#$%\^*\(\){}\[\]\|\\:;',\.\?/~`\-\+<>&"]*)\s*), REQUIRED	
ITR.ITR4.Schedule80G.Don50PercentNoApprReqd.DoneeWithPan[].AddressDetail.StateCode	string	True	type=string, pattern=|(\s*([\w\d_=!@#$%\^*\(\){}\[\]\|\\:;',\.\?/~`\-\+<>&"][\s\w\d_=!@#$%\^*\(\){}\[\]\|\\:;',\.\?/~`\-\+<>&"]*)\s*), enum=['01', '02', '03', '04', '05', '06', '07', '08', '09', '10', '11', '12', '13', '14', '15', '16', '17', '18', '19', '20', '21', '22', '23', '24', '25', '26', '27…], REQUIRED	01-Andaman and Nicobar islands, 02-Andhra Pradesh, 03-Arunachal Pradesh, 04-Assam, 05-Bihar, 06-Chandigarh, 07-Dadra Nagar and Haveli, 08-Daman and Diu, 09- Delhi, 10- Goa, 11-Gujarat, 12- Haryana, 13- Himachal Pradesh, 14-Jammu and Kashmir, 15- Karnataka, 16- Kerala, 17- Lakshadweep, 18-Madhya Pradesh, 19-Maharashtra, 20-Manipur, 21-Meghalaya, 22-Mizoram, 23-Nagaland, 24- Odisha, 25- Puducherry, 26- Punjab, 27-Rajasthan, 28- Sikkim, 29-Tamil Nadu, 30- Tripura, 31-Uttar Pradesh, 32- West Bengal, 33- Chhattisgarh, 34- Uttarakhand, 35- Jharkhand, 36- Telangana, 37- Ladakh
ITR.ITR4.Schedule80G.Don50PercentNoApprReqd.DoneeWithPan[].AddressDetail.PinCode	integer	True	type=integer, minimum=100000, maximum=999999, pattern=[1-9]{1}[0-9]{5}, REQUIRED	
ITR.ITR4.Schedule80G.Don50PercentNoApprReqd.DoneeWithPan[].DonationAmtCash	integer	False	type=integer, minimum=0, maximum=99999999999999	
ITR.ITR4.Schedule80G.Don50PercentNoApprReqd.DoneeWithPan[].DonationAmtOtherMode	integer	False	type=integer, minimum=0, maximum=99999999999999	
ITR.ITR4.Schedule80G.Don50PercentNoApprReqd.DoneeWithPan[].DonationAmt	integer	True	type=integer, minimum=0, maximum=99999999999999, REQUIRED	
ITR.ITR4.Schedule80G.Don50PercentNoApprReqd.DoneeWithPan[].EligibleDonationAmt	integer	True	type=integer, minimum=0, maximum=99999999999999, REQUIRED	
ITR.ITR4.Schedule80G.Don50PercentNoApprReqd.TotDon50PercentNoApprReqdCash	integer	True	type=integer, minimum=0, maximum=99999999999999, REQUIRED	
ITR.ITR4.Schedule80G.Don50PercentNoApprReqd.TotDon50PercentNoApprReqdOtherMode	integer	True	type=integer, minimum=0, maximum=99999999999999, REQUIRED	
ITR.ITR4.Schedule80G.Don50PercentNoApprReqd.TotDon50PercentNoApprReqd	integer	True	type=integer, minimum=0, maximum=99999999999999, REQUIRED	
ITR.ITR4.Schedule80G.Don50PercentNoApprReqd.TotEligibleDon50Percent	integer	True	type=integer, minimum=0, maximum=99999999999999, REQUIRED	
ITR.ITR4.Schedule80G.Don100PercentApprReqd.DoneeWithPan[].DoneeWithPanName	string	True	type=string, minLength=1, maxLength=125, pattern=|(\s*([\w\d_=!@#$%\^*\(\){}\[\]\|\\:;',\.\?/~`\-\+<>&"][\s\w\d_=!@#$%\^*\(\){}\[\]\|\\:;',\.\?/~`\-\+<>&"]*)\s*), REQUIRED	
ITR.ITR4.Schedule80G.Don100PercentApprReqd.DoneeWithPan[].ArnNbr	string	False	type=string, maxLength=25, pattern=|(\s*([\w\d_=!@#$%\^*\(\){}\[\]\|\\:;',\.\?/~`\-\+<>&"][\s\w\d_=!@#$%\^*\(\){}\[\]\|\\:;',\.\?/~`\-\+<>&"]*)\s*)	Please enter ARN (Donation reference Number)
ITR.ITR4.Schedule80G.Don100PercentApprReqd.DoneeWithPan[].DoneePAN	string	True	type=string, pattern=[A-Z]{5}[0-9]{4}[A-Z], REQUIRED	
ITR.ITR4.Schedule80G.Don100PercentApprReqd.DoneeWithPan[].AddressDetail.AddrDetail	string	True	type=string, minLength=1, maxLength=200, pattern=|(\s*([\w\d_=!@#$%\^*\(\){}\[\]\|\\:;',\.\?/~`\-\+<>&"][\s\w\d_=!@#$%\^*\(\){}\[\]\|\\:;',\.\?/~`\-\+<>&"]*)\s*), REQUIRED	
ITR.ITR4.Schedule80G.Don100PercentApprReqd.DoneeWithPan[].AddressDetail.CityOrTownOrDistrict	string	True	type=string, minLength=1, maxLength=50, pattern=|(\s*([\w\d_=!@#$%\^*\(\){}\[\]\|\\:;',\.\?/~`\-\+<>&"][\s\w\d_=!@#$%\^*\(\){}\[\]\|\\:;',\.\?/~`\-\+<>&"]*)\s*), REQUIRED	
ITR.ITR4.Schedule80G.Don100PercentApprReqd.DoneeWithPan[].AddressDetail.StateCode	string	True	type=string, pattern=|(\s*([\w\d_=!@#$%\^*\(\){}\[\]\|\\:;',\.\?/~`\-\+<>&"][\s\w\d_=!@#$%\^*\(\){}\[\]\|\\:;',\.\?/~`\-\+<>&"]*)\s*), enum=['01', '02', '03', '04', '05', '06', '07', '08', '09', '10', '11', '12', '13', '14', '15', '16', '17', '18', '19', '20', '21', '22', '23', '24', '25', '26', '27…], REQUIRED	01-Andaman and Nicobar islands, 02-Andhra Pradesh, 03-Arunachal Pradesh, 04-Assam, 05-Bihar, 06-Chandigarh, 07-Dadra Nagar and Haveli, 08-Daman and Diu, 09- Delhi, 10- Goa, 11-Gujarat, 12- Haryana, 13- Himachal Pradesh, 14-Jammu and Kashmir, 15- Karnataka, 16- Kerala, 17- Lakshadweep, 18-Madhya Pradesh, 19-Maharashtra, 20-Manipur, 21-Meghalaya, 22-Mizoram, 23-Nagaland, 24- Odisha, 25- Puducherry, 26- Punjab, 27-Rajasthan, 28- Sikkim, 29-Tamil Nadu, 30- Tripura, 31-Uttar Pradesh, 32- West Bengal, 33- Chhattisgarh, 34- Uttarakhand, 35- Jharkhand, 36- Telangana, 37- Ladakh
ITR.ITR4.Schedule80G.Don100PercentApprReqd.DoneeWithPan[].AddressDetail.PinCode	integer	True	type=integer, minimum=100000, maximum=999999, pattern=[1-9]{1}[0-9]{5}, REQUIRED	
ITR.ITR4.Schedule80G.Don100PercentApprReqd.DoneeWithPan[].DonationAmtCash	integer	False	type=integer, minimum=0, maximum=99999999999999	
ITR.ITR4.Schedule80G.Don100PercentApprReqd.DoneeWithPan[].DonationAmtOtherMode	integer	False	type=integer, minimum=0, maximum=99999999999999	
ITR.ITR4.Schedule80G.Don100PercentApprReqd.DoneeWithPan[].DonationAmt	integer	True	type=integer, minimum=0, maximum=99999999999999, REQUIRED	
ITR.ITR4.Schedule80G.Don100PercentApprReqd.DoneeWithPan[].EligibleDonationAmt	integer	True	type=integer, minimum=0, maximum=99999999999999, REQUIRED	
ITR.ITR4.Schedule80G.Don100PercentApprReqd.TotDon100PercentApprReqdCash	integer	True	type=integer, minimum=0, maximum=99999999999999, REQUIRED	
ITR.ITR4.Schedule80G.Don100PercentApprReqd.TotDon100PercentApprReqdOtherMode	integer	True	type=integer, minimum=0, maximum=99999999999999, REQUIRED	
ITR.ITR4.Schedule80G.Don100PercentApprReqd.TotDon100PercentApprReqd	integer	True	type=integer, minimum=0, maximum=99999999999999, REQUIRED	
ITR.ITR4.Schedule80G.Don100PercentApprReqd.TotEligibleDon100PercentApprReqd	integer	True	type=integer, minimum=0, maximum=99999999999999, REQUIRED	
ITR.ITR4.Schedule80G.Don50PercentApprReqd.DoneeWithPan[].DoneeWithPanName	string	True	type=string, minLength=1, maxLength=125, pattern=|(\s*([\w\d_=!@#$%\^*\(\){}\[\]\|\\:;',\.\?/~`\-\+<>&"][\s\w\d_=!@#$%\^*\(\){}\[\]\|\\:;',\.\?/~`\-\+<>&"]*)\s*), REQUIRED	
ITR.ITR4.Schedule80G.Don50PercentApprReqd.DoneeWithPan[].ArnNbr	string	False	type=string, maxLength=25, pattern=|(\s*([\w\d_=!@#$%\^*\(\){}\[\]\|\\:;',\.\?/~`\-\+<>&"][\s\w\d_=!@#$%\^*\(\){}\[\]\|\\:;',\.\?/~`\-\+<>&"]*)\s*)	Please enter ARN (Donation reference Number)
ITR.ITR4.Schedule80G.Don50PercentApprReqd.DoneeWithPan[].DoneePAN	string	True	type=string, pattern=[A-Z]{5}[0-9]{4}[A-Z], REQUIRED	
ITR.ITR4.Schedule80G.Don50PercentApprReqd.DoneeWithPan[].AddressDetail.AddrDetail	string	True	type=string, minLength=1, maxLength=200, pattern=|(\s*([\w\d_=!@#$%\^*\(\){}\[\]\|\\:;',\.\?/~`\-\+<>&"][\s\w\d_=!@#$%\^*\(\){}\[\]\|\\:;',\.\?/~`\-\+<>&"]*)\s*), REQUIRED	
ITR.ITR4.Schedule80G.Don50PercentApprReqd.DoneeWithPan[].AddressDetail.CityOrTownOrDistrict	string	True	type=string, minLength=1, maxLength=50, pattern=|(\s*([\w\d_=!@#$%\^*\(\){}\[\]\|\\:;',\.\?/~`\-\+<>&"][\s\w\d_=!@#$%\^*\(\){}\[\]\|\\:;',\.\?/~`\-\+<>&"]*)\s*), REQUIRED	
ITR.ITR4.Schedule80G.Don50PercentApprReqd.DoneeWithPan[].AddressDetail.StateCode	string	True	type=string, pattern=|(\s*([\w\d_=!@#$%\^*\(\){}\[\]\|\\:;',\.\?/~`\-\+<>&"][\s\w\d_=!@#$%\^*\(\){}\[\]\|\\:;',\.\?/~`\-\+<>&"]*)\s*), enum=['01', '02', '03', '04', '05', '06', '07', '08', '09', '10', '11', '12', '13', '14', '15', '16', '17', '18', '19', '20', '21', '22', '23', '24', '25', '26', '27…], REQUIRED	01-Andaman and Nicobar islands, 02-Andhra Pradesh, 03-Arunachal Pradesh, 04-Assam, 05-Bihar, 06-Chandigarh, 07-Dadra Nagar and Haveli, 08-Daman and Diu, 09- Delhi, 10- Goa, 11-Gujarat, 12- Haryana, 13- Himachal Pradesh, 14-Jammu and Kashmir, 15- Karnataka, 16- Kerala, 17- Lakshadweep, 18-Madhya Pradesh, 19-Maharashtra, 20-Manipur, 21-Meghalaya, 22-Mizoram, 23-Nagaland, 24- Odisha, 25- Puducherry, 26- Punjab, 27-Rajasthan, 28- Sikkim, 29-Tamil Nadu, 30- Tripura, 31-Uttar Pradesh, 32- West Bengal, 33- Chhattisgarh, 34- Uttarakhand, 35- Jharkhand, 36- Telangana, 37- Ladakh
ITR.ITR4.Schedule80G.Don50PercentApprReqd.DoneeWithPan[].AddressDetail.PinCode	integer	True	type=integer, minimum=100000, maximum=999999, pattern=[1-9]{1}[0-9]{5}, REQUIRED	
ITR.ITR4.Schedule80G.Don50PercentApprReqd.DoneeWithPan[].DonationAmtCash	integer	False	type=integer, minimum=0, maximum=99999999999999	
ITR.ITR4.Schedule80G.Don50PercentApprReqd.DoneeWithPan[].DonationAmtOtherMode	integer	False	type=integer, minimum=0, maximum=99999999999999	
ITR.ITR4.Schedule80G.Don50PercentApprReqd.DoneeWithPan[].DonationAmt	integer	True	type=integer, minimum=0, maximum=99999999999999, REQUIRED	
ITR.ITR4.Schedule80G.Don50PercentApprReqd.DoneeWithPan[].EligibleDonationAmt	integer	True	type=integer, minimum=0, maximum=99999999999999, REQUIRED	
ITR.ITR4.Schedule80G.Don50PercentApprReqd.TotDon50PercentApprReqdCash	integer	True	type=integer, minimum=0, maximum=99999999999999, REQUIRED	
ITR.ITR4.Schedule80G.Don50PercentApprReqd.TotDon50PercentApprReqdOtherMode	integer	True	type=integer, minimum=0, maximum=99999999999999, REQUIRED	
ITR.ITR4.Schedule80G.Don50PercentApprReqd.TotDon50PercentApprReqd	integer	True	type=integer, minimum=0, maximum=99999999999999, REQUIRED	
ITR.ITR4.Schedule80G.Don50PercentApprReqd.TotEligibleDon50PercentApprReqd	integer	True	type=integer, minimum=0, maximum=99999999999999, REQUIRED	
ITR.ITR4.Schedule80G.TotalDonationsUs80GCash	integer	True	type=integer, minimum=0, maximum=99999999999999, REQUIRED	
ITR.ITR4.Schedule80G.TotalDonationsUs80GOtherMode	integer	True	type=integer, minimum=0, maximum=99999999999999, REQUIRED	
ITR.ITR4.Schedule80G.TotalDonationsUs80G	integer	True	type=integer, minimum=0, maximum=99999999999999, REQUIRED	
ITR.ITR4.Schedule80G.TotalEligibleDonationsUs80G	integer	True	type=integer, minimum=0, maximum=99999999999999, REQUIRED	
ITR.ITR4.Schedule80GGC.Schedule80GGCDetails[].DonationDate	string	True	type=string, pattern=([12]\d{3}-(0[1-9]|1[0-2])-(0[1-9]|[12]\d|3[01])), REQUIRED	Date of Donation in YYYY-MM-DD format
ITR.ITR4.Schedule80GGC.Schedule80GGCDetails[].DonationAmtCash	integer	True	type=integer, minimum=0, maximum=99999999999999, REQUIRED	
ITR.ITR4.Schedule80GGC.Schedule80GGCDetails[].DonationAmtOtherMode	integer	True	type=integer, minimum=0, maximum=99999999999999, REQUIRED	
ITR.ITR4.Schedule80GGC.Schedule80GGCDetails[].TransactionRefNum	string	False	type=string, maxLength=50	
ITR.ITR4.Schedule80GGC.Schedule80GGCDetails[].IFSCCode	string	False	type=string, maxLength=11, pattern=[A-Z]{4}[0][A-Z0-9]{6}	
ITR.ITR4.Schedule80GGC.Schedule80GGCDetails[].DonationAmt	integer	True	type=integer, minimum=0, maximum=99999999999999, REQUIRED	
ITR.ITR4.Schedule80GGC.Schedule80GGCDetails[].EligibleDonationAmt	integer	True	type=integer, minimum=0, maximum=99999999999999, REQUIRED	
ITR.ITR4.Schedule80GGC.TotalDonationAmtCash80GGC	integer	True	type=integer, minimum=0, maximum=99999999999999, REQUIRED	
ITR.ITR4.Schedule80GGC.TotalDonationAmtOtherMode80GGC	integer	True	type=integer, minimum=0, maximum=99999999999999, REQUIRED	
ITR.ITR4.Schedule80GGC.TotalDonationsUs80GGC	integer	True	type=integer, minimum=0, maximum=99999999999999, REQUIRED	
ITR.ITR4.Schedule80GGC.TotalEligibleDonationAmt80GGC	integer	True	type=integer, minimum=0, maximum=99999999999999, REQUIRED	
ITR.ITR4.Schedule80DD.NatureOfDisability	string	True	type=string, pattern=|(\s*([\w\d_=!@#$%\^*\(\){}\[\]\|\\:;',\.\?/~`\-\+<>&"][\s\w\d_=!@#$%\^*\(\){}\[\]\|\\:;',\.\?/~`\-\+<>&"]*)\s*), enum=['1', '2'], REQUIRED	1 : Dependent person with disability ; 2 : Dependent person with severe disability
ITR.ITR4.Schedule80DD.TypeOfDisability	string	True	type=string, pattern=|(\s*([\w\d_=!@#$%\^*\(\){}\[\]\|\\:;',\.\?/~`\-\+<>&"][\s\w\d_=!@#$%\^*\(\){}\[\]\|\\:;',\.\?/~`\-\+<>&"]*)\s*), enum=['1', '2'], REQUIRED	1 : autism, cerebral palsy, or multiple disabilities ; 2 : others;
ITR.ITR4.Schedule80DD.DeductionAmount	integer	True	type=integer, minimum=0, maximum=99999999999999, REQUIRED	
ITR.ITR4.Schedule80DD.DependentType	string	True	type=string, pattern=|(\s*([\w\d_=!@#$%\^*\(\){}\[\]\|\\:;',\.\?/~`\-\+<>&"][\s\w\d_=!@#$%\^*\(\){}\[\]\|\\:;',\.\?/~`\-\+<>&"]*)\s*), enum=['1', '2', '3', '4', '5', '6', '7', '8'], REQUIRED	1. Spouse; 2. Son; 3. Daughter; 4. Father; 5. Mother; 6. Brother; 7. Sister; 8. Member of the HUF (in case of HUF)
ITR.ITR4.Schedule80DD.DependentPan	string	False	type=string, pattern=[A-Z]{5}[0-9]{4}[A-Z]	
ITR.ITR4.Schedule80DD.DependentAadhaar	string	False	type=string, pattern=[0-9]{12}	
ITR.ITR4.Schedule80DD.Form10IAAckNum	string	False	type=string, maxLength=15	
ITR.ITR4.Schedule80DD.UDIDNum	string	False	type=string, maxLength=18	
ITR.ITR4.Schedule80U.NatureOfDisability	string	True	type=string, pattern=|(\s*([\w\d_=!@#$%\^*\(\){}\[\]\|\\:;',\.\?/~`\-\+<>&"][\s\w\d_=!@#$%\^*\(\){}\[\]\|\\:;',\.\?/~`\-\+<>&"]*)\s*), enum=['1', '2'], REQUIRED	1 : Self with disability ; 2 : Self with severe disability
ITR.ITR4.Schedule80U.TypeOfDisability	string	True	type=string, pattern=|(\s*([\w\d_=!@#$%\^*\(\){}\[\]\|\\:;',\.\?/~`\-\+<>&"][\s\w\d_=!@#$%\^*\(\){}\[\]\|\\:;',\.\?/~`\-\+<>&"]*)\s*), enum=['1', '2'], REQUIRED	1 : autism, cerebral palsy, or multiple disabilities ; 2 : others;
ITR.ITR4.Schedule80U.DeductionAmount	integer	True	type=integer, minimum=0, maximum=99999999999999, REQUIRED	
ITR.ITR4.Schedule80U.Form10IAAckNum	string	False	type=string, maxLength=15	
ITR.ITR4.Schedule80U.UDIDNum	string	False	type=string, maxLength=18	
ITR.ITR4.Schedule80E.Schedule80EDtls[].LoanTknFrom	string	True	type=string, enum=['B', 'I'], REQUIRED	B: Bank, I: Institution
ITR.ITR4.Schedule80E.Schedule80EDtls[].BankOrInstnName	string	True	type=string, minLength=1, maxLength=125, pattern=|(\s*([\w\d_=!@#$%\^*\(\){}\[\]\|\\:;',\.\?/~`\-\+<>&"][\s\w\d_=!@#$%\^*\(\){}\[\]\|\\:;',\.\?/~`\-\+<>&"]*)\s*), REQUIRED	
ITR.ITR4.Schedule80E.Schedule80EDtls[].LoanAccNoOfBankOrInstnRefNo	string	True	type=string, minLength=1, maxLength=20, pattern=[a-zA-Z0-9]([/-]?(((\d*[1-9]\d*)*[a-zA-Z/-])|(\d*[1-9]\d*[a-zA-Z]*))+)*[0-9]*, REQUIRED	
ITR.ITR4.Schedule80E.Schedule80EDtls[].DateofLoan	string	True	type=string, pattern=([12]\d{3}-(0[1-9]|1[0-2])-(0[1-9]|[12]\d|3[01])), REQUIRED	Date in YYYY-MM-DD format
ITR.ITR4.Schedule80E.Schedule80EDtls[].TotalLoanAmt	integer	True	type=integer, minimum=0, maximum=99999999999999, REQUIRED	
ITR.ITR4.Schedule80E.Schedule80EDtls[].LoanOutstndngAmt	integer	True	type=integer, minimum=0, maximum=99999999999999, REQUIRED	
ITR.ITR4.Schedule80E.Schedule80EDtls[].Interest80E	integer	True	type=integer, minimum=0, maximum=99999999999999, REQUIRED	
ITR.ITR4.Schedule80E.TotalInterest80E	integer	True	type=integer, minimum=0, maximum=99999999999999, REQUIRED	
ITR.ITR4.Schedule80EE.Schedule80EEDtls[].LoanTknFrom	string	True	type=string, enum=['B', 'I'], REQUIRED	B: Bank, I: Institution
ITR.ITR4.Schedule80EE.Schedule80EEDtls[].BankOrInstnName	string	True	type=string, minLength=1, maxLength=125, pattern=|(\s*([\w\d_=!@#$%\^*\(\){}\[\]\|\\:;',\.\?/~`\-\+<>&"][\s\w\d_=!@#$%\^*\(\){}\[\]\|\\:;',\.\?/~`\-\+<>&"]*)\s*), REQUIRED	
ITR.ITR4.Schedule80EE.Schedule80EEDtls[].LoanAccNoOfBankOrInstnRefNo	string	True	type=string, minLength=1, maxLength=20, pattern=[a-zA-Z0-9]([/-]?(((\d*[1-9]\d*)*[a-zA-Z/-])|(\d*[1-9]\d*[a-zA-Z]*))+)*[0-9]*, REQUIRED	
ITR.ITR4.Schedule80EE.Schedule80EEDtls[].DateofLoan	string	True	type=string, pattern=([12]\d{3}-(0[1-9]|1[0-2])-(0[1-9]|[12]\d|3[01])), REQUIRED	Date in YYYY-MM-DD format
ITR.ITR4.Schedule80EE.Schedule80EEDtls[].TotalLoanAmt	integer	True	type=integer, minimum=0, maximum=3500000, REQUIRED	
ITR.ITR4.Schedule80EE.Schedule80EEDtls[].LoanOutstndngAmt	integer	True	type=integer, minimum=0, maximum=99999999999999, REQUIRED	
ITR.ITR4.Schedule80EE.Schedule80EEDtls[].Interest80EE	integer	True	type=integer, minimum=0, maximum=99999999999999, REQUIRED	
ITR.ITR4.Schedule80EE.TotalInterest80EE	integer	True	type=integer, minimum=0, maximum=99999999999999, REQUIRED	
ITR.ITR4.Schedule80EEA.PropStmpDtyVal	integer	True	type=integer, minimum=0, maximum=4500000, REQUIRED	
ITR.ITR4.Schedule80EEA.Schedule80EEADtls[].LoanTknFrom	string	True	type=string, enum=['B', 'I'], REQUIRED	B: Bank, I: Institution
ITR.ITR4.Schedule80EEA.Schedule80EEADtls[].BankOrInstnName	string	True	type=string, minLength=1, maxLength=125, pattern=|(\s*([\w\d_=!@#$%\^*\(\){}\[\]\|\\:;',\.\?/~`\-\+<>&"][\s\w\d_=!@#$%\^*\(\){}\[\]\|\\:;',\.\?/~`\-\+<>&"]*)\s*), REQUIRED	
ITR.ITR4.Schedule80EEA.Schedule80EEADtls[].LoanAccNoOfBankOrInstnRefNo	string	True	type=string, minLength=1, maxLength=20, pattern=[a-zA-Z0-9]([/-]?(((\d*[1-9]\d*)*[a-zA-Z/-])|(\d*[1-9]\d*[a-zA-Z]*))+)*[0-9]*, REQUIRED	
ITR.ITR4.Schedule80EEA.Schedule80EEADtls[].DateofLoan	string	True	type=string, pattern=([12]\d{3}-(0[1-9]|1[0-2])-(0[1-9]|[12]\d|3[01])), REQUIRED	Date in YYYY-MM-DD format
ITR.ITR4.Schedule80EEA.Schedule80EEADtls[].TotalLoanAmt	integer	True	type=integer, minimum=0, maximum=99999999999999, REQUIRED	
ITR.ITR4.Schedule80EEA.Schedule80EEADtls[].LoanOutstndngAmt	integer	True	type=integer, minimum=0, maximum=99999999999999, REQUIRED	
ITR.ITR4.Schedule80EEA.Schedule80EEADtls[].Interest80EEA	integer	True	type=integer, minimum=0, maximum=99999999999999, REQUIRED	
ITR.ITR4.Schedule80EEA.TotalInterest80EEA	integer	True	type=integer, minimum=0, maximum=99999999999999, REQUIRED	
ITR.ITR4.Schedule80EEB.Schedule80EEBDtls[].LoanTknFrom	string	True	type=string, enum=['B', 'I'], REQUIRED	B: Bank, I: Institution
ITR.ITR4.Schedule80EEB.Schedule80EEBDtls[].BankOrInstnName	string	True	type=string, minLength=1, maxLength=125, pattern=|(\s*([\w\d_=!@#$%\^*\(\){}\[\]\|\\:;',\.\?/~`\-\+<>&"][\s\w\d_=!@#$%\^*\(\){}\[\]\|\\:;',\.\?/~`\-\+<>&"]*)\s*), REQUIRED	
ITR.ITR4.Schedule80EEB.Schedule80EEBDtls[].LoanAccNoOfBankOrInstnRefNo	string	True	type=string, minLength=1, maxLength=20, pattern=[a-zA-Z0-9]([/-]?(((\d*[1-9]\d*)*[a-zA-Z/-])|(\d*[1-9]\d*[a-zA-Z]*))+)*[0-9]*, REQUIRED	
ITR.ITR4.Schedule80EEB.Schedule80EEBDtls[].DateofLoan	string	True	type=string, pattern=([12]\d{3}-(0[1-9]|1[0-2])-(0[1-9]|[12]\d|3[01])), REQUIRED	Date in YYYY-MM-DD format
ITR.ITR4.Schedule80EEB.Schedule80EEBDtls[].TotalLoanAmt	integer	True	type=integer, minimum=0, maximum=99999999999999, REQUIRED	
ITR.ITR4.Schedule80EEB.Schedule80EEBDtls[].LoanOutstndngAmt	integer	True	type=integer, minimum=0, maximum=99999999999999, REQUIRED	
ITR.ITR4.Schedule80EEB.Schedule80EEBDtls[].VehicleRegNo	string	True	type=string, minLength=1, maxLength=11, pattern=|(\s*([\w\d_=!@#$%\^*\(\){}\[\]\|\\:;',\.\?/~`\-\+<>&"][\s\w\d_=!@#$%\^*\(\){}\[\]\|\\:;',\.\?/~`\-\+<>&"]*)\s*), REQUIRED	
ITR.ITR4.Schedule80EEB.Schedule80EEBDtls[].Interest80EEB	integer	True	type=integer, minimum=0, maximum=99999999999999, REQUIRED	
ITR.ITR4.Schedule80EEB.TotalInterest80EEB	integer	True	type=integer, minimum=0, maximum=99999999999999, REQUIRED	
ITR.ITR4.Schedule80C.Schedule80CDtls[].Amount	integer	True	type=integer, minimum=0, maximum=99999999999999, REQUIRED	
ITR.ITR4.Schedule80C.Schedule80CDtls[].IdentificationNo	string	True	type=string, maxLength=50, REQUIRED	
ITR.ITR4.Schedule80C.TotalAmt	integer	True	type=integer, minimum=0, maximum=99999999999999, REQUIRED	
ITR.ITR4.ScheduleUs24B.ScheduleUs24BDtls[].LoanTknFrom	string	True	type=string, enum=['B', 'I'], REQUIRED	B: Bank, I: Other than Bank
ITR.ITR4.ScheduleUs24B.ScheduleUs24BDtls[].BankOrInstnName	string	True	type=string, minLength=1, maxLength=125, pattern=|(\s*([\w\d_=!@#$%\^*\(\){}\[\]\|\\:;',\.\?/~`\-\+<>&"][\s\w\d_=!@#$%\^*\(\){}\[\]\|\\:;',\.\?/~`\-\+<>&"]*)\s*), REQUIRED	
ITR.ITR4.ScheduleUs24B.ScheduleUs24BDtls[].LoanAccNoOfBankOrInstnRefNo	string	True	type=string, minLength=1, maxLength=20, pattern=[a-zA-Z0-9]([/-]?(((\d*[1-9]\d*)*[a-zA-Z/-])|(\d*[1-9]\d*[a-zA-Z]*))+)*[0-9]*, REQUIRED	
ITR.ITR4.ScheduleUs24B.ScheduleUs24BDtls[].DateofLoan	string	True	type=string, pattern=([12]\d{3}-(0[1-9]|1[0-2])-(0[1-9]|[12]\d|3[01])), REQUIRED	Date in YYYY-MM-DD format
ITR.ITR4.ScheduleUs24B.ScheduleUs24BDtls[].TotalLoanAmt	integer	True	type=integer, minimum=0, maximum=99999999999999, REQUIRED	
ITR.ITR4.ScheduleUs24B.ScheduleUs24BDtls[].LoanOutstndngAmt	integer	True	type=integer, minimum=0, maximum=99999999999999, REQUIRED	
ITR.ITR4.ScheduleUs24B.ScheduleUs24BDtls[].InterestUs24B	integer	True	type=integer, minimum=0, maximum=99999999999999, REQUIRED	
ITR.ITR4.ScheduleUs24B.TotalInterestUs24B	integer	True	type=integer, minimum=0, maximum=99999999999999, REQUIRED	
ITR.ITR4.ScheduleEA10_13A.Placeofwork	string	True	type=string, enum=['1', '2'], REQUIRED	1: Metro, 2: Non-Metro
ITR.ITR4.ScheduleEA10_13A.ActlHRARecv	integer	True	type=integer, minimum=0, maximum=99999999999999, REQUIRED	
ITR.ITR4.ScheduleEA10_13A.ActlRentPaid	integer	True	type=integer, minimum=0, maximum=99999999999999, REQUIRED	
ITR.ITR4.ScheduleEA10_13A.DtlsSalUsSec171	integer	True	type=integer, minimum=0, maximum=99999999999999, REQUIRED	
ITR.ITR4.ScheduleEA10_13A.BasicSalary	integer	True	type=integer, minimum=0, maximum=99999999999999, REQUIRED	
ITR.ITR4.ScheduleEA10_13A.DearnessAllwnc	integer	False	type=integer, minimum=0, maximum=99999999999999	
ITR.ITR4.ScheduleEA10_13A.ActlRentPaid10Per	integer	True	type=integer, minimum=0, maximum=99999999999999, REQUIRED	
ITR.ITR4.ScheduleEA10_13A.Sal40Or50Per	integer	True	type=integer, minimum=0, maximum=99999999999999, REQUIRED	
ITR.ITR4.ScheduleEA10_13A.EligbleExmpAllwncUs13A	integer	True	type=integer, minimum=0, maximum=99999999999999, REQUIRED	
ITR.ITR4.Schedule80D.Sec80DSelfFamSrCtznHealth.SeniorCitizenFlag	string	False	type=string, pattern=Y|N|S	Y - Yes; N - No; S - Not claiming for Self/ Family
ITR.ITR4.Schedule80D.Sec80DSelfFamSrCtznHealth.SelfAndFamily	integer	False	type=integer, minimum=0, maximum=25000	
ITR.ITR4.Schedule80D.Sec80DSelfFamSrCtznHealth.HealthInsPremSlfFam	integer	False	type=integer, minimum=0, maximum=99999999999999	
ITR.ITR4.Schedule80D.Sec80DSelfFamSrCtznHealth.Sec80DSelfFamHIDtls.Sch80DInsDtls[].InsurerName	string	True	type=string, maxLength=125, REQUIRED	
ITR.ITR4.Schedule80D.Sec80DSelfFamSrCtznHealth.Sec80DSelfFamHIDtls.Sch80DInsDtls[].PolicyNo	string	True	type=string, maxLength=75, REQUIRED	
ITR.ITR4.Schedule80D.Sec80DSelfFamSrCtznHealth.Sec80DSelfFamHIDtls.Sch80DInsDtls[].HealthInsAmt	integer	True	type=integer, minimum=0, maximum=99999999999999, REQUIRED	
ITR.ITR4.Schedule80D.Sec80DSelfFamSrCtznHealth.Sec80DSelfFamHIDtls.TotalPayments	integer	True	type=integer, minimum=0, maximum=99999999999999, REQUIRED	
ITR.ITR4.Schedule80D.Sec80DSelfFamSrCtznHealth.PrevHlthChckUpSlfFam	integer	False	type=integer, minimum=0, maximum=5000	
ITR.ITR4.Schedule80D.Sec80DSelfFamSrCtznHealth.SelfAndFamilySeniorCitizen	integer	False	type=integer, minimum=0, maximum=50000	
ITR.ITR4.Schedule80D.Sec80DSelfFamSrCtznHealth.HlthInsPremSlfFamSrCtzn	integer	False	type=integer, minimum=0, maximum=99999999999999	
ITR.ITR4.Schedule80D.Sec80DSelfFamSrCtznHealth.Sec80DSelfFamSrCtznHIDtls.Sch80DInsDtls[].InsurerName	string	True	type=string, maxLength=125, REQUIRED	
ITR.ITR4.Schedule80D.Sec80DSelfFamSrCtznHealth.Sec80DSelfFamSrCtznHIDtls.Sch80DInsDtls[].PolicyNo	string	True	type=string, maxLength=75, REQUIRED	
ITR.ITR4.Schedule80D.Sec80DSelfFamSrCtznHealth.Sec80DSelfFamSrCtznHIDtls.Sch80DInsDtls[].HealthInsAmt	integer	True	type=integer, minimum=0, maximum=99999999999999, REQUIRED	
ITR.ITR4.Schedule80D.Sec80DSelfFamSrCtznHealth.Sec80DSelfFamSrCtznHIDtls.TotalPayments	integer	True	type=integer, minimum=0, maximum=99999999999999, REQUIRED	
ITR.ITR4.Schedule80D.Sec80DSelfFamSrCtznHealth.PrevHlthChckUpSlfFamSrCtzn	integer	False	type=integer, minimum=0, maximum=5000	
ITR.ITR4.Schedule80D.Sec80DSelfFamSrCtznHealth.MedicalExpSlfFamSrCtzn	integer	False	type=integer, minimum=0, maximum=99999999999999	
ITR.ITR4.Schedule80D.Sec80DSelfFamSrCtznHealth.ParentsSeniorCitizenFlag	string	False	type=string, pattern=Y|N|P	Y - Yes; N - No; P - Not claiming for Parents
ITR.ITR4.Schedule80D.Sec80DSelfFamSrCtznHealth.Parents	integer	False	type=integer, minimum=0, maximum=25000	
ITR.ITR4.Schedule80D.Sec80DSelfFamSrCtznHealth.HlthInsPremParents	integer	False	type=integer, minimum=0, maximum=99999999999999	
ITR.ITR4.Schedule80D.Sec80DSelfFamSrCtznHealth.Sec80DParentsHIDtls.Sch80DInsDtls[].InsurerName	string	True	type=string, maxLength=125, REQUIRED	
ITR.ITR4.Schedule80D.Sec80DSelfFamSrCtznHealth.Sec80DParentsHIDtls.Sch80DInsDtls[].PolicyNo	string	True	type=string, maxLength=75, REQUIRED	
ITR.ITR4.Schedule80D.Sec80DSelfFamSrCtznHealth.Sec80DParentsHIDtls.Sch80DInsDtls[].HealthInsAmt	integer	True	type=integer, minimum=0, maximum=99999999999999, REQUIRED	
ITR.ITR4.Schedule80D.Sec80DSelfFamSrCtznHealth.Sec80DParentsHIDtls.TotalPayments	integer	True	type=integer, minimum=0, maximum=99999999999999, REQUIRED	
ITR.ITR4.Schedule80D.Sec80DSelfFamSrCtznHealth.PrevHlthChckUpParents	integer	False	type=integer, minimum=0, maximum=5000	
ITR.ITR4.Schedule80D.Sec80DSelfFamSrCtznHealth.ParentsSeniorCitizen	integer	False	type=integer, minimum=0, maximum=50000	
ITR.ITR4.Schedule80D.Sec80DSelfFamSrCtznHealth.HlthInsPremParentsSrCtzn	integer	False	type=integer, minimum=0, maximum=99999999999999	
ITR.ITR4.Schedule80D.Sec80DSelfFamSrCtznHealth.Sec80DParentsSrCtznHIDtls.Sch80DInsDtls[].InsurerName	string	True	type=string, maxLength=125, REQUIRED	
ITR.ITR4.Schedule80D.Sec80DSelfFamSrCtznHealth.Sec80DParentsSrCtznHIDtls.Sch80DInsDtls[].PolicyNo	string	True	type=string, maxLength=75, REQUIRED	
ITR.ITR4.Schedule80D.Sec80DSelfFamSrCtznHealth.Sec80DParentsSrCtznHIDtls.Sch80DInsDtls[].HealthInsAmt	integer	True	type=integer, minimum=0, maximum=99999999999999, REQUIRED	
ITR.ITR4.Schedule80D.Sec80DSelfFamSrCtznHealth.Sec80DParentsSrCtznHIDtls.TotalPayments	integer	True	type=integer, minimum=0, maximum=99999999999999, REQUIRED	
ITR.ITR4.Schedule80D.Sec80DSelfFamSrCtznHealth.PrevHlthChckUpParentsSrCtzn	integer	False	type=integer, minimum=0, maximum=5000	
ITR.ITR4.Schedule80D.Sec80DSelfFamSrCtznHealth.MedicalExpParentsSrCtzn	integer	False	type=integer, minimum=0, maximum=99999999999999	
ITR.ITR4.Schedule80D.Sec80DSelfFamSrCtznHealth.EligibleAmountOfDedn	integer	True	type=integer, minimum=0, maximum=100000, REQUIRED	
ITR.ITR4.TaxExmpIntIncDtls.OthersInc.OthersIncDtls[].NatureDesc	string	True	type=string, pattern=|(\s*([\w\d_=!@#$%\^*\(\){}\[\]\|\\:;',\.\?/~`\-\+<>&"][\s\w\d_=!@#$%\^*\(\){}\[\]\|\\:;',\.\?/~`\-\+<>&"]*)\s*), enum=['AGRI', '10(10BC)', '10(10D)', '10(11)', '10(12)', '10(12C)', '10(13)', '10(16)', '10(17)', '10(17A)', '10(18)', 'DMDP', '10(19)', '10(26)', '10(26AAA)', 'OTH'…], REQUIRED	AGRI : Agriculture Income (<= Rs.5000); 10(10BC): Sec 10(10BC)-Any amount from the Central/State Govt./local authority by way of compensation on account of any disaster; 10(10D) : Sec 10(10D)- Any sum received under a life insurance policy, including the sum allocated by way of bonus on such policy except sum as mentioned in sub-clause (a) to (d) of Sec.10(10D); 10(11) : Sec 10(11)-Statuory Provident Fund received; 10(12) : Sec 10(12)-Recognised Provident Fund received; 10(12C) : Sec 10(12C)-Any payment from the Agniveer Corpus Fund to a person enrolled under the Agnipath Scheme, or to his nominee.; 10(13) : Sec 10(13)-Approved superannuation fund received; 10(16) : Sec 10(16)-Scholarships granted to meet the cost of education; 10(17) : Sec 10(17)-Allownace MP/MLA/MLC; 10(17A) : Sec 10(17A)-Award instituted by Government; 10(18) : Sec 10(18)-Pension received by winner of "Param Vir Chakra" or "Maha Vir Chakra" or "Vir Chakra" or such other gallantry award; DMDP : Defense medical disability pension; 10(19) : Sec 10(19)-Armed Forces Family pension in case of death during operational duty; 10(26) : Sec 10(26)-Any income as referred to in section 10(26); 10(26AAA): Sec 10(26AAA)-Any income as referred to in section 10(26AAA); OTH : Any Other
ITR.ITR4.TaxExmpIntIncDtls.OthersInc.OthersIncDtls[].OthNatOfInc	string	False	type=string, maxLength=125, pattern=|(\s*([\w\d_=!@#$%\^*\(\){}\[\]\|\\:;',\.\?/~`\-\+<>&"][\s\w\d_=!@#$%\^*\(\){}\[\]\|\\:;',\.\?/~`\-\+<>&"]*)\s*)	
ITR.ITR4.TaxExmpIntIncDtls.OthersInc.OthersIncDtls[].OthAmount	integer	True	type=integer, minimum=0, maximum=99999999999999, REQUIRED	
ITR.ITR4.TaxExmpIntIncDtls.OthersInc.OthersTotalTaxExe	integer	True	type=integer, minimum=0, maximum=99999999999999, REQUIRED	
ITR.ITR4.LTCG112A.TotSaleCnsdrn	integer	True	type=integer, minimum=0, maximum=99999999999999, REQUIRED	
ITR.ITR4.LTCG112A.TotCstAcqisn	integer	True	type=integer, minimum=0, maximum=99999999999999, REQUIRED	
ITR.ITR4.LTCG112A.LongCap112A	integer	True	type=integer, minimum=0, maximum=125000, REQUIRED	
ITR.ITR4.Verification.Declaration.AssesseeVerName	string	True	type=string, minLength=1, maxLength=125, pattern=|(\s*([\w\d_=!@#$%\^*\(\){}\[\]\|\\:;',\.\?/~`\-\+<>&"][\s\w\d_=!@#$%\^*\(\){}\[\]\|\\:;',\.\?/~`\-\+<>&"]*)\s*), REQUIRED	
ITR.ITR4.Verification.Declaration.FatherName	string	True	type=string, minLength=1, maxLength=125, pattern=|(\s*([\w\d_=!@#$%\^*\(\){}\[\]\|\\:;',\.\?/~`\-\+<>&"][\s\w\d_=!@#$%\^*\(\){}\[\]\|\\:;',\.\?/~`\-\+<>&"]*)\s*), REQUIRED	
ITR.ITR4.Verification.Declaration.AssesseeVerPAN	string	True	type=string, pattern=[A-Z]{5}[0-9]{4}[A-Z], REQUIRED	
ITR.ITR4.Verification.Capacity	string	True	type=string, enum=['S', 'R', 'K', 'P'], REQUIRED	S : Self; R : Representative; K : Karta; P : Partner
ITR.ITR4.Verification.Place	string	True	type=string, minLength=1, maxLength=50, pattern=|(\s*([\w\d_=!@#$%\^*\(\){}\[\]\|\\:;',\.\?/~`\-\+<>&"][\s\w\d_=!@#$%\^*\(\){}\[\]\|\\:;',\.\?/~`\-\+<>&"]*)\s*), REQUIRED	
ITR.ITR4.TaxReturnPreparer.IdentificationNoOfTRP	string	True	type=string, pattern=[T][0-9]{9}|[0-9]{6}, REQUIRED	
ITR.ITR4.TaxReturnPreparer.NameOfTRP	string	True	type=string, minLength=1, maxLength=125, pattern=|(\s*([\w\d_=!@#$%\^*\(\){}\[\]\|\\:;',\.\?/~`\-\+<>&"][\s\w\d_=!@#$%\^*\(\){}\[\]\|\\:;',\.\?/~`\-\+<>&"]*)\s*), REQUIRED	
ITR.ITR4.TaxReturnPreparer.ReImbFrmGov	integer	False	type=integer, minimum=0, maximum=99999999999999	
ITR.ITR4.ScheduleBP.NatOfBus44AD[].NameOfBusiness	string	True	type=string, minLength=1, maxLength=75, pattern=|(\s*([\w\d_=!@#$%\^*\(\){}\[\]\|\\:;',\.\?/~`\-\+<>&"][\s\w\d_=!@#$%\^*\(\){}\[\]\|\\:;',\.\?/~`\-\+<>&"]*)\s*), REQUIRED	
ITR.ITR4.ScheduleBP.NatOfBus44AD[].CodeAD	string	True	type=string, pattern=|(\s*([\w\d_=!@#$%\^*\(\){}\[\]\|\\:;',\.\?/~`\-\+<>&"][\s\w\d_=!@#$%\^*\(\){}\[\]\|\\:;',\.\?/~`\-\+<>&"]*)\s*), enum=['01001', '01002', '01003', '01004', '01005', '01006', '01007', '01008', '01009', '01010', '01011', '01012', '01013', '01014', '01015', '01016', '01017', '01018…], REQUIRED	01001 - Growing and manufacturing of tea , 01002 - Growing and manufacturing of coffee , 01003 - Growing and manufacturing of rubber , 01004 - Market gardening and horticulture specialties , 01005 - Raising of silk worms and production of silk , 01006 - Raising of bees and production of honey , 01007 - Raising of poultry and production of eggs , 01008 - Rearing of sheep and production of wool , 01009 - Rearing of animals and production of animal products , 01010 - Agricultural and animal husbandry services , 01011 - Soil conservation, soil testing and soil desalination services , 01012 - Hunting, trapping and game propagation services , 01013 - Growing of timber, plantation, operation of tree nurseries and conserving of forest , 01014 - Gathering of tendu leaves , 01015 - Gathering of other wild growing materials , 01016 - Forestry service activities, timber cruising, afforestation and reforestation , 01017 - Logging service activities, transport of logs within the forest , 01018 - Other agriculture, animal husbandry or forestry activity n.e.c , 02001 - Fishing on commercial basis in inland waters , 02002 - Fishing on commercial basis in ocean and coastal areas , 02003 - Fish farming , 02004 - Gathering of marine materials such as natural pearls, sponges, coral etc. , 02005 - Services related to marine and fresh water fisheries, fish hatcheries and fish farms , 02006 - Other Fish farming activity n.e.c , 03001 - Mining and agglomeration of hard coal , 03002 - Mining and agglomeration of lignite , 03003 - Extraction and agglomeration of peat , 03004 - Extraction of crude petroleum and natural gas , 03005 - Service activities incidental to oil and gas extraction excluding surveying , 03006 - Mining of uranium and thorium ores , 03007 - Mining of iron ores , 03008 - Mining of non-ferrous metal ores, except uranium and thorium ores , 03009 - Mining of gemstones , 03010 - Mining of chemical and fertilizer minerals , 03011 - Mining of quarrying of abrasive materials , 03012 - Mining of mica, graphite and asbestos , 03013 - Quarrying of stones (marble/granite/dolomite), sand and clay , 03014 - Other mining and quarrying , 03015 - Mining and production of salt , 03016 - Other mining and quarrying n.e.c , 04001 - Production, processing and preservation of meat and meat products , 04002 - Production, processing and preservation of fish and fish products , 04003 - Manufacture of vegetable oil, animal oil and fats , 04004 - Processing of fruits, vegetables and edible nuts , 04005 - Manufacture of dairy products , 04006 - Manufacture of sugar , 04007 - Manufacture of cocoa, chocolates and sugar confectionery , 04008 - Flour milling , 04009 - Rice milling , 04010 - Dal milling , 04011 - Manufacture of other grain mill products , 04012 - Manufacture of bakery products , 04013 - Manufacture of starch products , 04014 - Manufacture of animal feeds , 04015 - Manufacture of other food products , 04016 - Manufacturing of wines , 04017 - Manufacture of beer , 04018 - Manufacture of malt liquors , 04019 - Distilling and blending of spirits, production of ethyl alcohol , 04020 - Manufacture of mineral water , 04021 - Manufacture of soft drinks , 04022 - Manufacture of other non-alcoholic beverages , 04023 - Manufacture of tobacco products , 04024 - Manufacture of textiles (other than by handloom) , 04025 - Manufacture of textiles using handlooms (khadi) , 04026 - Manufacture of carpet, rugs, blankets, shawls etc. (other than by hand) , 04027 - Manufacture of carpet, rugs, blankets, shawls etc. by hand , 04028 - Manufacture of wearing apparel , 04029 - Tanning and dressing of leather , 04030 - Manufacture of luggage, handbags and the like saddler and harness , 04031 - Manufacture of footwear , 04032 - Manufacture of wood and wood products, cork, straw and plaiting material , 04033 - Manufacture of paper and paper products , 04034 - Publishing, printing and reproduction of recorded media , 04035 - Manufacture of coke oven products , 04036 - Manufacture of refined petroleum products , 04037 - Processing of nuclear fuel , 04038 - Manufacture of fertilizers and nitrogen compounds , 04039 - Manufacture of plastics in primary forms and of synthetic rubber , 04040 - Manufacture of paints, varnishes and similar coatings , 04041 - Manufacture of pharmaceuticals, medicinal chemicals and botanical products , 04042 - Manufacture of soap and detergents , 04043 - Manufacture of other chemical products , 04044 - Manufacture of man-made fibers , 04045 - Manufacture of rubber products , 04046 - Manufacture of plastic products , 04047 - Manufacture of glass and glass products , 04048 - Manufacture of cement, lime and plaster , 04049 - Manufacture of articles of concrete, cement and plaster , 04050 - Manufacture of Bricks , 04051 - Manufacture of other clay and ceramic products , 04052 - Manufacture of other non-metallic mineral products , 04053 - Manufacture of pig iron, sponge iron, Direct Reduced Iron etc. , 04054 - Manufacture of Ferro alloys , 04055 - Manufacture of Ingots, billets, blooms and slabs etc. , 04056 - Manufacture of steel products , 04057 - Manufacture of basic precious and non-ferrous metals , 04058 - Manufacture of non-metallic mineral products , 04059 - Casting of metals , 04060 - Manufacture of fabricated metal products , 04061 - Manufacture of engines and turbines , 04062 - Manufacture of pumps and compressors , 04063 - Manufacture of bearings and gears , 04064 - Manufacture of ovens and furnaces , 04065 - Manufacture of lifting and handling equipment , 04066 - Manufacture of other general purpose machinery , 04067 - Manufacture of agricultural and forestry machinery , 04068 - Manufacture of Machine Tools , 04069 - Manufacture of machinery for metallurgy , 04070 - Manufacture of machinery for mining, quarrying and constructions , 04071 - Manufacture of machinery for processing of food and beverages , 04072 - Manufacture of machinery for leather and textile , 04073 - Manufacture of weapons and ammunition , 04074 - Manufacture of other special purpose machinery , 04075 - Manufacture of domestic appliances , 04076 - Manufacture of office, accounting and computing machinery , 04077 - Manufacture of electrical machinery and apparatus , 04078 - Manufacture of Radio, Television, communication equipment and apparatus , 04079 - Manufacture of medical and surgical equipment , 04080 - Manufacture of industrial process control equipment , 04081 - Manufacture of instruments and appliances for measurements and navigation , 04082 - Manufacture of optical instruments , 04083 - Manufacture of watches and clocks , 04084 - Manufacture of motor vehicles , 04085 - Manufacture of body of motor vehicles , 04086 - Manufacture of parts and accessories of motor vehicles and engines , 04087 - Building and repair of ships and boats , 04088 - Manufacture of railway locomotive and rolling stocks , 04089 - Manufacture of aircraft and spacecraft , 04090 - Manufacture of bicycles , 04091 - Manufacture of other transport equipment , 04092 - Manufacture of furniture , 04093 - Manufacture of jewellery , 04094 - Manufacture of sports goods , 04095 - Manufacture of musical instruments , 04096 - Manufacture of games and toys , 04097 - Other manufacturing n.e.c. , 04098 - Recycling of metal waste and scrap , 04099 - Recycling of non- metal waste and scrap , 05001 - Production, collection and distribution of electricity , 05002 - Manufacture and distribution of gas , 05003 - Collection, purification and distribution of water , 05004 - Other essential commodity service n.e.c , 06001 - Site preparation works , 06002 - Building of complete constructions or parts- civil contractors , 06003 - Building installation , 06004 - Building completion , 06005 - Construction and maintenance of roads, rails, bridges, tunnels, ports, harbour, runways etc. , 06006 - Construction and maintenance of power plants , 06007 - Construction and maintenance of industrial plants , 06008 - Construction and maintenance of power transmission and telecommunication lines , 06009 - Construction of water ways and water reservoirs , 06010 - Other construction activity n.e.c. , 07001 - Purchase, sale and letting of leased buildings (residential and non-residential) , 07002 - Operating of real estate of self-owned buildings (residential and non-residential) , 07003 - Developing and sub-dividing real estate into lots , 07004 - Real estate activities on a fee or contract basis , 07005 - Other real estate/renting services n.e.c , 08001 - Renting of land transport equipment , 08002 - Renting of water transport equipment , 08003 - Renting of air transport equipment , 08004 - Renting of agricultural machinery and equipment , 08005 - Renting of construction and civil engineering machinery , 08006 - Renting of office machinery and equipment , 08007 - Renting of other machinery and equipment n.e.c. , 08008 - Renting of personal and household goods n.e.c. , 08009 - Renting of other machinery n.e.c. , 09001 - Wholesale and retail sale of motor vehicles , 09002 - Repair and maintenance of motor vehicles , 09003 - Sale of motor parts and accessories- wholesale and retail , 09004 - Retail sale of automotive fuel , 09006 - Wholesale of agricultural raw material , 09007 - Wholesale of food and beverages and tobacco , 09008 - Wholesale of household goods , 09009 - Wholesale of metals and metal ores , 09010 - Wholesale of household goods , 09011 - Wholesale of construction material , 09012 - Wholesale of hardware and sanitary fittings , 09013 - Wholesale of cotton and jute , 09014 - Wholesale of raw wool and raw silk , 09015 - Wholesale of other textile fibres , 09016 - Wholesale of industrial chemicals , 09017 - Wholesale of fertilizers and pesticides , 09018 - Wholesale of electronic parts and equipment , 09019 - Wholesale of other machinery, equipment and supplies , 09020 - Wholesale of waste, scrap and materials for re-cycling , 09021 - Retail sale of food, beverages and tobacco in specialized stores , 09022 - Retail sale of other goods in specialized stores , 09023 - Retail sale in non-specialized stores , 09024 - Retail sale of textiles, apparel, footwear, leather goods , 09025 - Retail sale of other household appliances , 09026 - Retail sale of hardware, paint and glass , 09027 - Wholesale of other products n.e.c , 09028 - Retail sale of other products n.e.c , 09029 - Commission agents - Kachcha Arahtia, 10001 - Hotels – Star rated , 10002 - Hotels – Non-star rated , 10003 - Motels, Inns and Dharmshalas , 10004 - Guest houses and circuit houses , 10005 - Dormitories and hostels at educational institutions , 10006 - Short stay accommodations n.e.c. , 10007 - Restaurants – with bars , 10008 - Restaurants – without bars , 10009 - Canteens , 10010 - Independent caterers , 10011 - Casinos and other games of chance , 10012 - Other hospitality services n.e.c. , 11001 - Travel agencies and tour operators , 11002 - Packers and movers , 11003 - Passenger land transport , 11004 - Air transport , 11005 - Transport by urban/sub-urban railways , 11006 - Inland water transport , 11007 - Sea and coastal water transport , 11008 - Freight transport by road , 11009 - Freight transport by railways , 11010 - Forwarding of freight , 11011 - Receiving and acceptance of freight , 11012 - Cargo handling , 11013 - Storage and warehousing , 11014 - Transport via pipelines (transport of gases, liquids, slurry and other commodities) , 11015 - Other Transport and Logistics services n.e.c , 12001 - Post and courier activities , 12002 - Basic telecom services , 12003 - Value added telecom services , 12004 - Maintenance of telecom network , 12005 - Activities of the cable operators , 12006 - Other Post and Telecommunication services n.e.c , 13001 - Commercial banks, saving banks and discount houses , 13002 - Specialised institutions granting credit , 13003 - Financial leasing , 13004 - Hire-purchase financing , 13005 - Housing finance activities , 13006 - Commercial loan activities , 13007 - Credit cards , 13008 - Mutual funds , 13009 - Chit fund , 13010 - Investment activities , 13011 - Life insurance , 13012 - Pension funding , 13013 - Non-life insurance , 13014 - Administration of financial markets , 13015 - Stock brokers, sub-brokers and related activities , 13016 - Financial advisers, mortgage advisers and brokers , 13017 - Foreign exchange services , 13018 - Other financial intermediation services n.e.c. , 14007 - Cyber café , 14009 - Computer training and educational institutes , 14010 - Other computation related services n.e.c. , 15001 - Natural sciences and engineering , 15002 - Social sciences and humanities , 15003 - Other Research and Development activities n.e.c. , 16006 - Advertising , 16010 - Auctioneers , 16012 - Market research and public opinion polling , 16014 - Labour recruitment and provision of personnel , 16015 - Investigation and security services , 16016 - Building-cleaning and industrial cleaning activities , 16017 - Packaging activities , 16019 - Other professional services n.e.c. , 17001 - Primary education , 17002 - Secondary/ senior secondary education , 17003 - Technical and vocational secondary/ senior secondary education , 17004 - Higher education , 17005 - Education by correspondence , 17006 - Coaching centres and tuitions , 17007 - Other education services n.e.c. , 18006 - Independent blood banks , 18007 - Medical transcription , 18008 - Independent ambulance services , 18009 - Medical suppliers, agencies and stores , 19001 - Social work activities with accommodation (orphanages and old age homes) , 19002 - Social work activities without accommodation (Creches) , 19003 - Industry associations, chambers of commerce , 19004 - Professional organisations , 19005 - Trade unions , 19006 - Religious organizations , 19007 - Political organisations , 19008 - Other membership organisations n.e.c. (rotary clubs, book clubs and philatelic clubs) , 19009 - Other Social or community service n.e.c , 20001 - Motion picture production , 20002 - Film distribution , 20003 - Film laboratories , 20004 - Television channel productions , 20005 - Television channels broadcast , 20006 - Video production and distribution , 20007 - Sound recording studios , 20008 - Radio - recording and distribution , 20009 - Stage production and related activities , 20013 - Circuses and race tracks , 20014 - Video Parlours , 20015 - News agency activities , 20016 - Library and archives activities , 20017 - Museum activities , 20018 - Preservation of historical sites and buildings , 20019 - Botanical and zoological gardens , 20020 - Operation and maintenance of sports facilities , 20021 - Activities of sports and game schools , 20022 - Organisation and operation of indoor/outdoor sports and promotion and production of sporting events , 20023_1 - Sports Management, 20023 - Other sporting activities n.e.c. , 20024 - Other recreational activities n.e.c. , 21001 - Hair dressing and other beauty treatment , 21002 - Funeral and related activities , 21003 - Marriage bureaus , 21004 - Pet care services , 21005 - Sauna and steam baths, massage salons etc. , 21006 - Astrological and spiritualists’ activities , 21007 - Private households as employers of domestic staff , 21008_1 - Event Management, 21008 - Other services n.e.c. , 21009 - Speculative trading , 21010 - Futures and Options trading , 21011 - Buying and selling shares, 22001 - Extra territorial organisations and bodies (IMF, World Bank,European Commission etc.)
ITR.ITR4.ScheduleBP.NatOfBus44AD[].Description	string	False	type=string, maxLength=75, pattern=|(\s*([\w\d_=!@#$%\^*\(\){}\[\]\|\\:;',\.\?/~`\-\+<>&"][\s\w\d_=!@#$%\^*\(\){}\[\]\|\\:;',\.\?/~`\-\+<>&"]*)\s*)	
ITR.ITR4.ScheduleBP.PersumptiveInc44AD.GrsTotalTrnOver	integer	True	type=integer, minimum=0, maximum=30000000, REQUIRED	
ITR.ITR4.ScheduleBP.PersumptiveInc44AD.GrsTrnOverBank	integer	False	type=integer, minimum=0, maximum=30000000	
ITR.ITR4.ScheduleBP.PersumptiveInc44AD.GrsTotalTrnOverInCash	integer	False	type=integer, minimum=0, maximum=30000000	
ITR.ITR4.ScheduleBP.PersumptiveInc44AD.GrsTrnOverAnyOthMode	integer	False	type=integer, minimum=0, maximum=30000000	
ITR.ITR4.ScheduleBP.PersumptiveInc44AD.PersumptiveInc44AD6Per	integer	False	type=integer, minimum=0, maximum=30000000	
ITR.ITR4.ScheduleBP.PersumptiveInc44AD.PersumptiveInc44AD8Per	integer	False	type=integer, minimum=0, maximum=30000000	
ITR.ITR4.ScheduleBP.PersumptiveInc44AD.TotPersumptiveInc44AD	integer	True	type=integer, minimum=0, maximum=30000000, REQUIRED	
ITR.ITR4.ScheduleBP.NatOfBus44ADA[].NameOfBusiness	string	True	type=string, minLength=1, maxLength=75, pattern=|(\s*([\w\d_=!@#$%\^*\(\){}\[\]\|\\:;',\.\?/~`\-\+<>&"][\s\w\d_=!@#$%\^*\(\){}\[\]\|\\:;',\.\?/~`\-\+<>&"]*)\s*), REQUIRED	
ITR.ITR4.ScheduleBP.NatOfBus44ADA[].CodeADA	string	True	type=string, pattern=|(\s*([\w\d_=!@#$%\^*\(\){}\[\]\|\\:;',\.\?/~`\-\+<>&"][\s\w\d_=!@#$%\^*\(\){}\[\]\|\\:;',\.\?/~`\-\+<>&"]*)\s*), enum=['14001', '14002', '14003', '14004', '14005', '14006', '14008', '16001', '16002', '16003', '16004', '16005', '16007', '16008', '16009', '16013', '16018', '16019…], REQUIRED	14001 - Software development , 14002 - Other software consultancy , 14003 - Data processing , 14004 - Database activities and distribution of electronic content , 14005 - Other IT enabled services , 14006 - BPO services , 14008 - Maintenance and repair of office, accounting and computing machinery , 16001 - Legal profession , 16002 - Accounting, book-keeping and auditing profession , 16003 - Tax consultancy , 16004 - Architectural profession , 16005 - Engineering and technical consultancy , 16007 - Fashion designing , 16008 - Interior decoration , 16009 - Photography , 16013 - Business and management consultancy activities , 16018 - Secretarial activities , 16019_1 - Medical Profession, 16020 - Film Artist, 16021 - Social Media Influencers , 18001 - General hospitals , 18002 - Speciality and super speciality hospitals , 18003 - Nursing homes , 18004 - Diagnostic centres , 18005 - Pathological laboratories , 18010 - Medical clinics , 18011 - Dental practice , 18012 - Ayurveda practice , 18013 - Unani practice , 18014 - Homeopathy practice , 18015 - Nurses, physiotherapists or other para-medical practitioners , 18016 - Veterinary hospitals and practice , 18017 - Medical education , 18018 - Medical research , 18019 - Practice of other alternative medicine, 18020 - Other healthcare services , 20010 - Individual artists excluding authors , 20011 - Literary activities , 20012 - Other cultural activities n.e.c.
ITR.ITR4.ScheduleBP.NatOfBus44ADA[].Description	string	False	type=string, maxLength=75, pattern=|(\s*([\w\d_=!@#$%\^*\(\){}\[\]\|\\:;',\.\?/~`\-\+<>&"][\s\w\d_=!@#$%\^*\(\){}\[\]\|\\:;',\.\?/~`\-\+<>&"]*)\s*)	
ITR.ITR4.ScheduleBP.PersumptiveInc44ADA.GrsReceipt	integer	True	type=integer, minimum=0, maximum=7500000, REQUIRED	
ITR.ITR4.ScheduleBP.PersumptiveInc44ADA.GrsTrnOverBank44ADA	integer	False	type=integer, minimum=0, maximum=7500000	
ITR.ITR4.ScheduleBP.PersumptiveInc44ADA.GrsTotalTrnOverInCash44ADA	integer	False	type=integer, minimum=0, maximum=7500000	
ITR.ITR4.ScheduleBP.PersumptiveInc44ADA.GrsTrnOverAnyOthMode44ADA	integer	False	type=integer, minimum=0, maximum=7500000	
ITR.ITR4.ScheduleBP.PersumptiveInc44ADA.TotPersumptiveInc44ADA	integer	True	type=integer, minimum=0, maximum=7500000, REQUIRED	
ITR.ITR4.ScheduleBP.NatOfBus44AE[].NameOfBusiness	string	True	type=string, minLength=1, maxLength=75, pattern=|(\s*([\w\d_=!@#$%\^*\(\){}\[\]\|\\:;',\.\?/~`\-\+<>&"][\s\w\d_=!@#$%\^*\(\){}\[\]\|\\:;',\.\?/~`\-\+<>&"]*)\s*), REQUIRED	
ITR.ITR4.ScheduleBP.NatOfBus44AE[].CodeAE	string	True	type=string, pattern=|(\s*([\w\d_=!@#$%\^*\(\){}\[\]\|\\:;',\.\?/~`\-\+<>&"][\s\w\d_=!@#$%\^*\(\){}\[\]\|\\:;',\.\?/~`\-\+<>&"]*)\s*), enum=['08001', '11002', '11008', '11010', '11011', '11012', '11015'], REQUIRED	08001 - Renting of land transport equipment, 11002 - Packers and movers, 11008 - Freight transport by road, 11010 - Forwarding of freight, 11011 - Receiving and acceptance of freight, 11012 - Cargo handling, 11015 - Other Transport and Logistics services n.e.c
ITR.ITR4.ScheduleBP.NatOfBus44AE[].Description	string	False	type=string, maxLength=75, pattern=|(\s*([\w\d_=!@#$%\^*\(\){}\[\]\|\\:;',\.\?/~`\-\+<>&"][\s\w\d_=!@#$%\^*\(\){}\[\]\|\\:;',\.\?/~`\-\+<>&"]*)\s*)	
ITR.ITR4.ScheduleBP.GoodsDtlsUs44AE[].RegNumberGoodsCarriage	string	True	type=string, minLength=1, maxLength=11, pattern=|(\s*([\w\d_=!@#$%\^*\(\){}\[\]\|\\:;',\.\?/~`\-\+<>&"][\s\w\d_=!@#$%\^*\(\){}\[\]\|\\:;',\.\?/~`\-\+<>&"]*)\s*), REQUIRED	
ITR.ITR4.ScheduleBP.GoodsDtlsUs44AE[].OwnedLeasedHiredFlag	string	True	type=string, enum=['OWN', 'LEASE', 'HIRED'], REQUIRED	OWN : Owned; LEASE : Leased; HIRED : Hired
ITR.ITR4.ScheduleBP.GoodsDtlsUs44AE[].TonnageCapacity	integer	True	type=integer, minimum=0, maximum=100, REQUIRED	
ITR.ITR4.ScheduleBP.GoodsDtlsUs44AE[].HoldingPeriod	integer	True	type=integer, minimum=1, maximum=12, REQUIRED	Holding period in months.
ITR.ITR4.ScheduleBP.GoodsDtlsUs44AE[].PresumptiveIncome	integer	True	type=integer, minimum=7500, maximum=99999999999999, REQUIRED	
ITR.ITR4.ScheduleBP.PersumptiveInc44AE.TotPersumInc44AE	integer	True	type=integer, minimum=0, maximum=99999999999999, REQUIRED	
ITR.ITR4.ScheduleBP.PersumptiveInc44AE.SalInterestByFirm	integer	False	type=integer, minimum=0, maximum=99999999999999	
ITR.ITR4.ScheduleBP.PersumptiveInc44AE.TotalPersumptiveInc	integer	True	type=integer, minimum=0, maximum=99999999999999, REQUIRED	
ITR.ITR4.ScheduleBP.PersumptiveInc44AE.IncChargeableUnderBus	integer	True	type=integer, maximum=99999999999999, REQUIRED	
ITR.ITR4.ScheduleBP.TurnoverGrsRcptForGSTIN[].GSTINNo	string	True	type=string, pattern=[0-9]{2}[A-Z]{5}[0-9]{4}[A-Z][0-9A-Z]{3}, REQUIRED	
ITR.ITR4.ScheduleBP.TurnoverGrsRcptForGSTIN[].AmtTurnGrossRcptGSTIN	integer	True	type=integer, minimum=0, maximum=99999999999999, REQUIRED	
ITR.ITR4.ScheduleBP.TotalTurnoverGrsRcptGSTIN	integer	False	type=integer, minimum=0, maximum=99999999999999	
ITR.ITR4.ScheduleBP.FinanclPartclrOfBusiness.PartnerMemberOwnCapital	integer	False	type=integer, minimum=0, maximum=99999999999999	
ITR.ITR4.ScheduleBP.FinanclPartclrOfBusiness.SecuredLoans	integer	False	type=integer, minimum=0, maximum=99999999999999	
ITR.ITR4.ScheduleBP.FinanclPartclrOfBusiness.UnSecuredLoans	integer	False	type=integer, minimum=0, maximum=99999999999999	
ITR.ITR4.ScheduleBP.FinanclPartclrOfBusiness.Advances	integer	False	type=integer, minimum=0, maximum=99999999999999	
ITR.ITR4.ScheduleBP.FinanclPartclrOfBusiness.SundryCreditors	integer	False	type=integer, minimum=0, maximum=99999999999999	
ITR.ITR4.ScheduleBP.FinanclPartclrOfBusiness.OthrCurrLiab	integer	False	type=integer, minimum=0, maximum=99999999999999	
ITR.ITR4.ScheduleBP.FinanclPartclrOfBusiness.TotCapLiabilities	integer	False	type=integer, minimum=0, maximum=99999999999999	
ITR.ITR4.ScheduleBP.FinanclPartclrOfBusiness.FixedAssets	integer	False	type=integer, minimum=0, maximum=99999999999999	
ITR.ITR4.ScheduleBP.FinanclPartclrOfBusiness.Inventories	integer	False	type=integer, minimum=0, maximum=99999999999999	
ITR.ITR4.ScheduleBP.FinanclPartclrOfBusiness.SundryDebtors	integer	False	type=integer, minimum=0, maximum=99999999999999	
ITR.ITR4.ScheduleBP.FinanclPartclrOfBusiness.BalWithBanks	integer	False	type=integer, minimum=0, maximum=99999999999999	
ITR.ITR4.ScheduleBP.FinanclPartclrOfBusiness.CashInHand	integer	False	type=integer, minimum=0, maximum=99999999999999	
ITR.ITR4.ScheduleBP.FinanclPartclrOfBusiness.LoansAndAdvances	integer	False	type=integer, minimum=0, maximum=99999999999999	
ITR.ITR4.ScheduleBP.FinanclPartclrOfBusiness.OtherAssets	integer	False	type=integer, minimum=0, maximum=99999999999999	
ITR.ITR4.ScheduleBP.FinanclPartclrOfBusiness.TotalAssets	integer	False	type=integer, minimum=0, maximum=99999999999999	
ITR.ITR4.ScheduleIT.TaxPayment[].BSRCode	string	True	type=string, pattern=[0-9]{3}[0-9A-Z]{4}, REQUIRED	
ITR.ITR4.ScheduleIT.TaxPayment[].DateDep	string	True	type=string, pattern=([12]\d{3}-(0[1-9]|1[0-2])-(0[1-9]|[12]\d|3[01])), REQUIRED	Date of deposit should be on or after 2024-04-01 in YYYY-MM-DD format
ITR.ITR4.ScheduleIT.TaxPayment[].SrlNoOfChaln	integer	True	type=integer, minimum=0, maximum=99999, REQUIRED	
ITR.ITR4.ScheduleIT.TaxPayment[].Amt	integer	True	type=integer, minimum=0, maximum=99999999999999, REQUIRED	
ITR.ITR4.ScheduleIT.TotalTaxPayments	integer	True	type=integer, minimum=0, maximum=99999999999999, REQUIRED	
ITR.ITR4.ScheduleTCS.TCS[].EmployerOrDeductorOrCollectDetl.TAN	string	True	type=string, pattern=HYD[A-Z][0-9]{5}[A-Z]|VPN[A-Z][0-9]{5}[A-Z]|BBN[A-Z][0-9]{5}[A-Z]|BPL[A-Z][0-9]{5}[A-Z]|JBP[A-Z][0-9]{5}[A-Z]|CHE[A-Z][0-9]{5}[A-Z]|CMB[A-Z][0-9]{5}[A-Z]|MRI[A-Z][0-9]{5}[A-Z]|DEL[A-Z][0-9]{5}[A-Z]|CAL[A-Z][0-9]{5}[A-Z]|MRT[A-Z][0-9]{5}[A-Z]|AHM[A-Z][0-9]{5}[A-Z]|BRD[A-Z][0-9]{5}[A-Z]|RKT[A-Z][0-9]{5}[A-Z]|SRT[A-Z][0-9]{5}[A-Z]|BLR[A-Z][0-9]{5}[A-Z]|AGR[A-Z][0-9]{5}[A-Z]|KNP[A-Z][0-9]{5}[A-Z]|CHN[A-Z][0-9]{5}[A-Z]|TVD[A-Z][0-9]{5}[A-Z]|ALD[A-Z][0-9]{5}[A-Z]|LKN[A-Z][0-9]{5}[A-Z]|MUM[A-Z][0-9]{5}[A-Z]|NGP[A-Z][0-9]{5}[A-Z]|AMR[A-Z][0-9]{5}[A-Z]|JLD[A-Z][0-9]{5}[A-Z]|PTL[A-Z][0-9]{5}[A-Z]|RTK[A-Z][0-9]{5}[A-Z]|KLP[A-Z][0-9]{5}[A-Z]|NSK[A-Z][0-9]{5}[A-Z]|PNE[A-Z][0-9]{5}[A-Z]|PTN[A-Z][0-9]{5}[A-Z]|RCH[A-Z][0-9]{5}[A-Z]|JDH[A-Z][0-9]{5}[A-Z]|JPR[A-Z][0-9]{5}[A-Z]|SHL[A-Z][0-9]{5}[A-Z], REQUIRED	
ITR.ITR4.ScheduleTCS.TCS[].EmployerOrDeductorOrCollectDetl.EmployerOrDeductorOrCollecterName	string	True	type=string, minLength=1, maxLength=125, pattern=|(\s*([\w\d_=!@#$%\^*\(\){}\[\]\|\\:;',\.\?/~`\-\+<>&"][\s\w\d_=!@#$%\^*\(\){}\[\]\|\\:;',\.\?/~`\-\+<>&"]*)\s*), REQUIRED	
ITR.ITR4.ScheduleTCS.TCS[].Amtfrom26AS	integer	True	type=integer, minimum=0, maximum=99999999999999, REQUIRED	
ITR.ITR4.ScheduleTCS.TCS[].TotalTCS	integer	True	type=integer, minimum=0, maximum=99999999999999, REQUIRED	
ITR.ITR4.ScheduleTCS.TCS[].AmtTCSClaimedThisYear	integer	True	type=integer, minimum=0, maximum=99999999999999, REQUIRED	
ITR.ITR4.ScheduleTCS.TotalSchTCS	integer	True	type=integer, minimum=0, maximum=99999999999999, REQUIRED	
ITR.ITR4.TDSonSalaries.TDSonSalary[].EmployerOrDeductorOrCollectDetl.TAN	string	True	type=string, pattern=HYD[A-Z][0-9]{5}[A-Z]|VPN[A-Z][0-9]{5}[A-Z]|BBN[A-Z][0-9]{5}[A-Z]|BPL[A-Z][0-9]{5}[A-Z]|JBP[A-Z][0-9]{5}[A-Z]|CHE[A-Z][0-9]{5}[A-Z]|CMB[A-Z][0-9]{5}[A-Z]|MRI[A-Z][0-9]{5}[A-Z]|DEL[A-Z][0-9]{5}[A-Z]|CAL[A-Z][0-9]{5}[A-Z]|MRT[A-Z][0-9]{5}[A-Z]|AHM[A-Z][0-9]{5}[A-Z]|BRD[A-Z][0-9]{5}[A-Z]|RKT[A-Z][0-9]{5}[A-Z]|SRT[A-Z][0-9]{5}[A-Z]|BLR[A-Z][0-9]{5}[A-Z]|AGR[A-Z][0-9]{5}[A-Z]|KNP[A-Z][0-9]{5}[A-Z]|CHN[A-Z][0-9]{5}[A-Z]|TVD[A-Z][0-9]{5}[A-Z]|ALD[A-Z][0-9]{5}[A-Z]|LKN[A-Z][0-9]{5}[A-Z]|MUM[A-Z][0-9]{5}[A-Z]|NGP[A-Z][0-9]{5}[A-Z]|AMR[A-Z][0-9]{5}[A-Z]|JLD[A-Z][0-9]{5}[A-Z]|PTL[A-Z][0-9]{5}[A-Z]|RTK[A-Z][0-9]{5}[A-Z]|KLP[A-Z][0-9]{5}[A-Z]|NSK[A-Z][0-9]{5}[A-Z]|PNE[A-Z][0-9]{5}[A-Z]|PTN[A-Z][0-9]{5}[A-Z]|RCH[A-Z][0-9]{5}[A-Z]|JDH[A-Z][0-9]{5}[A-Z]|JPR[A-Z][0-9]{5}[A-Z]|SHL[A-Z][0-9]{5}[A-Z], REQUIRED	
ITR.ITR4.TDSonSalaries.TDSonSalary[].EmployerOrDeductorOrCollectDetl.EmployerOrDeductorOrCollecterName	string	True	type=string, minLength=1, maxLength=125, pattern=|(\s*([\w\d_=!@#$%\^*\(\){}\[\]\|\\:;',\.\?/~`\-\+<>&"][\s\w\d_=!@#$%\^*\(\){}\[\]\|\\:;',\.\?/~`\-\+<>&"]*)\s*), REQUIRED	
ITR.ITR4.TDSonSalaries.TDSonSalary[].IncChrgSal	integer	True	type=integer, minimum=0, maximum=99999999999999, REQUIRED	
ITR.ITR4.TDSonSalaries.TDSonSalary[].TotalTDSSal	integer	True	type=integer, minimum=0, maximum=99999999999999, REQUIRED	
ITR.ITR4.TDSonSalaries.TotalTDSonSalaries	integer	True	type=integer, minimum=0, maximum=99999999999999, REQUIRED	
ITR.ITR4.TDSonOthThanSals.TDSonOthThanSalDtls[].TANOfDeductor	string	True	type=string, pattern=HYD[A-Z][0-9]{5}[A-Z]|VPN[A-Z][0-9]{5}[A-Z]|BBN[A-Z][0-9]{5}[A-Z]|BPL[A-Z][0-9]{5}[A-Z]|JBP[A-Z][0-9]{5}[A-Z]|CHE[A-Z][0-9]{5}[A-Z]|CMB[A-Z][0-9]{5}[A-Z]|MRI[A-Z][0-9]{5}[A-Z]|DEL[A-Z][0-9]{5}[A-Z]|CAL[A-Z][0-9]{5}[A-Z]|MRT[A-Z][0-9]{5}[A-Z]|AHM[A-Z][0-9]{5}[A-Z]|BRD[A-Z][0-9]{5}[A-Z]|RKT[A-Z][0-9]{5}[A-Z]|SRT[A-Z][0-9]{5}[A-Z]|BLR[A-Z][0-9]{5}[A-Z]|AGR[A-Z][0-9]{5}[A-Z]|KNP[A-Z][0-9]{5}[A-Z]|CHN[A-Z][0-9]{5}[A-Z]|TVD[A-Z][0-9]{5}[A-Z]|ALD[A-Z][0-9]{5}[A-Z]|LKN[A-Z][0-9]{5}[A-Z]|MUM[A-Z][0-9]{5}[A-Z]|NGP[A-Z][0-9]{5}[A-Z]|AMR[A-Z][0-9]{5}[A-Z]|JLD[A-Z][0-9]{5}[A-Z]|PTL[A-Z][0-9]{5}[A-Z]|RTK[A-Z][0-9]{5}[A-Z]|KLP[A-Z][0-9]{5}[A-Z]|NSK[A-Z][0-9]{5}[A-Z]|PNE[A-Z][0-9]{5}[A-Z]|PTN[A-Z][0-9]{5}[A-Z]|RCH[A-Z][0-9]{5}[A-Z]|JDH[A-Z][0-9]{5}[A-Z]|JPR[A-Z][0-9]{5}[A-Z]|SHL[A-Z][0-9]{5}[A-Z], REQUIRED	
ITR.ITR4.TDSonOthThanSals.TDSonOthThanSalDtls[].DeductedYr	string	False	type=string, pattern=|(\s*([\w\d_=!@#$%\^*\(\){}\[\]\|\\:;',\.\?/~`\-\+<>&"][\s\w\d_=!@#$%\^*\(\){}\[\]\|\\:;',\.\?/~`\-\+<>&"]*)\s*), enum=['2023', '2022', '2021', '2020', '2019', '2018', '2017', '2016', '2015', '2014', '2013', '2012', '2011', '2010', '2009', '2008']	
ITR.ITR4.TDSonOthThanSals.TDSonOthThanSalDtls[].BroughtFwdTDSAmt	integer	False	type=integer, minimum=0, maximum=99999999999999	
ITR.ITR4.TDSonOthThanSals.TDSonOthThanSalDtls[].TDSDeducted	integer	False	type=integer, minimum=0, maximum=99999999999999	
ITR.ITR4.TDSonOthThanSals.TDSonOthThanSalDtls[].TDSSection	string	True	type=string, pattern=|(\s*([\w\d_=!@#$%\^*\(\){}\[\]\|\\:;',\.\?/~`\-\+<>&"][\s\w\d_=!@#$%\^*\(\){}\[\]\|\\:;',\.\?/~`\-\+<>&"]*)\s*), enum=['92A', '92B', '92C', '192A', '193', '194', '94A', '94B', '94BA', '4BB', '94C', '94D', '4DA', '94E', '4EE', '4F', '4G', '4H', '4-IA', '4-IB', '4IA', '4IB', '4IC…], REQUIRED	92A:192- Salary-Payment to Government employees other than Indian Government employees; 92B:192- Salary-Payment to employees other than Government employees; 92C:192- Salary-Payment to Indian Government employees; 192A:192A/2AA- TDS on PF withdrawal; 193:193- Interest on Securities; 194:194- Dividends; 94A:194A- Interest other than 'Interest on securities'; 94B:194B- Winning from lottery or crossword puzzle; 94BA:194BA- Winnings from online games; 4BB:194BB- Winning from horse race; 94C:194C- Payments to contractors and sub-contractors; 94D:194D- Insurance commission; 4DA:194DA- Payment in respect of life insurance policy; 94E:194E- Payments to non-resident sportsmen or sports associations; 4EE:194EE- Payments in respect of deposits under National Savings; 4F:194F/94F- Payments on account of repurchase of units by Mutual Fund or Unit Trust of India; 4G:194G/94G- Commission, price, etc. on sale of lottery tickets; 4H:194H/94H- Commission or brokerage; 4-IA:194I(a)/4IA- Rent on hiring of plant and machinery; 4-IB:194I(b)/4IB - Rent on other than plant and machinery; 4IA:194IA/9IA- TDS on Sale of immovable property; 4IB:194IB/9IB- Payment of rent by certain individuals or Hindu undivided; 4IC:194IC- Payment under specified agreement; 94J-A:194J(a)/4JA - Fees for technical services; 94J-B:194J(b)/4JB- Fees for professional services or royalty etc; 94K:194K- Income payable to a resident assessee in respect of units of a specified mutual fund or of the units of the Unit Trust of India; 4LA:194LA- Payment of compensation on acquisition of certain immovable; 4LB:194LB- Income by way of Interest from Infrastructure Debt fund; 4LC1:194LC/LC1- 194LC (2)(i) and (ia) Income under clause (i) and (ia) of sub-section (2) of section 194LC; 4LC2:194LC/LC2- 194LC (2)(ib) Income under clause (ib) of sub-section (2) of section 194LC; 4LC3:194LC/LC3- 194LC (2)(ic) Income under clause (ic) of sub-section (2) of section 194LC; 4BA1:194LBA(a)/BA1- Certain income in the form of interest from units of a business trust to a resident unit holder; 4BA2: 194LBA(b)/BA2- Certain income in the form of dividend from units of a business trust to a resident unit holder; LBA1:194LBA(a)/BA1- 194LBA(a) income referred to in section 10(23FC)(a) from units of a business trust-NR; LBA2:194LBA(b)/BA2-194LBA(b) Income referred to in section 10(23FC)(b) from units of a business trust-NR; LBA3:194LBA(c)/BA3- 194LBA(c) Income referred to in section 10(23FCA) from units of a business trust-NR; LBB: 194LBB- Income in respect of units of investment fund; 94R:194R- Benefits or perquisites of business or profession; 94S:194S- Payment of consideration for transfer of virtual digital asset by persons other than specified persons; 94B-P:Proviso to section 194B/4BP- Winnings from lotteries and crossword puzzles where consideration is made in kind or cash is not sufficient to meet the tax liability and tax has been paid before such winnings are released; 94R-P: First Proviso to sub-section(1) of section 194R/4RP- Benefits or perquisites of business or profession where such benefit is provided in kind or where part in cash is not sufficient to meet tax liability and tax required to be deducted is paid before such benefit is released; 94S-P:Proviso to sub- section(1) of section 194S/4SP- Payment for transfer of virtual digital asset where payment is in kind or in exchange of another virtual digital asset and tax required to be deducted is paid before such payment is released; LBC:194LBC- Income in respect of investment in securitization trust; 4LD:194LD- TDS on interest on bonds / government securities; 94M:194M- Payment of certain sums by certain individuals or HUF; 94N:194N- Payment of certain amounts in cash other than cases covered by first proviso or third proviso; 94N-F: 194N/4NF -First Proviso Payment of certain amounts in cash to non-filers except in case of co-operativesocieties; 94N-C:194N/4NC- Third Proviso Payment of certain amounts in cash to co-operative societies not covered by first proviso; 94N-FT: 194N/NFT- First Proviso read with Third Proviso Payment of certain amount in cash to non-filers being co-operative societies; 94O:194O- Payment of certain sums by e-commerce operator to e-commerce participant.; 94P: 194P- Deduction of tax in case of specified senior citizen; 94Q:194Q- Deduction of tax at source on payment of certain sum for purchase of goods; 195:195- Other sums payable to a non-resident; 96A:196A- Income in respect of units of non-residents; 96B:196B- Payments in respect of units to an offshore fund; 96C:196C- Income from foreign currency bonds or shares of Indian; 96D:196D- Income of foreign institutional investors from securities; 96DA:196D(1A)/6DA- Income of specified fund from securities; 94BA-P: 194BA(2)/BAP-Sub-section (2) of section 194BA Net Winnings from online games where the net winnings are made in kind or cash is not sufficient to meet the tax liability and tax has been paid before such net winnings are released;
ITR.ITR4.TDSonOthThanSals.TDSonOthThanSalDtls[].TDSClaimed	integer	True	type=integer, minimum=0, maximum=99999999999999, REQUIRED	
ITR.ITR4.TDSonOthThanSals.TDSonOthThanSalDtls[].GrossAmount	integer	False	type=integer, minimum=0, maximum=99999999999999	
ITR.ITR4.TDSonOthThanSals.TDSonOthThanSalDtls[].HeadOfIncome	string	False	type=string, enum=['BP', 'HP', 'OS', 'EI', 'NA']	BP - Income from business and Profession; HP - Income from House Property; OS - Income from Other Source; EI - Exempt Income, NA - Not Applicable
ITR.ITR4.TDSonOthThanSals.TDSonOthThanSalDtls[].TDSCreditCarriedFwd	integer	True	type=integer, minimum=0, maximum=99999999999999, REQUIRED	
ITR.ITR4.TDSonOthThanSals.TotalTDSonOthThanSals	integer	True	type=integer, minimum=0, maximum=99999999999999, REQUIRED	
ITR.ITR4.ScheduleTDS3Dtls.TDS3Details[].PANofTenant	string	True	type=string, pattern=[A-Z]{5}[0-9]{4}[A-Z], REQUIRED	
ITR.ITR4.ScheduleTDS3Dtls.TDS3Details[].AadhaarofTenant	string	False	type=string, pattern=[0-9]{12}	
ITR.ITR4.ScheduleTDS3Dtls.TDS3Details[].DeductedYr	string	False	type=string, pattern=|(\s*([\w\d_=!@#$%\^*\(\){}\[\]\|\\:;',\.\?/~`\-\+<>&"][\s\w\d_=!@#$%\^*\(\){}\[\]\|\\:;',\.\?/~`\-\+<>&"]*)\s*), enum=['2023', '2022', '2021', '2020', '2019', '2018', '2017']	
ITR.ITR4.ScheduleTDS3Dtls.TDS3Details[].BroughtFwdTDSAmt	integer	False	type=integer, minimum=0, maximum=99999999999999	
ITR.ITR4.ScheduleTDS3Dtls.TDS3Details[].TDSDeducted	integer	False	type=integer, minimum=0, maximum=99999999999999	
ITR.ITR4.ScheduleTDS3Dtls.TDS3Details[].TDSSection	string	True	type=string, pattern=|(\s*([\w\d_=!@#$%\^*\(\){}\[\]\|\\:;',\.\?/~`\-\+<>&"][\s\w\d_=!@#$%\^*\(\){}\[\]\|\\:;',\.\?/~`\-\+<>&"]*)\s*), enum=['92A', '92B', '92C', '192A', '193', '194', '94A', '94B', '94BA', '4BB', '94C', '94D', '4DA', '94E', '4EE', '4F', '4G', '4H', '4-IA', '4-IB', '4IA', '4IB', '4IC…], REQUIRED	92A:192- Salary-Payment to Government employees other than Indian Government employees; 92B:192- Salary-Payment to employees other than Government employees; 92C:192- Salary-Payment to Indian Government employees; 192A:192A/2AA- TDS on PF withdrawal; 193:193- Interest on Securities; 194:194- Dividends; 94A:194A- Interest other than 'Interest on securities'; 94B:194B- Winning from lottery or crossword puzzle; 94BA:194BA- Winnings from online games; 4BB:194BB- Winning from horse race; 94C:194C- Payments to contractors and sub-contractors; 94D:194D- Insurance commission; 4DA:194DA- Payment in respect of life insurance policy; 94E:194E- Payments to non-resident sportsmen or sports associations; 4EE:194EE- Payments in respect of deposits under National Savings; 4F:194F/94F- Payments on account of repurchase of units by Mutual Fund or Unit Trust of India; 4G:194G/94G- Commission, price, etc. on sale of lottery tickets; 4H:194H/94H- Commission or brokerage; 4-IA:194I(a)/4IA- Rent on hiring of plant and machinery; 4-IB:194I(b)/4IB - Rent on other than plant and machinery; 4IA:194IA/9IA- TDS on Sale of immovable property; 4IB:194IB/9IB- Payment of rent by certain individuals or Hindu undivided; 4IC:194IC- Payment under specified agreement; 94J-A:194J(a)/4JA - Fees for technical services; 94J-B:194J(b)/4JB- Fees for professional services or royalty etc; 94K:194K- Income payable to a resident assessee in respect of units of a specified mutual fund or of the units of the Unit Trust of India; 4LA:194LA- Payment of compensation on acquisition of certain immovable; 4LB:194LB- Income by way of Interest from Infrastructure Debt fund; 4LC1:194LC/LC1- 194LC (2)(i) and (ia) Income under clause (i) and (ia) of sub-section (2) of section 194LC; 4LC2:194LC/LC2- 194LC (2)(ib) Income under clause (ib) of sub-section (2) of section 194LC; 4LC3:194LC/LC3- 194LC (2)(ic) Income under clause (ic) of sub-section (2) of section 194LC; 4BA1:194LBA(a)/BA1- Certain income in the form of interest from units of a business trust to a resident unit holder; 4BA2: 194LBA(b)/BA2- Certain income in the form of dividend from units of a business trust to a resident unit holder; LBA1:194LBA(a)/BA1- 194LBA(a) income referred to in section 10(23FC)(a) from units of a business trust-NR; LBA2:194LBA(b)/BA2-194LBA(b) Income referred to in section 10(23FC)(b) from units of a business trust-NR; LBA3:194LBA(c)/BA3- 194LBA(c) Income referred to in section 10(23FCA) from units of a business trust-NR; LBB: 194LBB- Income in respect of units of investment fund; 94R:194R- Benefits or perquisites of business or profession; 94S:194S- Payment of consideration for transfer of virtual digital asset by persons other than specified persons; 94B-P:Proviso to section 194B/4BP- Winnings from lotteries and crossword puzzles where consideration is made in kind or cash is not sufficient to meet the tax liability and tax has been paid before such winnings are released; 94R-P: First Proviso to sub-section(1) of section 194R/4RP- Benefits or perquisites of business or profession where such benefit is provided in kind or where part in cash is not sufficient to meet tax liability and tax required to be deducted is paid before such benefit is released; 94S-P:Proviso to sub- section(1) of section 194S/4SP- Payment for transfer of virtual digital asset where payment is in kind or in exchange of another virtual digital asset and tax required to be deducted is paid before such payment is released; LBC:194LBC- Income in respect of investment in securitization trust; 4LD:194LD- TDS on interest on bonds / government securities; 94M:194M- Payment of certain sums by certain individuals or HUF; 94N:194N- Payment of certain amounts in cash other than cases covered by first proviso or third proviso; 94N-F: 194N/4NF -First Proviso Payment of certain amounts in cash to non-filers except in case of co-operativesocieties; 94N-C:194N/4NC- Third Proviso Payment of certain amounts in cash to co-operative societies not covered by first proviso; 94N-FT: 194N/NFT- First Proviso read with Third Proviso Payment of certain amount in cash to non-filers being co-operative societies; 94O:194O- Payment of certain sums by e-commerce operator to e-commerce participant.; 94P: 194P- Deduction of tax in case of specified senior citizen; 94Q:194Q- Deduction of tax at source on payment of certain sum for purchase of goods; 195:195- Other sums payable to a non-resident; 96A:196A- Income in respect of units of non-residents; 96B:196B- Payments in respect of units to an offshore fund; 96C:196C- Income from foreign currency bonds or shares of Indian; 96D:196D- Income of foreign institutional investors from securities; 96DA:196D(1A)/6DA- Income of specified fund from securities; 94BA-P: 194BA(2)/BAP-Sub-section (2) of section 194BA Net Winnings from online games where the net winnings are made in kind or cash is not sufficient to meet the tax liability and tax has been paid before such net winnings are released;
ITR.ITR4.ScheduleTDS3Dtls.TDS3Details[].TDSClaimed	integer	True	type=integer, minimum=0, maximum=99999999999999, REQUIRED	
ITR.ITR4.ScheduleTDS3Dtls.TDS3Details[].GrossAmount	integer	False	type=integer, minimum=0, maximum=99999999999999	
ITR.ITR4.ScheduleTDS3Dtls.TDS3Details[].HeadOfIncome	string	False	type=string, enum=['HP', 'BP', 'OS', 'EI']	HP - Income from House Property; BP - Income from Business & Profession; OS - Income from Other Sources; EI - Exempt Income
ITR.ITR4.ScheduleTDS3Dtls.TDS3Details[].TDSCreditCarriedFwd	integer	True	type=integer, minimum=0, maximum=99999999999999, REQUIRED	
ITR.ITR4.ScheduleTDS3Dtls.TotalTDS3Details	integer	True	type=integer, minimum=0, maximum=99999999999999, REQUIRED	
